,date,open,high,low,close,volume,oi
0,2022-04-29 09:15:00+05:30,29.35,29.35,29.35,29.35,0,0
1,2022-04-29 09:18:00+05:30,29.3,29.3,29.3,29.3,0,2600
2,2022-04-29 09:19:00+05:30,29.3,41.4,29.3,29.4,300,2600
3,2022-04-29 09:20:00+05:30,29.4,29.4,29.4,29.4,0,2600
4,2022-04-29 09:21:00+05:30,29.4,29.4,29.4,29.4,0,2600
5,2022-04-29 09:22:00+05:30,29.4,29.4,29.4,29.4,0,2600
6,2022-04-29 09:23:00+05:30,29.4,29.4,29.4,29.4,0,2600
7,2022-04-29 09:24:00+05:30,29.4,29.4,29.4,29.4,0,2600
8,2022-04-29 09:25:00+05:30,29.4,29.4,29.4,29.4,0,2600
9,2022-04-29 09:26:00+05:30,29.4,29.4,29.4,29.4,0,2600
10,2022-04-29 09:28:00+05:30,29.4,29.4,29.4,29.4,0,2600
11,2022-04-29 09:29:00+05:30,29.4,29.4,29.4,29.4,0,2600
12,2022-04-29 09:30:00+05:30,29.4,29.4,29.4,29.4,0,2600
13,2022-04-29 09:31:00+05:30,29.4,29.4,29.4,29.4,0,2600
14,2022-04-29 09:32:00+05:30,29.4,29.4,29.4,29.4,0,2600
15,2022-04-29 09:33:00+05:30,29.4,29.4,29.4,29.4,0,2600
16,2022-04-29 09:34:00+05:30,29.4,29.4,29.4,29.4,0,2600
17,2022-04-29 09:35:00+05:30,29.4,29.4,29.4,29.4,0,2600
18,2022-04-29 09:36:00+05:30,29.4,29.4,29.4,29.4,0,2600
19,2022-04-29 09:37:00+05:30,29.4,29.4,29.4,29.4,0,2600
20,2022-04-29 09:38:00+05:30,29.4,29.4,29.4,29.4,0,2600
21,2022-04-29 09:39:00+05:30,29.4,29.4,29.4,29.4,0,2600
22,2022-04-29 09:40:00+05:30,29.4,29.4,29.4,29.4,0,2600
23,2022-04-29 09:42:00+05:30,29.4,29.4,29.4,29.4,0,2600
24,2022-04-29 09:43:00+05:30,29.4,29.4,29.4,29.4,0,2600
25,2022-04-29 09:44:00+05:30,29.4,29.4,29.4,29.4,0,2600
26,2022-04-29 09:45:00+05:30,29.05,29.4,22.05,29.05,950,2650
27,2022-04-29 09:46:00+05:30,29.05,29.05,29.05,29.05,0,2650
28,2022-04-29 09:47:00+05:30,29.05,29.05,29.05,29.05,0,2650
29,2022-04-29 09:48:00+05:30,29.05,30.65,29.05,30.65,100,2750
30,2022-04-29 09:49:00+05:30,30.65,31.25,30.65,31.25,50,2750
31,2022-04-29 09:50:00+05:30,31.25,31.25,31.25,31.25,0,2750
32,2022-04-29 09:51:00+05:30,31.25,33.15,31.25,33.15,50,2750
33,2022-04-29 09:52:00+05:30,33.15,33.15,33.15,33.15,0,2750
34,2022-04-29 09:53:00+05:30,33.15,33.15,33.15,33.15,0,2750
35,2022-04-29 09:54:00+05:30,33.15,33.15,33.15,33.15,0,2750
36,2022-04-29 09:55:00+05:30,33.15,33.15,33.15,33.15,0,2750
37,2022-04-29 09:56:00+05:30,33.15,33.15,33.15,33.15,0,2750
38,2022-04-29 09:57:00+05:30,33.15,33.15,33.15,33.15,0,2750
39,2022-04-29 09:58:00+05:30,33.15,33.15,33.15,33.15,0,2750
40,2022-04-29 09:59:00+05:30,33.15,33.15,31.85,31.85,100,2750
41,2022-04-29 10:00:00+05:30,31.85,32.8,31.85,32.8,500,2750
42,2022-04-29 10:01:00+05:30,32.8,32.8,32.8,32.8,0,2750
43,2022-04-29 10:02:00+05:30,32.8,32.85,32.8,32.85,50,3200
44,2022-04-29 10:03:00+05:30,32.85,32.85,32.0,32.0,500,3200
45,2022-04-29 10:04:00+05:30,32.0,32.0,32.0,32.0,0,3200
46,2022-04-29 10:05:00+05:30,32.0,32.0,32.0,32.0,0,3200
47,2022-04-29 10:06:00+05:30,32.0,32.0,31.55,31.55,0,3100
48,2022-04-29 10:07:00+05:30,31.55,31.55,31.55,31.55,50,3100
49,2022-04-29 10:08:00+05:30,31.55,31.55,31.55,31.55,0,3100
50,2022-04-29 10:09:00+05:30,31.55,31.55,31.55,31.55,0,3100
51,2022-04-29 10:10:00+05:30,31.55,31.55,31.55,31.55,0,3100
52,2022-04-29 10:11:00+05:30,31.55,31.55,31.55,31.55,0,3100
53,2022-04-29 10:12:00+05:30,31.55,31.55,31.55,31.55,0,3100
54,2022-04-29 10:13:00+05:30,31.55,31.55,31.55,31.55,0,3100
55,2022-04-29 10:14:00+05:30,31.55,31.55,31.55,31.55,50,3150
56,2022-04-29 10:15:00+05:30,31.55,31.55,31.55,31.55,0,3150
57,2022-04-29 10:16:00+05:30,31.55,31.55,31.55,31.55,0,3150
58,2022-04-29 10:17:00+05:30,31.55,31.55,31.55,31.55,0,3150
59,2022-04-29 10:18:00+05:30,31.55,31.55,31.55,31.55,0,3150
60,2022-04-29 10:19:00+05:30,31.55,31.55,31.55,31.55,0,3150
61,2022-04-29 10:20:00+05:30,31.55,31.55,31.55,31.55,0,3150
62,2022-04-29 10:21:00+05:30,31.55,31.55,31.55,31.55,0,3150
63,2022-04-29 10:22:00+05:30,31.55,31.55,31.55,31.55,0,3150
64,2022-04-29 10:23:00+05:30,31.55,31.55,31.55,31.55,0,3150
65,2022-04-29 10:24:00+05:30,31.55,31.55,29.85,29.85,50,3200
66,2022-04-29 10:25:00+05:30,29.85,29.85,29.85,29.85,0,3200
67,2022-04-29 10:26:00+05:30,29.85,29.85,29.85,29.85,0,3200
68,2022-04-29 10:27:00+05:30,29.85,29.85,29.85,29.85,0,3200
69,2022-04-29 10:28:00+05:30,29.85,29.85,29.85,29.85,0,3200
70,2022-04-29 10:29:00+05:30,29.85,29.85,29.85,29.85,0,3200
71,2022-04-29 10:30:00+05:30,29.85,29.85,29.85,29.85,0,3200
72,2022-04-29 10:31:00+05:30,29.85,29.85,29.85,29.85,0,3200
73,2022-04-29 10:32:00+05:30,29.85,29.85,29.85,29.85,0,3200
74,2022-04-29 10:33:00+05:30,29.85,29.85,29.85,29.85,0,3200
75,2022-04-29 10:34:00+05:30,29.85,29.85,29.85,29.85,0,3200
76,2022-04-29 10:35:00+05:30,29.85,29.85,29.85,29.85,0,3200
77,2022-04-29 10:36:00+05:30,29.85,29.85,29.85,29.85,0,3200
78,2022-04-29 10:37:00+05:30,29.85,29.85,29.85,29.85,0,3200
79,2022-04-29 10:38:00+05:30,29.85,29.85,29.85,29.85,0,3200
80,2022-04-29 10:39:00+05:30,29.85,29.85,29.85,29.85,0,3200
81,2022-04-29 10:40:00+05:30,29.85,29.85,29.85,29.85,0,3200
82,2022-04-29 10:41:00+05:30,29.85,29.85,29.85,29.85,0,3200
83,2022-04-29 10:42:00+05:30,29.85,29.85,29.85,29.85,0,3200
84,2022-04-29 10:43:00+05:30,29.85,29.85,29.85,29.85,0,3200
85,2022-04-29 10:44:00+05:30,29.85,29.85,29.85,29.85,0,3200
86,2022-04-29 10:45:00+05:30,29.85,29.85,29.85,29.85,0,3200
87,2022-04-29 10:46:00+05:30,29.85,29.85,29.85,29.85,0,3200
88,2022-04-29 10:47:00+05:30,29.85,29.85,29.85,29.85,0,3200
89,2022-04-29 10:48:00+05:30,29.85,29.85,29.85,29.85,0,3200
90,2022-04-29 10:49:00+05:30,29.85,29.85,29.85,29.85,0,3200
91,2022-04-29 10:50:00+05:30,29.85,29.85,29.85,29.85,0,3200
92,2022-04-29 10:51:00+05:30,29.85,29.85,29.85,29.85,0,3200
93,2022-04-29 10:52:00+05:30,29.85,29.85,29.85,29.85,0,3200
94,2022-04-29 10:53:00+05:30,29.85,29.85,29.85,29.85,0,3200
95,2022-04-29 10:54:00+05:30,29.85,29.85,29.85,29.85,0,3200
96,2022-04-29 10:55:00+05:30,29.85,29.85,29.85,29.85,0,3200
97,2022-04-29 10:56:00+05:30,29.85,29.85,29.85,29.85,0,3200
98,2022-04-29 10:57:00+05:30,29.85,29.85,29.85,29.85,0,3200
99,2022-04-29 10:58:00+05:30,29.85,29.85,29.85,29.85,0,3200
100,2022-04-29 10:59:00+05:30,29.85,29.85,29.85,29.85,0,3200
101,2022-04-29 11:00:00+05:30,29.85,29.85,29.85,29.85,0,3200
102,2022-04-29 11:01:00+05:30,29.85,29.85,29.85,29.85,0,3200
103,2022-04-29 11:02:00+05:30,29.85,29.85,27.9,28.55,600,3150
104,2022-04-29 11:03:00+05:30,28.55,28.55,28.55,28.55,0,3150
105,2022-04-29 11:04:00+05:30,28.55,28.55,28.55,28.55,0,3150
106,2022-04-29 11:05:00+05:30,28.55,28.55,28.55,28.55,0,3150
107,2022-04-29 11:06:00+05:30,28.55,28.55,28.55,28.55,0,3150
108,2022-04-29 11:07:00+05:30,28.55,28.55,28.55,28.55,0,3150
109,2022-04-29 11:08:00+05:30,28.55,28.55,28.55,28.55,0,3150
110,2022-04-29 11:09:00+05:30,28.55,28.55,28.55,28.55,0,3150
111,2022-04-29 11:10:00+05:30,28.55,28.55,28.55,28.55,0,3150
112,2022-04-29 11:11:00+05:30,28.55,28.55,28.55,28.55,0,3150
113,2022-04-29 11:12:00+05:30,28.55,28.55,26.95,26.95,100,2650
114,2022-04-29 11:13:00+05:30,26.95,26.95,26.95,26.95,0,2650
115,2022-04-29 11:14:00+05:30,26.95,26.95,26.95,26.95,0,2650
116,2022-04-29 11:15:00+05:30,26.95,27.2,26.95,27.2,250,2750
117,2022-04-29 11:16:00+05:30,27.2,27.2,27.2,27.2,0,2750
118,2022-04-29 11:17:00+05:30,27.2,27.2,27.2,27.2,0,2750
119,2022-04-29 11:18:00+05:30,27.2,27.2,27.2,27.2,0,2750
120,2022-04-29 11:19:00+05:30,27.2,27.2,27.2,27.2,0,2750
121,2022-04-29 11:20:00+05:30,27.2,27.2,27.2,27.2,0,2750
122,2022-04-29 11:21:00+05:30,27.2,27.2,27.2,27.2,0,2750
123,2022-04-29 11:22:00+05:30,27.2,27.2,27.2,27.2,0,2750
124,2022-04-29 11:23:00+05:30,27.2,27.2,27.2,27.2,0,2750
125,2022-04-29 11:24:00+05:30,27.2,27.2,26.55,26.55,100,2950
126,2022-04-29 11:25:00+05:30,26.55,26.55,26.55,26.55,0,2950
127,2022-04-29 11:26:00+05:30,26.55,26.55,26.55,26.55,0,2950
128,2022-04-29 11:27:00+05:30,26.55,26.55,26.55,26.55,0,2950
129,2022-04-29 11:28:00+05:30,26.55,26.55,26.55,26.55,0,2950
130,2022-04-29 11:29:00+05:30,26.55,26.55,26.55,26.55,0,2950
131,2022-04-29 11:30:00+05:30,26.55,26.65,26.55,26.65,150,2850
132,2022-04-29 11:31:00+05:30,26.65,26.65,26.65,26.65,0,2850
133,2022-04-29 11:32:00+05:30,26.65,26.65,26.65,26.65,0,2850
134,2022-04-29 11:33:00+05:30,26.65,26.65,26.65,26.65,0,2850
135,2022-04-29 11:34:00+05:30,26.65,26.65,25.85,25.85,100,2750
136,2022-04-29 11:35:00+05:30,25.85,25.85,25.85,25.85,0,2750
137,2022-04-29 11:36:00+05:30,25.85,26.0,25.85,26.0,150,2700
138,2022-04-29 11:37:00+05:30,26.0,26.0,26.0,26.0,0,2700
139,2022-04-29 11:38:00+05:30,26.0,26.0,26.0,26.0,0,2700
140,2022-04-29 11:39:00+05:30,26.0,26.0,26.0,26.0,0,2700
141,2022-04-29 11:40:00+05:30,26.0,26.0,26.0,26.0,0,2700
142,2022-04-29 11:41:00+05:30,26.0,26.0,26.0,26.0,0,2700
143,2022-04-29 11:42:00+05:30,26.0,26.0,26.0,26.0,0,2700
144,2022-04-29 11:43:00+05:30,26.0,26.45,26.0,26.45,200,2700
145,2022-04-29 11:44:00+05:30,26.45,26.45,26.45,26.45,0,2700
146,2022-04-29 11:45:00+05:30,26.45,26.45,26.45,26.45,0,2700
147,2022-04-29 11:46:00+05:30,26.45,26.45,26.45,26.45,0,2700
148,2022-04-29 11:47:00+05:30,26.45,26.45,26.45,26.45,0,2700
149,2022-04-29 11:48:00+05:30,26.45,26.8,26.45,26.8,50,2700
150,2022-04-29 11:49:00+05:30,26.8,26.8,26.8,26.8,0,2700
151,2022-04-29 11:50:00+05:30,26.8,26.8,26.8,26.8,0,2700
152,2022-04-29 11:51:00+05:30,26.8,26.8,26.8,26.8,0,2700
153,2022-04-29 11:52:00+05:30,26.8,26.8,26.8,26.8,0,2700
154,2022-04-29 11:53:00+05:30,26.8,26.8,26.8,26.8,0,2700
155,2022-04-29 11:54:00+05:30,26.8,26.8,26.8,26.8,0,2700
156,2022-04-29 11:55:00+05:30,26.8,26.8,26.8,26.8,0,2700
157,2022-04-29 11:56:00+05:30,26.8,26.8,26.8,26.8,0,2700
158,2022-04-29 11:57:00+05:30,26.8,26.8,26.8,26.8,0,2700
159,2022-04-29 11:58:00+05:30,26.8,26.8,26.05,26.05,0,2700
160,2022-04-29 11:59:00+05:30,26.05,26.05,26.05,26.05,150,2700
161,2022-04-29 12:00:00+05:30,26.05,26.05,26.05,26.05,0,2700
162,2022-04-29 12:01:00+05:30,26.05,26.05,26.05,26.05,0,2700
163,2022-04-29 12:02:00+05:30,26.05,26.05,26.05,26.05,0,2700
164,2022-04-29 12:03:00+05:30,26.05,26.05,26.05,26.05,0,2700
165,2022-04-29 12:04:00+05:30,26.05,26.05,26.05,26.05,0,2700
166,2022-04-29 12:05:00+05:30,26.05,26.05,26.05,26.05,0,2700
167,2022-04-29 12:06:00+05:30,26.05,26.05,26.05,26.05,0,2700
168,2022-04-29 12:07:00+05:30,26.05,26.05,26.05,26.05,0,2700
169,2022-04-29 12:08:00+05:30,26.05,26.05,26.05,26.05,0,2700
170,2022-04-29 12:09:00+05:30,26.05,26.05,26.05,26.05,0,2700
171,2022-04-29 12:10:00+05:30,26.05,26.05,26.05,26.05,0,2700
172,2022-04-29 12:11:00+05:30,26.05,26.05,26.05,26.05,0,2700
173,2022-04-29 12:12:00+05:30,26.05,26.05,26.05,26.05,0,2700
174,2022-04-29 12:13:00+05:30,26.05,26.05,26.05,26.05,0,2700
175,2022-04-29 12:14:00+05:30,26.05,26.05,26.05,26.05,0,2700
176,2022-04-29 12:15:00+05:30,26.05,26.05,26.05,26.05,0,2700
177,2022-04-29 12:16:00+05:30,26.05,26.05,25.7,25.7,200,2700
178,2022-04-29 12:17:00+05:30,25.7,25.7,25.7,25.7,0,2700
179,2022-04-29 12:18:00+05:30,25.7,25.7,25.7,25.7,0,2700
180,2022-04-29 12:19:00+05:30,25.7,25.7,25.7,25.7,0,2700
181,2022-04-29 12:20:00+05:30,25.7,25.7,25.7,25.7,0,2700
182,2022-04-29 12:21:00+05:30,25.7,25.7,25.7,25.7,0,2700
183,2022-04-29 12:22:00+05:30,25.7,25.7,25.7,25.7,0,2700
184,2022-04-29 12:23:00+05:30,25.7,25.7,25.7,25.7,0,2700
185,2022-04-29 12:24:00+05:30,25.7,25.7,25.7,25.7,0,2700
186,2022-04-29 12:25:00+05:30,25.7,25.7,25.7,25.7,0,2700
187,2022-04-29 12:26:00+05:30,25.7,25.7,25.7,25.7,0,2700
188,2022-04-29 12:27:00+05:30,25.7,25.7,25.7,25.7,0,2700
189,2022-04-29 12:28:00+05:30,25.7,25.7,25.7,25.7,0,2700
190,2022-04-29 12:29:00+05:30,25.7,25.7,25.7,25.7,0,2700
191,2022-04-29 12:30:00+05:30,25.7,25.7,25.7,25.7,0,2700
192,2022-04-29 12:31:00+05:30,25.7,25.7,25.7,25.7,0,2700
193,2022-04-29 12:32:00+05:30,25.7,25.7,25.7,25.7,0,2700
194,2022-04-29 12:33:00+05:30,25.7,25.7,25.7,25.7,0,2700
195,2022-04-29 12:34:00+05:30,25.7,25.7,25.7,25.7,0,2700
196,2022-04-29 12:35:00+05:30,25.7,25.7,25.7,25.7,0,2700
197,2022-04-29 12:36:00+05:30,25.7,25.7,25.7,25.7,0,2700
198,2022-04-29 12:37:00+05:30,25.7,25.7,25.7,25.7,0,2700
199,2022-04-29 12:38:00+05:30,25.7,25.7,25.7,25.7,0,2700
200,2022-04-29 12:39:00+05:30,25.7,25.7,25.7,25.7,0,2700
201,2022-04-29 12:40:00+05:30,25.7,25.7,25.7,25.7,0,2700
202,2022-04-29 12:41:00+05:30,25.7,25.7,25.7,25.7,0,2700
203,2022-04-29 12:42:00+05:30,25.7,25.7,25.7,25.7,0,2700
204,2022-04-29 12:43:00+05:30,25.7,25.7,25.7,25.7,0,2700
205,2022-04-29 12:46:00+05:30,25.7,25.7,25.7,25.7,0,2700
206,2022-04-29 12:49:00+05:30,25.7,25.7,25.65,25.65,100,2850
207,2022-04-29 12:50:00+05:30,25.65,25.65,25.65,25.65,0,2850
208,2022-04-29 12:59:00+05:30,25.65,25.65,24.65,24.65,350,2950
209,2022-04-29 13:00:00+05:30,25.1,25.1,25.1,25.1,50,2950
210,2022-04-29 13:01:00+05:30,25.1,25.1,25.1,25.1,0,2950
211,2022-04-29 13:02:00+05:30,25.1,25.1,25.1,25.1,0,2950
212,2022-04-29 13:03:00+05:30,25.1,25.1,25.1,25.1,0,2950
213,2022-04-29 13:04:00+05:30,25.1,25.1,25.1,25.1,0,2950
214,2022-04-29 13:05:00+05:30,25.1,25.1,25.1,25.1,0,2950
215,2022-04-29 13:06:00+05:30,25.1,25.1,25.1,25.1,0,2950
216,2022-04-29 13:07:00+05:30,25.1,25.1,25.1,25.1,0,2950
217,2022-04-29 13:08:00+05:30,25.1,25.1,25.1,25.1,0,2950
218,2022-04-29 13:09:00+05:30,25.1,25.1,25.1,25.1,0,2950
219,2022-04-29 13:10:00+05:30,25.1,25.15,25.1,25.15,50,3200
220,2022-04-29 13:11:00+05:30,25.15,25.15,25.15,25.15,0,3200
221,2022-04-29 13:12:00+05:30,25.15,25.15,25.15,25.15,0,3200
222,2022-04-29 13:13:00+05:30,25.15,25.15,25.15,25.15,0,3200
223,2022-04-29 13:14:00+05:30,25.15,25.15,25.15,25.15,0,3200
224,2022-04-29 13:15:00+05:30,25.15,25.15,25.15,25.15,0,3200
225,2022-04-29 13:16:00+05:30,25.15,25.15,25.15,25.15,0,3200
226,2022-04-29 13:17:00+05:30,25.15,25.15,25.15,25.15,0,3200
227,2022-04-29 13:18:00+05:30,25.15,25.15,25.15,25.15,0,3200
228,2022-04-29 13:19:00+05:30,25.15,25.15,25.15,25.15,0,3200
229,2022-04-29 13:20:00+05:30,25.15,25.15,25.15,25.15,0,3200
230,2022-04-29 13:21:00+05:30,25.15,25.15,25.15,25.15,0,3200
231,2022-04-29 13:22:00+05:30,25.15,25.15,25.15,25.15,0,3200
232,2022-04-29 13:23:00+05:30,25.15,25.15,25.15,25.15,0,3200
233,2022-04-29 13:24:00+05:30,25.15,25.15,25.15,25.15,0,3200
234,2022-04-29 13:25:00+05:30,25.15,25.15,25.15,25.15,0,3200
235,2022-04-29 13:26:00+05:30,25.15,25.15,25.15,25.15,0,3200
236,2022-04-29 13:27:00+05:30,25.15,25.15,25.15,25.15,0,3200
237,2022-04-29 13:28:00+05:30,25.15,25.15,25.15,25.15,0,3200
238,2022-04-29 13:29:00+05:30,25.15,25.15,25.15,25.15,0,3200
239,2022-04-29 13:30:00+05:30,25.15,25.8,25.15,25.8,100,3250
240,2022-04-29 13:31:00+05:30,25.8,25.8,25.8,25.8,0,3250
241,2022-04-29 13:32:00+05:30,25.8,25.8,25.8,25.8,0,3250
242,2022-04-29 13:33:00+05:30,25.8,25.8,25.8,25.8,0,3250
243,2022-04-29 13:34:00+05:30,25.8,25.8,25.8,25.8,0,3250
244,2022-04-29 13:35:00+05:30,25.8,25.8,25.8,25.8,0,3250
245,2022-04-29 13:36:00+05:30,25.8,25.8,25.8,25.8,0,3250
246,2022-04-29 13:37:00+05:30,25.8,25.8,25.8,25.8,0,3250
247,2022-04-29 13:38:00+05:30,25.8,25.8,25.8,25.8,0,3250
248,2022-04-29 13:39:00+05:30,25.8,25.8,25.8,25.8,0,3250
249,2022-04-29 13:40:00+05:30,25.8,25.8,25.8,25.8,0,3250
250,2022-04-29 13:41:00+05:30,25.8,25.8,25.8,25.8,0,3250
251,2022-04-29 13:42:00+05:30,25.8,25.8,25.8,25.8,0,3250
252,2022-04-29 13:43:00+05:30,25.8,25.8,25.8,25.8,0,3250
253,2022-04-29 13:44:00+05:30,25.8,25.8,25.8,25.8,0,3250
254,2022-04-29 13:45:00+05:30,25.8,25.8,25.8,25.8,0,3250
255,2022-04-29 13:46:00+05:30,25.8,25.8,25.8,25.8,0,3250
256,2022-04-29 13:47:00+05:30,25.8,25.8,25.8,25.8,0,3250
257,2022-04-29 13:48:00+05:30,25.8,25.8,25.8,25.8,0,3250
258,2022-04-29 13:49:00+05:30,25.8,25.8,25.8,25.8,0,3250
259,2022-04-29 13:50:00+05:30,25.8,25.8,25.8,25.8,0,3250
260,2022-04-29 13:51:00+05:30,25.8,25.8,25.8,25.8,0,3250
261,2022-04-29 13:52:00+05:30,25.8,25.8,25.8,25.8,0,3250
262,2022-04-29 13:53:00+05:30,25.8,25.8,25.8,25.8,0,3250
263,2022-04-29 13:54:00+05:30,25.8,25.8,25.8,25.8,0,3250
264,2022-04-29 13:55:00+05:30,25.8,25.8,25.8,25.8,0,3250
265,2022-04-29 13:56:00+05:30,25.8,25.8,25.8,25.8,0,3250
266,2022-04-29 13:57:00+05:30,25.8,25.8,25.8,25.8,0,3250
267,2022-04-29 13:58:00+05:30,25.8,25.8,25.8,25.8,0,3250
268,2022-04-29 13:59:00+05:30,25.8,25.8,25.8,25.8,0,3250
269,2022-04-29 14:00:00+05:30,25.8,25.8,25.8,25.8,0,3250
270,2022-04-29 14:01:00+05:30,25.8,25.8,25.8,25.8,0,3250
271,2022-04-29 14:02:00+05:30,25.8,25.8,25.8,25.8,0,3250
272,2022-04-29 14:03:00+05:30,25.8,25.8,25.8,25.8,0,3250
273,2022-04-29 14:05:00+05:30,25.8,25.8,25.8,25.8,0,3250
274,2022-04-29 14:06:00+05:30,25.8,25.8,25.8,25.8,0,3250
275,2022-04-29 14:07:00+05:30,25.8,25.8,25.8,25.8,0,3250
276,2022-04-29 14:08:00+05:30,25.8,28.25,25.8,28.25,100,3250
277,2022-04-29 14:09:00+05:30,28.25,28.25,28.25,28.25,0,3250
278,2022-04-29 14:10:00+05:30,28.25,28.25,28.25,28.25,0,3250
279,2022-04-29 14:11:00+05:30,28.25,28.25,28.25,28.25,0,3250
280,2022-04-29 14:12:00+05:30,28.25,28.25,28.25,28.25,0,3250
281,2022-04-29 14:13:00+05:30,28.25,28.25,28.25,28.25,0,3250
282,2022-04-29 14:14:00+05:30,28.25,28.9,28.25,28.9,150,3250
283,2022-04-29 14:15:00+05:30,28.9,28.9,28.9,28.9,0,3250
284,2022-04-29 14:16:00+05:30,28.9,28.9,28.9,28.9,0,3250
285,2022-04-29 14:17:00+05:30,28.9,28.9,28.9,28.9,0,3250
286,2022-04-29 14:18:00+05:30,28.9,28.9,28.9,28.9,0,3250
287,2022-04-29 14:19:00+05:30,28.9,28.9,28.9,28.9,0,3250
288,2022-04-29 14:20:00+05:30,28.9,30.0,28.9,30.0,250,3300
289,2022-04-29 14:21:00+05:30,30.0,30.45,30.0,30.45,50,3350
290,2022-04-29 14:22:00+05:30,30.45,30.45,30.45,30.45,0,3350
291,2022-04-29 14:23:00+05:30,30.45,30.45,30.45,30.45,0,3350
292,2022-04-29 14:24:00+05:30,30.45,32.2,30.45,32.2,50,3300
293,2022-04-29 14:25:00+05:30,32.2,33.7,32.2,33.7,50,3300
294,2022-04-29 14:26:00+05:30,33.7,34.85,33.7,34.25,150,3300
295,2022-04-29 14:27:00+05:30,35.3,35.3,33.1,33.1,400,3100
296,2022-04-29 14:28:00+05:30,33.1,33.8,32.3,33.25,500,3100
297,2022-04-29 14:29:00+05:30,33.25,33.25,33.25,33.25,0,3100
298,2022-04-29 14:30:00+05:30,33.25,33.25,31.5,31.5,50,3100
299,2022-04-29 14:31:00+05:30,31.5,31.5,31.5,31.5,0,3100
300,2022-04-29 14:32:00+05:30,31.5,31.5,31.5,31.5,0,3100
301,2022-04-29 14:33:00+05:30,31.5,31.5,31.5,31.5,0,3100
302,2022-04-29 14:34:00+05:30,31.5,31.5,30.0,30.0,50,3150
303,2022-04-29 14:35:00+05:30,30.0,30.0,30.0,30.0,0,3150
304,2022-04-29 14:36:00+05:30,30.0,30.0,30.0,30.0,0,3150
305,2022-04-29 14:37:00+05:30,30.0,30.0,30.0,30.0,0,3150
306,2022-04-29 14:38:00+05:30,30.0,30.0,30.0,30.0,0,3150
307,2022-04-29 14:39:00+05:30,30.0,34.05,30.0,34.05,50,3150
308,2022-04-29 14:40:00+05:30,34.05,34.05,32.3,32.3,50,3150
309,2022-04-29 14:41:00+05:30,32.3,32.3,32.3,32.3,0,3150
310,2022-04-29 14:42:00+05:30,32.3,32.3,32.3,32.3,0,3150
311,2022-04-29 14:43:00+05:30,32.3,32.3,32.3,32.3,0,3150
312,2022-04-29 14:44:00+05:30,32.3,32.3,32.3,32.3,0,3150
313,2022-04-29 14:45:00+05:30,32.3,32.3,32.3,32.3,0,3150
314,2022-04-29 14:46:00+05:30,32.3,32.3,32.3,32.3,0,3150
315,2022-04-29 14:47:00+05:30,32.3,32.3,32.3,32.3,0,3150
316,2022-04-29 14:48:00+05:30,32.3,32.3,32.3,32.3,0,3150
317,2022-04-29 14:49:00+05:30,32.3,33.1,30.95,30.95,300,3150
318,2022-04-29 14:50:00+05:30,30.95,30.95,30.95,30.95,0,3150
319,2022-04-29 14:51:00+05:30,30.95,30.95,30.95,30.95,0,3150
320,2022-04-29 14:52:00+05:30,30.95,30.95,30.95,30.95,0,3150
321,2022-04-29 14:53:00+05:30,30.95,31.1,30.95,31.1,300,2950
322,2022-04-29 14:54:00+05:30,31.1,31.1,31.1,31.1,0,2950
323,2022-04-29 14:55:00+05:30,31.1,31.1,31.1,31.1,0,2950
324,2022-04-29 14:56:00+05:30,31.1,31.1,31.1,31.1,0,2950
325,2022-04-29 14:57:00+05:30,31.1,31.6,31.1,31.6,200,3250
326,2022-04-29 14:58:00+05:30,31.6,32.15,31.6,32.15,250,3250
327,2022-04-29 14:59:00+05:30,32.15,32.15,31.35,31.35,0,3250
328,2022-04-29 15:00:00+05:30,31.35,33.0,31.35,33.0,900,3050
329,2022-04-29 15:01:00+05:30,33.0,35.5,33.0,35.0,400,3050
330,2022-04-29 15:02:00+05:30,35.0,35.0,35.0,35.0,0,3050
331,2022-04-29 15:03:00+05:30,35.0,36.55,35.0,36.55,50,3450
332,2022-04-29 15:04:00+05:30,36.55,36.55,36.55,36.55,0,3450
333,2022-04-29 15:05:00+05:30,36.55,37.0,36.55,37.0,100,3450
334,2022-04-29 15:06:00+05:30,37.0,39.2,37.0,39.2,100,3400
335,2022-04-29 15:07:00+05:30,39.2,40.3,39.2,39.95,250,3400
336,2022-04-29 15:08:00+05:30,39.95,40.9,39.95,40.9,50,3400
337,2022-04-29 15:09:00+05:30,40.9,40.9,40.9,40.9,0,3400
338,2022-04-29 15:10:00+05:30,40.9,42.4,40.9,42.4,100,3200
339,2022-04-29 15:11:00+05:30,42.4,42.4,42.4,42.4,0,3200
340,2022-04-29 15:12:00+05:30,42.4,43.3,42.4,42.6,100,3150
341,2022-04-29 15:13:00+05:30,42.6,42.6,40.4,40.4,50,3150
342,2022-04-29 15:14:00+05:30,40.4,40.4,40.4,40.4,0,3150
343,2022-04-29 15:15:00+05:30,40.4,40.4,40.4,40.4,0,3150
344,2022-04-29 15:16:00+05:30,40.4,40.4,40.4,40.4,0,3150
345,2022-04-29 15:17:00+05:30,40.4,40.4,40.4,40.4,0,3150
346,2022-04-29 15:18:00+05:30,40.4,40.4,40.4,40.4,0,3150
347,2022-04-29 15:19:00+05:30,40.4,40.4,40.4,40.4,0,3150
348,2022-04-29 15:20:00+05:30,40.4,40.4,40.4,40.4,0,3150
349,2022-04-29 15:21:00+05:30,40.4,44.25,40.4,41.55,500,3200
350,2022-04-29 15:22:00+05:30,41.55,42.05,41.45,41.45,250,3200
351,2022-04-29 15:23:00+05:30,41.45,42.4,41.45,42.4,500,3200
352,2022-04-29 15:24:00+05:30,42.4,42.4,41.7,41.95,150,3100
353,2022-04-29 15:25:00+05:30,42.0,42.0,41.95,42.0,150,3100
354,2022-04-29 15:26:00+05:30,42.0,42.85,42.0,42.85,0,3100
355,2022-04-29 15:27:00+05:30,42.85,42.85,42.85,42.85,100,3100
356,2022-04-29 15:28:00+05:30,42.85,42.85,42.85,42.85,0,3100
357,2022-04-29 15:29:00+05:30,42.85,42.85,42.85,42.85,0,3100
358,2022-05-02 09:15:00+05:30,52.85,52.85,52.85,52.85,0,0
359,2022-05-02 09:19:00+05:30,52.45,52.45,51.85,51.85,100,3100
360,2022-05-02 09:20:00+05:30,51.85,52.55,51.85,52.55,100,3400
361,2022-05-02 09:21:00+05:30,52.55,52.55,52.55,52.55,50,3400
362,2022-05-02 09:22:00+05:30,52.55,52.55,51.0,51.0,250,3400
363,2022-05-02 09:23:00+05:30,51.0,53.4,51.0,53.4,100,3550
364,2022-05-02 09:24:00+05:30,53.4,53.4,53.4,53.4,0,3550
365,2022-05-02 09:25:00+05:30,53.4,53.9,53.4,53.9,100,3550
366,2022-05-02 09:26:00+05:30,51.75,51.75,51.75,51.75,150,3550
367,2022-05-02 09:27:00+05:30,51.75,51.75,51.75,51.75,0,3550
368,2022-05-02 09:28:00+05:30,51.75,53.65,51.75,53.65,1000,3800
369,2022-05-02 09:29:00+05:30,53.65,53.65,53.65,53.65,0,3800
370,2022-05-02 09:30:00+05:30,53.65,54.05,53.65,54.0,1250,4300
371,2022-05-02 09:31:00+05:30,54.0,54.0,54.0,54.0,0,4300
372,2022-05-02 09:32:00+05:30,54.0,54.0,54.0,54.0,0,4300
373,2022-05-02 09:38:00+05:30,54.0,54.0,54.0,54.0,0,4300
374,2022-05-02 09:39:00+05:30,54.0,54.0,54.0,54.0,0,4300
375,2022-05-02 09:40:00+05:30,54.0,54.0,54.0,54.0,0,4300
376,2022-05-02 09:41:00+05:30,51.05,51.5,51.05,51.5,300,5100
377,2022-05-02 09:42:00+05:30,51.5,51.5,51.5,51.5,0,5100
378,2022-05-02 09:43:00+05:30,51.5,51.5,51.5,51.5,0,5100
379,2022-05-02 09:44:00+05:30,51.5,51.5,51.5,51.5,0,5100
380,2022-05-02 09:45:00+05:30,51.5,51.5,49.75,49.75,100,5350
381,2022-05-02 09:46:00+05:30,49.75,49.75,49.75,49.75,0,5350
382,2022-05-02 09:47:00+05:30,53.35,54.15,52.05,52.5,550,5400
383,2022-05-02 09:48:00+05:30,52.5,52.5,52.5,52.5,0,5400
384,2022-05-02 09:50:00+05:30,52.5,57.95,52.5,53.6,100,5450
385,2022-05-02 09:51:00+05:30,53.6,53.6,53.6,53.6,0,5450
386,2022-05-02 09:52:00+05:30,53.6,53.6,52.45,52.45,100,5450
387,2022-05-02 09:56:00+05:30,52.45,52.45,52.45,52.45,0,5450
388,2022-05-02 09:57:00+05:30,52.45,52.45,52.45,52.45,0,5450
389,2022-05-02 09:59:00+05:30,52.45,52.45,52.45,52.45,0,5450
390,2022-05-02 10:00:00+05:30,52.45,52.45,52.45,52.45,0,5450
391,2022-05-02 10:02:00+05:30,52.45,52.45,52.45,52.45,0,5450
392,2022-05-02 10:03:00+05:30,52.45,52.45,52.45,52.45,50,5500
393,2022-05-02 10:04:00+05:30,52.45,52.45,52.45,52.45,0,5500
394,2022-05-02 10:05:00+05:30,52.45,53.3,52.45,53.3,100,5500
395,2022-05-02 10:07:00+05:30,53.3,53.3,53.3,53.3,0,5500
396,2022-05-02 10:08:00+05:30,53.3,54.0,53.3,54.0,100,5350
397,2022-05-02 10:09:00+05:30,54.0,54.3,53.55,54.3,250,5350
398,2022-05-02 10:10:00+05:30,54.3,54.3,53.95,53.95,100,5350
399,2022-05-02 10:11:00+05:30,53.95,54.65,47.65,54.65,700,5600
400,2022-05-02 10:12:00+05:30,54.65,54.65,54.65,54.65,0,5600
401,2022-05-02 10:13:00+05:30,54.65,54.65,54.4,54.4,50,5600
402,2022-05-02 10:14:00+05:30,54.4,54.4,54.4,54.4,0,5600
403,2022-05-02 10:15:00+05:30,54.25,54.25,54.25,54.25,100,6000
404,2022-05-02 10:16:00+05:30,54.25,54.25,54.25,54.25,0,6000
405,2022-05-02 10:17:00+05:30,54.25,54.25,52.3,52.3,200,6000
406,2022-05-02 10:18:00+05:30,52.3,52.3,52.3,52.3,0,6000
407,2022-05-02 10:19:00+05:30,52.3,52.3,51.7,51.7,100,6000
408,2022-05-02 10:20:00+05:30,51.7,51.7,51.7,51.7,0,6000
409,2022-05-02 10:21:00+05:30,51.75,51.75,51.75,51.75,50,6000
410,2022-05-02 10:22:00+05:30,51.75,51.75,51.75,51.75,0,6000
411,2022-05-02 10:23:00+05:30,51.75,51.75,51.75,51.75,0,6000
412,2022-05-02 10:24:00+05:30,51.75,52.15,51.75,52.15,150,6000
413,2022-05-02 10:25:00+05:30,52.15,52.15,52.15,52.15,0,6000
414,2022-05-02 10:26:00+05:30,52.15,52.15,51.8,51.8,100,6000
415,2022-05-02 10:27:00+05:30,51.8,51.8,51.8,51.8,0,6000
416,2022-05-02 10:28:00+05:30,51.8,52.3,51.8,52.3,100,6000
417,2022-05-02 10:29:00+05:30,52.3,52.3,52.1,52.1,100,6000
418,2022-05-02 10:30:00+05:30,52.1,52.65,52.1,52.65,150,6100
419,2022-05-02 10:31:00+05:30,52.65,52.75,51.95,51.95,1350,6100
420,2022-05-02 10:32:00+05:30,51.95,51.95,51.95,51.95,200,6100
421,2022-05-02 10:33:00+05:30,51.95,51.95,51.95,51.95,0,6100
422,2022-05-02 10:34:00+05:30,51.95,51.95,51.95,51.95,0,6100
423,2022-05-02 10:35:00+05:30,51.95,51.95,50.9,51.65,350,6300
424,2022-05-02 10:36:00+05:30,51.85,51.85,51.85,51.85,50,6100
425,2022-05-02 10:37:00+05:30,51.85,51.85,50.95,51.05,900,6100
426,2022-05-02 10:38:00+05:30,51.05,51.05,50.75,50.75,50,6500
427,2022-05-02 10:39:00+05:30,50.75,50.75,48.8,48.8,700,6500
428,2022-05-02 10:40:00+05:30,48.8,48.8,48.8,48.8,0,6500
429,2022-05-02 10:41:00+05:30,48.8,49.25,48.8,49.25,150,6850
430,2022-05-02 10:42:00+05:30,49.25,49.25,48.95,48.95,300,6850
431,2022-05-02 10:43:00+05:30,48.95,49.35,48.95,49.35,100,6850
432,2022-05-02 10:44:00+05:30,49.35,49.35,48.7,48.7,50,6850
433,2022-05-02 10:45:00+05:30,48.7,49.25,48.7,49.25,100,7150
434,2022-05-02 10:46:00+05:30,49.3,49.35,49.3,49.35,150,7150
435,2022-05-02 10:47:00+05:30,49.35,49.35,49.35,49.35,0,7150
436,2022-05-02 10:48:00+05:30,49.35,49.35,49.35,49.35,0,7150
437,2022-05-02 10:49:00+05:30,49.35,50.25,49.35,50.25,50,7300
438,2022-05-02 10:50:00+05:30,50.25,50.25,50.25,50.25,0,7300
439,2022-05-02 10:51:00+05:30,50.25,50.25,50.25,50.25,0,7300
440,2022-05-02 10:52:00+05:30,50.25,50.25,50.25,50.25,0,7300
441,2022-05-02 10:53:00+05:30,50.25,50.25,50.25,50.25,0,7300
442,2022-05-02 10:54:00+05:30,50.25,52.55,50.25,52.55,150,7350
443,2022-05-02 10:55:00+05:30,52.55,52.55,52.55,52.55,0,7350
444,2022-05-02 10:56:00+05:30,52.55,52.8,52.55,52.8,100,7300
445,2022-05-02 10:57:00+05:30,52.8,52.8,52.8,52.8,0,7300
446,2022-05-02 10:58:00+05:30,52.8,52.8,52.8,52.8,0,7300
447,2022-05-02 10:59:00+05:30,52.8,52.8,52.8,52.8,0,7300
448,2022-05-02 11:00:00+05:30,52.8,52.8,52.8,52.8,0,7300
449,2022-05-02 11:01:00+05:30,52.8,54.4,52.8,54.05,200,7400
450,2022-05-02 11:02:00+05:30,54.05,54.05,54.05,54.05,0,7400
451,2022-05-02 11:03:00+05:30,54.05,54.05,52.1,52.1,50,7400
452,2022-05-02 11:04:00+05:30,52.1,52.1,52.1,52.1,0,7400
453,2022-05-02 11:05:00+05:30,52.1,52.5,52.1,52.5,50,7400
454,2022-05-02 11:06:00+05:30,52.5,52.5,51.25,51.25,150,7450
455,2022-05-02 11:07:00+05:30,51.25,52.0,51.25,52.0,100,7450
456,2022-05-02 11:08:00+05:30,52.0,52.0,52.0,52.0,0,7450
457,2022-05-02 11:09:00+05:30,52.0,52.0,52.0,52.0,0,7450
458,2022-05-02 11:10:00+05:30,52.0,52.0,52.0,52.0,0,7450
459,2022-05-02 11:11:00+05:30,52.0,52.0,52.0,52.0,0,7450
460,2022-05-02 11:12:00+05:30,52.0,52.0,52.0,52.0,0,7450
461,2022-05-02 11:13:00+05:30,52.0,52.0,52.0,52.0,50,7550
462,2022-05-02 11:14:00+05:30,52.0,52.0,52.0,52.0,0,7550
463,2022-05-02 11:15:00+05:30,52.0,53.3,52.0,53.3,50,7600
464,2022-05-02 11:16:00+05:30,53.3,53.3,53.3,53.3,0,7600
465,2022-05-02 11:17:00+05:30,53.3,53.3,53.3,53.3,0,7600
466,2022-05-02 11:18:00+05:30,53.3,54.0,53.3,54.0,50,7650
467,2022-05-02 11:19:00+05:30,54.0,54.0,54.0,54.0,0,7650
468,2022-05-02 11:20:00+05:30,54.0,54.0,54.0,54.0,0,7650
469,2022-05-02 11:21:00+05:30,54.0,54.0,54.0,54.0,0,7650
470,2022-05-02 11:22:00+05:30,54.0,54.0,54.0,54.0,0,7650
471,2022-05-02 11:23:00+05:30,54.0,54.0,53.0,53.0,50,7600
472,2022-05-02 11:24:00+05:30,53.0,53.0,53.0,53.0,0,7600
473,2022-05-02 11:25:00+05:30,53.0,53.0,52.9,52.9,50,7600
474,2022-05-02 11:26:00+05:30,52.9,52.9,52.9,52.9,0,7600
475,2022-05-02 11:27:00+05:30,52.9,52.9,52.9,52.9,0,7600
476,2022-05-02 11:28:00+05:30,52.9,52.9,52.9,52.9,0,7600
477,2022-05-02 11:29:00+05:30,52.9,52.9,52.9,52.9,0,7600
478,2022-05-02 11:30:00+05:30,52.9,53.85,52.9,53.85,100,7700
479,2022-05-02 11:31:00+05:30,53.85,53.85,53.85,53.85,0,7700
480,2022-05-02 11:32:00+05:30,53.85,53.85,53.85,53.85,0,7700
481,2022-05-02 11:33:00+05:30,53.85,53.85,52.2,52.2,100,7700
482,2022-05-02 11:34:00+05:30,52.2,52.2,51.05,51.05,100,7700
483,2022-05-02 11:35:00+05:30,51.4,51.4,50.4,50.4,450,7700
484,2022-05-02 11:36:00+05:30,50.4,50.75,50.4,50.75,200,7700
485,2022-05-02 11:37:00+05:30,50.75,50.75,50.75,50.75,0,7700
486,2022-05-02 11:38:00+05:30,50.75,50.75,50.75,50.75,0,7700
487,2022-05-02 11:39:00+05:30,50.75,50.75,50.75,50.75,0,7700
488,2022-05-02 11:40:00+05:30,50.75,50.75,50.75,50.75,0,7700
489,2022-05-02 11:41:00+05:30,50.75,50.75,50.75,50.75,0,7700
490,2022-05-02 11:42:00+05:30,50.75,51.25,50.75,51.25,50,7600
491,2022-05-02 11:43:00+05:30,51.25,51.95,50.75,51.95,150,7600
492,2022-05-02 11:44:00+05:30,51.95,51.95,51.95,51.95,0,7600
493,2022-05-02 11:45:00+05:30,51.95,51.95,51.95,51.95,0,7600
494,2022-05-02 11:46:00+05:30,51.95,52.45,51.95,52.45,100,7650
495,2022-05-02 11:47:00+05:30,52.45,52.45,52.45,52.45,0,7650
496,2022-05-02 11:48:00+05:30,52.45,52.45,52.45,52.45,0,7650
497,2022-05-02 11:49:00+05:30,52.45,52.45,52.45,52.45,0,7650
498,2022-05-02 11:50:00+05:30,52.45,52.45,52.45,52.45,0,7650
499,2022-05-02 11:51:00+05:30,52.45,52.45,52.45,52.45,0,7650
500,2022-05-02 11:52:00+05:30,52.45,52.45,52.45,52.45,0,7650
501,2022-05-02 11:53:00+05:30,52.45,52.45,52.45,52.45,0,7650
502,2022-05-02 11:54:00+05:30,52.45,52.45,52.45,52.45,0,7650
503,2022-05-02 11:55:00+05:30,52.45,52.45,52.45,52.45,0,7650
504,2022-05-02 11:56:00+05:30,52.45,52.45,51.75,51.75,150,7700
505,2022-05-02 11:57:00+05:30,51.75,51.75,51.75,51.75,0,7700
506,2022-05-02 11:58:00+05:30,51.75,51.75,51.75,51.75,0,7700
507,2022-05-02 11:59:00+05:30,51.75,51.75,50.55,50.55,100,7850
508,2022-05-02 12:00:00+05:30,50.55,50.55,50.55,50.55,0,7850
509,2022-05-02 12:01:00+05:30,50.55,50.55,50.55,50.55,0,7850
510,2022-05-02 12:02:00+05:30,50.55,50.55,50.55,50.55,0,7850
511,2022-05-02 12:03:00+05:30,50.55,51.05,50.55,51.05,50,7900
512,2022-05-02 12:04:00+05:30,51.05,51.05,50.7,50.7,100,7900
513,2022-05-02 12:05:00+05:30,50.7,50.7,50.7,50.7,0,7900
514,2022-05-02 12:06:00+05:30,50.7,50.7,50.7,50.7,0,7900
515,2022-05-02 12:07:00+05:30,50.7,50.7,50.7,50.7,0,7900
516,2022-05-02 12:08:00+05:30,50.7,50.7,50.7,50.7,0,7900
517,2022-05-02 12:09:00+05:30,50.7,50.7,48.95,48.95,50,7950
518,2022-05-02 12:10:00+05:30,48.95,49.4,48.95,49.4,150,7950
519,2022-05-02 12:11:00+05:30,49.4,49.75,49.4,49.75,0,7950
520,2022-05-02 12:12:00+05:30,49.75,49.75,49.75,49.75,50,7950
521,2022-05-02 12:13:00+05:30,49.75,49.75,49.75,49.75,0,7950
522,2022-05-02 12:14:00+05:30,49.75,49.75,49.2,49.2,50,8000
523,2022-05-02 12:15:00+05:30,49.2,49.6,49.2,49.6,100,8000
524,2022-05-02 12:16:00+05:30,49.6,49.6,49.6,49.6,0,8000
525,2022-05-02 12:17:00+05:30,49.6,49.6,49.6,49.6,0,8000
526,2022-05-02 12:18:00+05:30,49.6,49.6,49.6,49.6,0,8000
527,2022-05-02 12:19:00+05:30,49.6,49.6,49.6,49.6,0,8000
528,2022-05-02 12:20:00+05:30,49.6,49.6,49.6,49.6,0,8000
529,2022-05-02 12:21:00+05:30,49.6,49.6,49.6,49.6,0,8000
530,2022-05-02 12:22:00+05:30,49.6,49.6,49.6,49.6,0,8000
531,2022-05-02 12:23:00+05:30,49.6,49.6,49.6,49.6,0,8000
532,2022-05-02 12:24:00+05:30,49.6,49.6,49.6,49.6,0,8000
533,2022-05-02 12:25:00+05:30,49.6,49.6,49.2,49.2,100,8050
534,2022-05-02 12:26:00+05:30,49.2,49.2,48.15,48.15,50,8050
535,2022-05-02 12:27:00+05:30,48.15,48.15,46.75,46.75,250,8150
536,2022-05-02 12:28:00+05:30,46.75,46.75,46.75,46.75,0,8150
537,2022-05-02 12:29:00+05:30,46.75,47.45,46.75,47.35,450,8400
538,2022-05-02 12:30:00+05:30,47.35,47.35,47.35,47.35,0,8400
539,2022-05-02 12:31:00+05:30,47.35,48.45,47.35,48.3,250,8400
540,2022-05-02 12:32:00+05:30,48.3,48.3,48.3,48.3,0,8400
541,2022-05-02 12:33:00+05:30,48.3,48.3,48.3,48.3,0,8400
542,2022-05-02 12:34:00+05:30,48.3,48.3,48.3,48.3,0,8400
543,2022-05-02 12:35:00+05:30,48.3,48.3,48.3,48.3,0,8400
544,2022-05-02 12:36:00+05:30,48.3,48.3,48.3,48.3,0,8400
545,2022-05-02 12:37:00+05:30,48.3,48.3,47.75,47.75,50,8250
546,2022-05-02 12:38:00+05:30,47.75,47.75,47.75,47.75,0,8250
547,2022-05-02 12:39:00+05:30,47.75,48.4,47.75,48.4,50,8300
548,2022-05-02 12:40:00+05:30,48.4,48.8,48.4,48.55,100,8300
549,2022-05-02 12:41:00+05:30,48.55,48.55,48.55,48.55,0,8300
550,2022-05-02 12:42:00+05:30,48.55,48.55,48.15,48.15,50,8400
551,2022-05-02 12:43:00+05:30,48.15,48.15,48.15,48.15,0,8400
552,2022-05-02 12:44:00+05:30,48.15,48.15,48.15,48.15,0,8400
553,2022-05-02 12:45:00+05:30,48.15,48.15,48.15,48.15,0,8400
554,2022-05-02 12:46:00+05:30,48.15,48.15,48.15,48.15,0,8400
555,2022-05-02 12:47:00+05:30,48.15,50.75,48.15,50.75,400,8450
556,2022-05-02 12:48:00+05:30,51.45,52.8,51.1,51.1,750,8650
557,2022-05-02 12:49:00+05:30,51.1,52.55,51.1,52.55,50,8650
558,2022-05-02 12:50:00+05:30,52.55,52.55,52.55,52.55,50,8650
559,2022-05-02 12:51:00+05:30,52.55,52.55,52.55,52.55,0,8650
560,2022-05-02 12:52:00+05:30,52.55,52.55,52.55,52.55,0,8650
561,2022-05-02 12:53:00+05:30,52.55,52.55,52.55,52.55,0,8650
562,2022-05-02 12:54:00+05:30,52.55,52.55,51.8,51.95,550,9100
563,2022-05-02 12:55:00+05:30,51.95,51.95,50.45,50.45,350,9100
564,2022-05-02 12:56:00+05:30,50.45,50.45,50.1,50.1,150,9100
565,2022-05-02 12:57:00+05:30,50.1,50.1,50.1,50.1,0,9100
566,2022-05-02 12:58:00+05:30,50.1,50.1,50.1,50.1,0,9100
567,2022-05-02 12:59:00+05:30,50.1,50.1,50.1,50.1,0,9100
568,2022-05-02 13:00:00+05:30,50.1,50.1,50.1,50.1,0,9100
569,2022-05-02 13:01:00+05:30,50.1,50.1,50.1,50.1,0,9100
570,2022-05-02 13:02:00+05:30,50.1,50.1,50.1,50.1,0,9100
571,2022-05-02 13:03:00+05:30,50.1,50.1,50.1,50.1,0,9100
572,2022-05-02 13:04:00+05:30,50.1,50.1,50.1,50.1,0,9100
573,2022-05-02 13:05:00+05:30,50.1,50.1,50.1,50.1,0,9100
574,2022-05-02 13:06:00+05:30,50.1,50.1,50.1,50.1,0,9100
575,2022-05-02 13:07:00+05:30,50.1,50.1,49.9,49.9,50,9700
576,2022-05-02 13:08:00+05:30,49.9,49.9,49.9,49.9,0,9700
577,2022-05-02 13:09:00+05:30,49.9,49.9,49.9,49.9,0,9700
578,2022-05-02 13:10:00+05:30,49.9,49.9,49.9,49.9,0,9700
579,2022-05-02 13:11:00+05:30,49.9,49.9,49.9,49.9,0,9700
580,2022-05-02 13:12:00+05:30,49.9,49.9,49.9,49.9,0,9700
581,2022-05-02 13:13:00+05:30,49.9,49.9,49.9,49.9,0,9700
582,2022-05-02 13:14:00+05:30,49.9,49.9,49.75,49.75,50,9550
583,2022-05-02 13:15:00+05:30,49.75,49.75,49.75,49.75,0,9550
584,2022-05-02 13:16:00+05:30,49.75,49.75,49.75,49.75,0,9550
585,2022-05-02 13:17:00+05:30,49.75,49.75,49.45,49.45,50,9550
586,2022-05-02 13:18:00+05:30,49.45,49.45,49.35,49.35,50,9500
587,2022-05-02 13:19:00+05:30,49.35,49.35,49.35,49.35,0,9500
588,2022-05-02 13:20:00+05:30,49.35,49.35,49.35,49.35,0,9500
589,2022-05-02 13:21:00+05:30,49.35,49.35,49.35,49.35,0,9500
590,2022-05-02 13:22:00+05:30,49.35,49.35,49.35,49.35,0,9500
591,2022-05-02 13:23:00+05:30,49.35,49.55,49.35,49.55,50,9450
592,2022-05-02 13:24:00+05:30,49.55,49.55,49.5,49.5,50,9500
593,2022-05-02 13:25:00+05:30,49.5,49.55,48.95,49.2,450,9500
594,2022-05-02 13:26:00+05:30,49.2,49.6,48.95,49.4,1050,9500
595,2022-05-02 13:27:00+05:30,49.4,51.8,49.4,51.8,550,10350
596,2022-05-02 13:28:00+05:30,51.8,53.0,51.8,53.0,950,10350
597,2022-05-02 13:29:00+05:30,53.0,53.45,52.6,52.6,350,10350
598,2022-05-02 13:30:00+05:30,52.6,52.6,52.6,52.6,0,10350
599,2022-05-02 13:31:00+05:30,52.6,52.6,50.25,50.25,150,11100
600,2022-05-02 13:32:00+05:30,50.25,50.25,50.25,50.25,0,11100
601,2022-05-02 13:33:00+05:30,50.25,50.25,50.25,50.25,0,11100
602,2022-05-02 13:34:00+05:30,50.25,50.25,48.55,49.2,450,11250
603,2022-05-02 13:35:00+05:30,49.2,49.2,49.2,49.2,50,11250
604,2022-05-02 13:36:00+05:30,49.2,49.2,49.2,49.2,0,11250
605,2022-05-02 13:37:00+05:30,49.2,49.85,49.2,49.85,350,11350
606,2022-05-02 13:38:00+05:30,49.4,49.85,48.5,48.55,150,11350
607,2022-05-02 13:39:00+05:30,48.55,49.4,48.55,49.4,50,11650
608,2022-05-02 13:40:00+05:30,49.4,49.4,48.75,48.75,150,11650
609,2022-05-02 13:41:00+05:30,48.75,49.45,48.75,49.45,100,11650
610,2022-05-02 13:42:00+05:30,49.75,49.95,49.75,49.95,250,11800
611,2022-05-02 13:43:00+05:30,49.95,49.95,49.95,49.95,0,11800
612,2022-05-02 13:44:00+05:30,49.95,50.45,49.95,50.35,150,11800
613,2022-05-02 13:45:00+05:30,50.35,50.75,50.35,50.75,50,11850
614,2022-05-02 13:46:00+05:30,50.75,51.05,50.6,50.75,250,11850
615,2022-05-02 13:47:00+05:30,50.75,50.75,50.75,50.75,0,11850
616,2022-05-02 13:48:00+05:30,50.75,50.75,49.5,49.95,200,12050
617,2022-05-02 13:49:00+05:30,49.95,49.95,49.95,49.95,0,12050
618,2022-05-02 13:50:00+05:30,49.95,50.9,49.95,50.85,100,12050
619,2022-05-02 13:51:00+05:30,50.85,50.85,49.65,49.65,50,12200
620,2022-05-02 13:52:00+05:30,49.65,49.65,49.65,49.65,0,12200
621,2022-05-02 13:53:00+05:30,49.65,49.65,49.65,49.65,0,12200
622,2022-05-02 13:54:00+05:30,49.65,49.65,49.65,49.65,0,12200
623,2022-05-02 13:55:00+05:30,49.65,49.65,49.65,49.65,0,12200
624,2022-05-02 13:56:00+05:30,49.65,50.75,49.65,50.75,50,12250
625,2022-05-02 13:57:00+05:30,50.75,50.75,50.15,50.15,100,12300
626,2022-05-02 13:58:00+05:30,50.15,50.15,50.15,50.15,0,12300
627,2022-05-02 13:59:00+05:30,50.15,50.75,50.15,50.75,50,12300
628,2022-05-02 14:00:00+05:30,50.75,51.75,50.75,51.4,200,12300
629,2022-05-02 14:01:00+05:30,51.4,51.6,51.05,51.6,1200,12300
630,2022-05-02 14:02:00+05:30,51.6,52.15,51.6,52.15,400,12300
631,2022-05-02 14:03:00+05:30,52.15,52.25,52.15,52.25,50,12300
632,2022-05-02 14:04:00+05:30,51.0,52.25,50.7,50.7,100,13200
633,2022-05-02 14:05:00+05:30,50.7,50.7,50.7,50.7,0,13200
634,2022-05-02 14:06:00+05:30,50.7,52.4,50.7,52.4,50,13300
635,2022-05-02 14:07:00+05:30,52.4,53.0,52.4,53.0,100,13300
636,2022-05-02 14:08:00+05:30,53.0,53.0,50.85,50.85,450,13300
637,2022-05-02 14:09:00+05:30,50.85,51.2,50.85,51.2,50,13500
638,2022-05-02 14:10:00+05:30,51.2,51.2,50.8,50.8,50,13500
639,2022-05-02 14:11:00+05:30,50.8,50.8,49.6,49.6,500,13500
640,2022-05-02 14:12:00+05:30,49.6,49.6,49.6,49.6,0,13500
641,2022-05-02 14:13:00+05:30,49.6,49.6,49.6,49.6,0,13500
642,2022-05-02 14:14:00+05:30,49.6,49.6,49.6,49.6,0,13500
643,2022-05-02 14:15:00+05:30,49.6,49.6,49.6,49.6,0,13500
644,2022-05-02 14:16:00+05:30,49.6,49.6,49.6,49.6,0,13500
645,2022-05-02 14:17:00+05:30,49.6,51.05,49.6,51.05,50,13950
646,2022-05-02 14:18:00+05:30,51.05,51.05,51.05,51.05,0,13950
647,2022-05-02 14:19:00+05:30,51.05,51.05,51.05,51.05,0,13950
648,2022-05-02 14:20:00+05:30,51.05,52.0,51.05,51.7,200,14000
649,2022-05-02 14:21:00+05:30,51.7,51.7,51.7,51.7,0,14000
650,2022-05-02 14:22:00+05:30,51.7,52.45,51.7,52.45,150,14100
651,2022-05-02 14:23:00+05:30,52.45,52.45,52.0,52.0,100,14100
652,2022-05-02 14:24:00+05:30,52.0,52.0,52.0,52.0,0,14100
653,2022-05-02 14:25:00+05:30,52.0,52.4,52.0,52.3,100,14200
654,2022-05-02 14:26:00+05:30,52.3,53.7,52.3,53.7,1700,14200
655,2022-05-02 14:27:00+05:30,53.7,53.7,53.15,53.25,450,15250
656,2022-05-02 14:28:00+05:30,53.25,53.8,53.25,53.8,550,15250
657,2022-05-02 14:29:00+05:30,53.8,53.8,53.8,53.8,0,15250
658,2022-05-02 14:30:00+05:30,53.8,53.8,52.7,52.7,500,16150
659,2022-05-02 14:31:00+05:30,52.7,52.7,52.7,52.7,0,16150
660,2022-05-02 14:32:00+05:30,52.7,52.7,52.7,52.7,0,16150
661,2022-05-02 14:33:00+05:30,52.7,52.7,52.7,52.7,0,16150
662,2022-05-02 14:34:00+05:30,52.7,52.7,52.7,52.7,0,16150
663,2022-05-02 14:35:00+05:30,52.7,52.7,50.25,50.95,700,16650
664,2022-05-02 14:36:00+05:30,50.95,50.95,50.95,50.95,0,16650
665,2022-05-02 14:37:00+05:30,50.95,50.95,50.95,50.95,0,16650
666,2022-05-02 14:38:00+05:30,50.95,52.7,50.95,52.7,300,16600
667,2022-05-02 14:39:00+05:30,52.7,52.75,52.7,52.75,500,16600
668,2022-05-02 14:40:00+05:30,52.75,52.75,51.95,51.95,50,17400
669,2022-05-02 14:41:00+05:30,51.95,51.95,51.95,51.95,0,17400
670,2022-05-02 14:42:00+05:30,51.95,52.05,51.95,52.05,50,17400
671,2022-05-02 14:43:00+05:30,52.05,52.05,52.05,52.05,0,17400
672,2022-05-02 14:44:00+05:30,52.05,52.05,51.35,51.4,100,17500
673,2022-05-02 14:45:00+05:30,51.4,51.4,51.15,51.15,200,17600
674,2022-05-02 14:46:00+05:30,51.15,51.15,45.5,45.5,1850,17600
675,2022-05-02 14:47:00+05:30,45.5,45.5,45.5,45.5,50,17600
676,2022-05-02 14:48:00+05:30,44.75,45.5,44.75,44.75,50,17600
677,2022-05-02 14:49:00+05:30,44.75,45.5,44.75,45.0,300,18950
678,2022-05-02 14:50:00+05:30,45.0,45.0,44.15,44.15,50,18950
679,2022-05-02 14:51:00+05:30,44.15,44.95,44.15,44.95,50,19050
680,2022-05-02 14:52:00+05:30,44.95,46.15,44.95,45.6,100,19050
681,2022-05-02 14:53:00+05:30,45.6,45.6,45.6,45.6,0,19050
682,2022-05-02 14:54:00+05:30,45.6,45.6,45.6,45.6,0,19050
683,2022-05-02 14:55:00+05:30,45.6,45.6,44.1,44.1,50,19100
684,2022-05-02 14:56:00+05:30,44.1,44.1,44.1,44.1,0,19100
685,2022-05-02 14:57:00+05:30,44.1,44.65,44.1,44.6,300,19050
686,2022-05-02 14:58:00+05:30,44.6,44.6,44.6,44.6,0,19050
687,2022-05-02 14:59:00+05:30,44.6,44.6,44.6,44.6,0,19050
688,2022-05-02 15:00:00+05:30,44.6,44.6,41.95,42.15,250,19150
689,2022-05-02 15:01:00+05:30,42.3,42.7,42.3,42.7,300,19150
690,2022-05-02 15:02:00+05:30,42.7,45.05,42.7,44.75,200,19150
691,2022-05-02 15:03:00+05:30,44.75,44.85,44.3,44.4,350,19250
692,2022-05-02 15:04:00+05:30,43.95,44.4,43.2,43.8,300,19250
693,2022-05-02 15:05:00+05:30,43.8,43.8,42.75,43.8,200,19250
694,2022-05-02 15:06:00+05:30,43.8,44.15,43.8,44.15,50,19650
695,2022-05-02 15:07:00+05:30,44.15,44.15,44.15,44.15,0,19650
696,2022-05-02 15:08:00+05:30,44.15,44.15,44.15,44.15,0,19650
697,2022-05-02 15:09:00+05:30,44.15,44.15,44.15,44.15,0,19650
698,2022-05-02 15:10:00+05:30,44.15,44.15,44.15,44.15,0,19650
699,2022-05-02 15:11:00+05:30,44.15,44.15,44.15,44.15,0,19650
700,2022-05-02 15:12:00+05:30,44.15,44.15,43.4,43.6,650,19650
701,2022-05-02 15:13:00+05:30,43.6,43.6,43.6,43.6,0,19650
702,2022-05-02 15:14:00+05:30,43.6,43.6,43.6,43.6,0,19650
703,2022-05-02 15:15:00+05:30,43.6,43.6,43.6,43.6,0,19650
704,2022-05-02 15:16:00+05:30,43.6,43.6,43.6,43.6,0,19650
705,2022-05-02 15:17:00+05:30,43.6,43.6,43.6,43.6,0,19650
706,2022-05-02 15:18:00+05:30,43.6,43.6,43.6,43.6,0,19650
707,2022-05-02 15:19:00+05:30,43.6,43.6,43.6,43.6,0,19650
708,2022-05-02 15:20:00+05:30,43.6,44.5,43.6,44.5,300,20100
709,2022-05-02 15:21:00+05:30,44.5,44.5,44.5,44.5,0,20100
710,2022-05-02 15:22:00+05:30,44.5,44.5,43.65,43.65,100,20300
711,2022-05-02 15:23:00+05:30,43.65,43.65,43.65,43.65,0,20300
712,2022-05-02 15:24:00+05:30,43.65,43.65,43.65,43.65,0,20300
713,2022-05-02 15:25:00+05:30,43.65,43.65,43.65,43.65,0,20300
714,2022-05-02 15:26:00+05:30,45.05,45.05,43.65,45.0,250,20350
715,2022-05-02 15:27:00+05:30,45.0,45.0,45.0,45.0,0,20350
716,2022-05-02 15:28:00+05:30,45.0,45.0,45.0,45.0,0,20350
717,2022-05-02 15:29:00+05:30,45.0,45.0,45.0,45.0,0,20350
718,2022-05-04 09:15:00+05:30,39.85,39.85,39.85,39.85,0,0
719,2022-05-04 09:19:00+05:30,39.85,40.4,39.85,40.35,200,20300
720,2022-05-04 09:20:00+05:30,40.35,40.35,40.35,40.35,0,20300
721,2022-05-04 09:21:00+05:30,40.35,41.1,40.35,41.1,100,20300
722,2022-05-04 09:22:00+05:30,41.1,41.1,41.1,41.1,0,20300
723,2022-05-04 09:23:00+05:30,41.1,41.1,41.1,41.1,0,20300
724,2022-05-04 09:24:00+05:30,41.1,41.1,41.1,41.1,0,20300
725,2022-05-04 09:25:00+05:30,41.1,41.1,41.1,41.1,0,20300
726,2022-05-04 09:26:00+05:30,41.1,42.8,41.1,42.8,100,20400
727,2022-05-04 09:27:00+05:30,42.8,42.8,42.4,42.4,50,20400
728,2022-05-04 09:28:00+05:30,42.4,42.4,42.4,42.4,0,20400
729,2022-05-04 09:29:00+05:30,41.8,41.8,41.25,41.25,200,20200
730,2022-05-04 09:30:00+05:30,41.25,41.25,41.25,41.25,0,20200
731,2022-05-04 09:31:00+05:30,41.25,41.25,41.25,41.25,0,20200
732,2022-05-04 09:32:00+05:30,41.25,41.25,41.25,41.25,0,20200
733,2022-05-04 09:34:00+05:30,41.25,41.25,41.25,41.25,0,20200
734,2022-05-04 09:35:00+05:30,41.25,41.25,41.25,41.25,0,20200
735,2022-05-04 09:36:00+05:30,41.25,41.25,38.75,40.95,1000,20250
736,2022-05-04 09:37:00+05:30,40.95,41.85,40.95,41.85,50,20250
737,2022-05-04 09:38:00+05:30,41.85,41.85,41.85,41.85,0,20250
738,2022-05-04 09:39:00+05:30,41.85,41.85,41.85,41.85,0,20250
739,2022-05-04 09:40:00+05:30,41.85,41.85,41.85,41.85,0,20250
740,2022-05-04 09:41:00+05:30,41.85,41.85,41.85,41.85,0,20250
741,2022-05-04 09:42:00+05:30,41.85,41.85,41.85,41.85,0,20250
742,2022-05-04 09:43:00+05:30,41.85,41.85,41.85,41.85,0,20250
743,2022-05-04 09:44:00+05:30,41.85,41.85,41.85,41.85,0,20250
744,2022-05-04 09:45:00+05:30,41.85,41.85,41.85,41.85,0,20250
745,2022-05-04 09:46:00+05:30,41.85,41.85,41.85,41.85,0,20250
746,2022-05-04 09:47:00+05:30,41.85,41.85,41.85,41.85,0,20250
747,2022-05-04 09:48:00+05:30,41.85,41.85,41.85,41.85,0,20250
748,2022-05-04 09:49:00+05:30,41.85,41.85,41.85,41.85,0,20250
749,2022-05-04 09:50:00+05:30,41.85,41.85,41.85,41.85,0,20250
750,2022-05-04 09:51:00+05:30,41.85,41.85,41.85,41.85,0,20250
751,2022-05-04 09:52:00+05:30,41.85,41.85,41.85,41.85,0,20250
752,2022-05-04 09:54:00+05:30,41.85,41.85,41.85,41.85,0,20250
753,2022-05-04 09:55:00+05:30,41.85,41.85,40.35,40.45,100,20650
754,2022-05-04 09:56:00+05:30,40.45,40.45,40.45,40.45,0,20650
755,2022-05-04 09:57:00+05:30,40.45,40.6,40.45,40.55,250,20750
756,2022-05-04 09:58:00+05:30,40.55,40.55,40.55,40.55,0,20750
757,2022-05-04 09:59:00+05:30,40.55,40.55,40.55,40.55,0,20750
758,2022-05-04 10:00:00+05:30,40.55,40.55,40.55,40.55,0,20750
759,2022-05-04 10:01:00+05:30,40.55,40.55,40.55,40.55,0,20750
760,2022-05-04 10:02:00+05:30,40.55,41.85,40.55,41.55,550,20950
761,2022-05-04 10:03:00+05:30,41.55,41.55,41.55,41.55,0,20950
762,2022-05-04 10:04:00+05:30,41.55,41.55,41.55,41.55,0,20950
763,2022-05-04 10:05:00+05:30,41.55,43.15,41.55,42.8,150,21200
764,2022-05-04 10:06:00+05:30,42.8,42.8,42.4,42.55,200,21200
765,2022-05-04 10:07:00+05:30,42.55,42.55,42.55,42.55,50,21200
766,2022-05-04 10:08:00+05:30,42.55,44.55,42.0,42.2,150,20900
767,2022-05-04 10:09:00+05:30,42.2,42.4,41.7,42.4,250,20900
768,2022-05-04 10:10:00+05:30,42.4,42.4,42.4,42.4,0,20900
769,2022-05-04 10:11:00+05:30,42.4,42.4,42.4,42.4,0,20900
770,2022-05-04 10:12:00+05:30,42.4,42.4,42.4,42.4,0,20900
771,2022-05-04 10:13:00+05:30,42.4,42.4,42.4,42.4,0,20900
772,2022-05-04 10:14:00+05:30,42.4,42.4,42.4,42.4,0,20900
773,2022-05-04 10:15:00+05:30,42.4,44.95,42.4,44.95,50,20850
774,2022-05-04 10:16:00+05:30,44.95,44.95,44.95,44.95,0,20850
775,2022-05-04 10:17:00+05:30,44.95,44.95,44.95,44.95,0,20850
776,2022-05-04 10:18:00+05:30,44.95,44.95,44.95,44.95,0,20850
777,2022-05-04 10:19:00+05:30,44.95,44.95,44.95,44.95,0,20850
778,2022-05-04 10:20:00+05:30,44.95,44.95,44.35,44.35,50,20800
779,2022-05-04 10:21:00+05:30,44.35,44.35,44.35,44.35,0,20800
780,2022-05-04 10:22:00+05:30,44.35,45.55,44.35,45.55,650,20800
781,2022-05-04 10:23:00+05:30,45.55,45.55,45.55,45.55,100,20800
782,2022-05-04 10:24:00+05:30,45.55,46.55,45.55,46.55,50,21300
783,2022-05-04 10:25:00+05:30,46.55,47.35,46.3,47.35,250,21300
784,2022-05-04 10:26:00+05:30,47.35,47.35,47.35,47.35,0,21300
785,2022-05-04 10:27:00+05:30,47.35,47.35,47.35,47.35,0,21300
786,2022-05-04 10:28:00+05:30,47.35,47.35,47.35,47.35,0,21300
787,2022-05-04 10:29:00+05:30,47.35,48.15,47.35,48.15,50,21500
788,2022-05-04 10:30:00+05:30,48.15,51.0,48.15,50.1,150,21500
789,2022-05-04 10:31:00+05:30,50.1,50.1,49.0,49.0,50,21500
790,2022-05-04 10:32:00+05:30,49.0,49.65,49.0,49.65,50,21600
791,2022-05-04 10:33:00+05:30,49.65,49.65,49.65,49.65,0,21600
792,2022-05-04 10:34:00+05:30,49.65,49.65,49.65,49.65,0,21600
793,2022-05-04 10:35:00+05:30,49.65,49.65,49.65,49.65,0,21600
794,2022-05-04 10:36:00+05:30,49.65,49.65,49.65,49.65,0,21600
795,2022-05-04 10:37:00+05:30,49.65,49.65,49.65,49.65,0,21600
796,2022-05-04 10:38:00+05:30,49.65,49.65,49.65,49.65,0,21600
797,2022-05-04 10:39:00+05:30,49.65,49.65,47.8,47.8,50,21600
798,2022-05-04 10:40:00+05:30,47.8,47.8,47.8,47.8,0,21600
799,2022-05-04 10:41:00+05:30,47.8,47.8,47.8,47.8,0,21600
800,2022-05-04 10:42:00+05:30,47.8,50.25,47.8,50.25,200,21600
801,2022-05-04 10:43:00+05:30,50.25,50.5,50.25,50.5,50,21600
802,2022-05-04 10:44:00+05:30,50.5,50.5,50.5,50.5,0,21600
803,2022-05-04 10:45:00+05:30,50.5,50.5,50.5,50.5,0,21600
804,2022-05-04 10:46:00+05:30,50.5,50.5,50.5,50.5,0,21600
805,2022-05-04 10:47:00+05:30,50.5,50.5,50.5,50.5,0,21600
806,2022-05-04 10:48:00+05:30,50.5,50.5,50.5,50.5,0,21600
807,2022-05-04 10:49:00+05:30,50.5,50.5,50.5,50.5,0,21600
808,2022-05-04 10:50:00+05:30,50.5,50.5,50.5,50.5,0,21600
809,2022-05-04 10:51:00+05:30,50.5,50.5,50.5,50.5,0,21600
810,2022-05-04 10:52:00+05:30,50.5,50.5,50.5,50.5,0,21600
811,2022-05-04 10:53:00+05:30,50.5,50.5,50.5,50.5,0,21600
812,2022-05-04 10:54:00+05:30,50.5,50.5,50.5,50.5,0,21600
813,2022-05-04 10:55:00+05:30,50.5,50.5,50.5,50.5,0,21600
814,2022-05-04 10:56:00+05:30,50.5,50.5,50.5,50.5,0,21600
815,2022-05-04 10:57:00+05:30,50.5,50.5,50.5,50.5,0,21600
816,2022-05-04 10:58:00+05:30,50.5,50.5,50.5,50.5,0,21600
817,2022-05-04 10:59:00+05:30,50.5,50.5,50.5,50.5,0,21600
818,2022-05-04 11:00:00+05:30,50.5,50.5,50.5,50.5,0,21600
819,2022-05-04 11:01:00+05:30,50.5,50.5,50.5,50.5,0,21600
820,2022-05-04 11:02:00+05:30,50.5,50.5,50.5,50.5,0,21600
821,2022-05-04 11:03:00+05:30,50.5,50.5,50.5,50.5,0,21600
822,2022-05-04 11:04:00+05:30,50.5,50.5,50.5,50.5,0,21600
823,2022-05-04 11:05:00+05:30,50.5,50.5,50.5,50.5,0,21600
824,2022-05-04 11:06:00+05:30,50.5,50.5,50.5,50.5,0,21600
825,2022-05-04 11:07:00+05:30,50.5,52.5,50.5,52.5,50,21700
826,2022-05-04 11:08:00+05:30,52.5,52.5,52.5,52.5,0,21700
827,2022-05-04 11:09:00+05:30,52.5,52.5,52.5,52.5,0,21700
828,2022-05-04 11:10:00+05:30,52.5,52.95,52.5,52.95,50,21700
829,2022-05-04 11:11:00+05:30,52.95,52.95,52.95,52.95,0,21700
830,2022-05-04 11:12:00+05:30,52.95,52.95,52.95,52.95,0,21700
831,2022-05-04 11:13:00+05:30,52.95,52.95,52.95,52.95,0,21700
832,2022-05-04 11:14:00+05:30,52.95,52.95,52.95,52.95,0,21700
833,2022-05-04 11:15:00+05:30,52.95,54.0,52.95,54.0,300,21750
834,2022-05-04 11:16:00+05:30,54.0,54.0,54.0,54.0,0,21750
835,2022-05-04 11:17:00+05:30,54.0,55.55,54.0,55.55,250,21750
836,2022-05-04 11:18:00+05:30,55.55,55.55,55.55,55.55,0,21750
837,2022-05-04 11:19:00+05:30,55.55,55.55,55.55,55.55,0,21750
838,2022-05-04 11:20:00+05:30,55.55,55.55,55.55,55.55,0,21750
839,2022-05-04 11:21:00+05:30,55.55,55.55,52.55,52.55,100,21950
840,2022-05-04 11:22:00+05:30,52.55,52.55,52.55,52.55,0,21950
841,2022-05-04 11:23:00+05:30,52.55,52.55,50.65,50.65,100,21950
842,2022-05-04 11:24:00+05:30,50.65,50.65,50.65,50.65,0,21950
843,2022-05-04 11:25:00+05:30,50.65,50.65,50.5,50.5,50,21950
844,2022-05-04 11:26:00+05:30,50.5,51.45,50.5,51.45,100,21950
845,2022-05-04 11:27:00+05:30,51.45,51.45,51.45,51.45,0,21950
846,2022-05-04 11:28:00+05:30,51.45,51.45,51.45,51.45,0,21950
847,2022-05-04 11:29:00+05:30,51.45,51.45,51.45,51.45,0,21950
848,2022-05-04 11:30:00+05:30,51.45,51.45,51.45,51.45,0,21950
849,2022-05-04 11:31:00+05:30,51.45,51.45,51.45,51.45,0,21950
850,2022-05-04 11:32:00+05:30,51.45,51.45,51.45,51.45,0,21950
851,2022-05-04 11:33:00+05:30,51.45,54.55,51.45,54.55,50,22050
852,2022-05-04 11:34:00+05:30,54.55,54.55,54.55,54.55,0,22050
853,2022-05-04 11:35:00+05:30,54.55,54.55,54.55,54.55,0,22050
854,2022-05-04 11:36:00+05:30,54.55,54.55,54.55,54.55,0,22050
855,2022-05-04 11:37:00+05:30,54.55,54.55,54.55,54.55,0,22050
856,2022-05-04 11:38:00+05:30,54.55,54.55,54.55,54.55,0,22050
857,2022-05-04 11:39:00+05:30,54.55,54.85,54.55,54.85,50,22050
858,2022-05-04 11:40:00+05:30,54.85,54.85,54.85,54.85,0,22050
859,2022-05-04 11:41:00+05:30,54.85,54.85,54.85,54.85,0,22050
860,2022-05-04 11:42:00+05:30,54.85,54.85,54.85,54.85,0,22050
861,2022-05-04 11:43:00+05:30,54.85,54.85,54.85,54.85,0,22050
862,2022-05-04 11:44:00+05:30,54.85,54.85,54.85,54.85,0,22050
863,2022-05-04 11:45:00+05:30,54.85,54.85,54.85,54.85,0,22050
864,2022-05-04 11:46:00+05:30,54.85,54.85,54.85,54.85,0,22050
865,2022-05-04 11:47:00+05:30,54.85,54.85,54.85,54.85,0,22050
866,2022-05-04 11:48:00+05:30,54.85,54.85,54.85,54.85,0,22050
867,2022-05-04 11:49:00+05:30,54.85,54.85,54.85,54.85,0,22050
868,2022-05-04 11:50:00+05:30,54.85,54.85,54.85,54.85,0,22050
869,2022-05-04 11:51:00+05:30,54.85,54.85,54.85,54.85,0,22050
870,2022-05-04 11:52:00+05:30,54.85,54.85,54.85,54.85,0,22050
871,2022-05-04 11:53:00+05:30,54.85,54.85,52.35,52.35,50,22100
872,2022-05-04 11:54:00+05:30,52.35,52.35,52.35,52.35,0,22100
873,2022-05-04 11:55:00+05:30,52.35,52.35,52.35,52.35,0,22100
874,2022-05-04 11:56:00+05:30,52.35,52.35,52.35,52.35,0,22100
875,2022-05-04 11:57:00+05:30,52.35,52.35,52.35,52.35,0,22100
876,2022-05-04 11:58:00+05:30,52.35,52.95,52.35,52.95,50,22100
877,2022-05-04 11:59:00+05:30,52.95,52.95,52.95,52.95,0,22100
878,2022-05-04 12:00:00+05:30,52.95,52.95,52.95,52.95,0,22100
879,2022-05-04 12:01:00+05:30,52.95,52.95,52.95,52.95,0,22100
880,2022-05-04 12:02:00+05:30,52.95,53.9,52.95,53.9,200,22150
881,2022-05-04 12:03:00+05:30,53.9,53.9,53.9,53.9,0,22150
882,2022-05-04 12:04:00+05:30,53.9,53.9,53.9,53.9,0,22150
883,2022-05-04 12:05:00+05:30,53.9,53.9,53.9,53.9,0,22150
884,2022-05-04 12:06:00+05:30,53.9,53.9,53.9,53.9,0,22150
885,2022-05-04 12:07:00+05:30,53.9,53.9,53.9,53.9,0,22150
886,2022-05-04 12:08:00+05:30,53.9,53.9,53.9,53.9,0,22150
887,2022-05-04 12:09:00+05:30,53.9,53.9,53.9,53.9,0,22150
888,2022-05-04 12:10:00+05:30,53.9,58.8,53.9,58.4,300,22200
889,2022-05-04 12:11:00+05:30,58.4,58.4,56.7,56.7,500,22200
890,2022-05-04 12:12:00+05:30,56.7,59.15,56.7,59.15,200,22350
891,2022-05-04 12:13:00+05:30,59.15,59.15,58.55,58.85,150,22350
892,2022-05-04 12:14:00+05:30,58.85,58.85,58.85,58.85,0,22350
893,2022-05-04 12:15:00+05:30,58.85,58.85,57.85,57.85,50,22250
894,2022-05-04 12:16:00+05:30,57.85,57.85,57.85,57.85,0,22250
895,2022-05-04 12:17:00+05:30,57.85,57.85,57.85,57.85,0,22250
896,2022-05-04 12:18:00+05:30,57.85,57.85,57.85,57.85,0,22250
897,2022-05-04 12:19:00+05:30,57.85,59.75,57.85,59.75,100,22250
898,2022-05-04 12:20:00+05:30,59.75,60.0,59.75,60.0,50,22250
899,2022-05-04 12:21:00+05:30,60.0,60.0,60.0,60.0,0,22250
900,2022-05-04 12:22:00+05:30,60.0,60.0,60.0,60.0,0,22250
901,2022-05-04 12:23:00+05:30,60.0,60.0,60.0,60.0,0,22250
902,2022-05-04 12:24:00+05:30,60.0,60.0,60.0,60.0,0,22250
903,2022-05-04 12:25:00+05:30,60.0,60.0,60.0,60.0,0,22250
904,2022-05-04 12:26:00+05:30,60.0,60.0,60.0,60.0,0,22250
905,2022-05-04 12:27:00+05:30,60.0,60.0,60.0,60.0,0,22250
906,2022-05-04 12:28:00+05:30,60.0,60.0,60.0,60.0,0,22250
907,2022-05-04 12:29:00+05:30,60.0,60.05,60.0,60.05,150,22300
908,2022-05-04 12:30:00+05:30,60.05,60.6,60.05,60.6,800,22350
909,2022-05-04 12:31:00+05:30,60.6,60.95,60.6,60.85,850,22350
910,2022-05-04 12:32:00+05:30,60.85,60.85,60.85,60.85,0,22350
911,2022-05-04 12:33:00+05:30,60.85,60.85,60.85,60.85,0,22350
912,2022-05-04 12:34:00+05:30,60.85,63.0,60.85,63.0,50,23150
913,2022-05-04 12:35:00+05:30,63.0,63.0,63.0,63.0,50,23150
914,2022-05-04 12:36:00+05:30,63.0,65.55,63.0,65.55,150,23250
915,2022-05-04 12:37:00+05:30,65.55,67.35,65.55,67.35,50,23250
916,2022-05-04 12:38:00+05:30,67.35,69.45,67.05,67.05,200,23250
917,2022-05-04 12:39:00+05:30,67.05,68.55,67.05,68.55,50,23400
918,2022-05-04 12:40:00+05:30,68.55,68.55,68.55,68.55,0,23400
919,2022-05-04 12:41:00+05:30,68.55,68.55,65.0,65.0,50,23400
920,2022-05-04 12:42:00+05:30,65.0,65.0,65.0,65.0,0,23400
921,2022-05-04 12:43:00+05:30,65.0,65.0,65.0,65.0,0,23400
922,2022-05-04 12:44:00+05:30,65.0,68.45,65.0,68.45,50,23450
923,2022-05-04 12:45:00+05:30,68.4,68.45,68.4,68.4,100,23500
924,2022-05-04 12:46:00+05:30,68.4,68.4,68.4,68.4,0,23500
925,2022-05-04 12:47:00+05:30,68.4,68.4,68.4,68.4,0,23500
926,2022-05-04 12:48:00+05:30,68.4,69.0,67.35,67.35,150,23550
927,2022-05-04 12:49:00+05:30,67.35,67.35,67.35,67.35,0,23550
928,2022-05-04 12:50:00+05:30,67.35,67.6,67.35,67.6,100,23550
929,2022-05-04 12:51:00+05:30,67.6,67.6,66.25,66.25,50,23600
930,2022-05-04 12:52:00+05:30,66.25,66.25,66.25,66.25,0,23600
931,2022-05-04 12:53:00+05:30,66.25,66.25,66.25,66.25,0,23600
932,2022-05-04 12:54:00+05:30,66.25,66.25,66.25,66.25,0,23600
933,2022-05-04 12:55:00+05:30,66.25,66.25,66.25,66.25,0,23600
934,2022-05-04 12:56:00+05:30,66.25,66.25,66.25,66.25,0,23600
935,2022-05-04 12:57:00+05:30,66.25,66.25,66.25,66.25,0,23600
936,2022-05-04 12:58:00+05:30,66.25,71.8,66.25,71.8,50,23600
937,2022-05-04 12:59:00+05:30,71.8,71.8,68.1,68.1,100,23600
938,2022-05-04 13:00:00+05:30,68.1,68.1,66.6,66.6,50,23700
939,2022-05-04 13:01:00+05:30,66.6,66.6,64.75,64.75,50,23700
940,2022-05-04 13:02:00+05:30,64.75,64.75,63.9,63.9,50,23700
941,2022-05-04 13:03:00+05:30,63.9,63.9,63.9,63.9,0,23700
942,2022-05-04 13:04:00+05:30,63.9,63.9,61.55,61.55,50,23750
943,2022-05-04 13:05:00+05:30,61.55,61.55,61.55,61.55,0,23750
944,2022-05-04 13:06:00+05:30,61.55,61.55,61.55,61.55,0,23750
945,2022-05-04 13:07:00+05:30,61.55,64.75,61.55,64.75,50,23750
946,2022-05-04 13:08:00+05:30,64.75,64.75,63.4,63.4,50,23750
947,2022-05-04 13:09:00+05:30,63.4,63.4,63.4,63.4,0,23750
948,2022-05-04 13:10:00+05:30,63.4,63.4,63.4,63.4,0,23750
949,2022-05-04 13:11:00+05:30,63.4,63.65,63.4,63.6,100,23800
950,2022-05-04 13:12:00+05:30,63.6,63.6,61.3,61.3,100,23800
951,2022-05-04 13:13:00+05:30,61.3,61.3,61.3,61.3,0,23800
952,2022-05-04 13:14:00+05:30,61.3,61.55,61.3,61.55,100,23800
953,2022-05-04 13:15:00+05:30,61.55,61.55,61.55,61.55,0,23800
954,2022-05-04 13:16:00+05:30,61.55,61.55,61.55,61.55,0,23800
955,2022-05-04 13:17:00+05:30,61.55,61.55,61.55,61.55,0,23800
956,2022-05-04 13:18:00+05:30,61.55,61.55,56.45,56.45,100,23850
957,2022-05-04 13:19:00+05:30,56.45,58.2,56.45,58.2,50,23850
958,2022-05-04 13:20:00+05:30,58.2,58.2,58.2,58.2,0,23850
959,2022-05-04 13:21:00+05:30,58.2,58.2,58.2,58.2,0,23850
960,2022-05-04 13:22:00+05:30,58.2,58.2,58.2,58.2,0,23850
961,2022-05-04 13:23:00+05:30,58.2,58.2,58.2,58.2,0,23850
962,2022-05-04 13:24:00+05:30,58.2,58.2,57.1,57.1,50,23850
963,2022-05-04 13:25:00+05:30,57.1,57.1,57.1,57.1,0,23850
964,2022-05-04 13:26:00+05:30,57.1,57.1,57.1,57.1,0,23850
965,2022-05-04 13:27:00+05:30,57.1,57.1,57.1,57.1,0,23850
966,2022-05-04 13:28:00+05:30,57.1,59.65,57.1,59.6,100,23850
967,2022-05-04 13:29:00+05:30,59.6,59.6,59.6,59.6,0,23850
968,2022-05-04 13:30:00+05:30,59.6,59.6,59.6,59.6,0,23850
969,2022-05-04 13:31:00+05:30,59.6,59.6,59.6,59.6,0,23850
970,2022-05-04 13:32:00+05:30,59.6,59.6,59.6,59.6,0,23850
971,2022-05-04 13:33:00+05:30,59.6,59.6,59.6,59.6,0,23850
972,2022-05-04 13:34:00+05:30,59.6,59.6,59.6,59.6,0,23850
973,2022-05-04 13:35:00+05:30,59.6,59.6,59.6,59.6,0,23850
974,2022-05-04 13:36:00+05:30,59.6,59.6,59.6,59.6,0,23850
975,2022-05-04 13:37:00+05:30,59.6,59.6,59.6,59.6,0,23850
976,2022-05-04 13:38:00+05:30,59.6,59.6,59.6,59.6,0,23850
977,2022-05-04 13:39:00+05:30,59.6,59.6,59.6,59.6,0,23850
978,2022-05-04 13:40:00+05:30,59.6,59.6,59.6,59.6,0,23850
979,2022-05-04 13:41:00+05:30,59.6,59.6,59.6,59.6,0,23850
980,2022-05-04 13:42:00+05:30,59.6,59.6,59.6,59.6,0,23850
981,2022-05-04 13:43:00+05:30,59.6,59.6,59.6,59.6,0,23850
982,2022-05-04 13:44:00+05:30,59.6,59.6,59.6,59.6,0,23850
983,2022-05-04 13:45:00+05:30,59.6,59.6,59.6,59.6,0,23850
984,2022-05-04 13:46:00+05:30,59.6,59.6,59.6,59.6,0,23850
985,2022-05-04 13:47:00+05:30,59.6,59.6,59.2,59.2,50,23850
986,2022-05-04 13:48:00+05:30,59.7,59.7,59.7,59.7,50,23850
987,2022-05-04 13:49:00+05:30,59.7,59.7,59.7,59.7,0,23850
988,2022-05-04 13:50:00+05:30,59.7,59.7,59.7,59.7,0,23850
989,2022-05-04 13:51:00+05:30,59.7,59.7,59.7,59.7,0,23850
990,2022-05-04 13:52:00+05:30,59.7,59.7,59.7,59.7,0,23850
991,2022-05-04 13:53:00+05:30,59.7,59.7,59.7,59.7,0,23850
992,2022-05-04 13:54:00+05:30,59.7,59.7,59.7,59.7,0,23850
993,2022-05-04 13:55:00+05:30,59.7,59.7,59.7,59.7,0,23850
994,2022-05-04 13:56:00+05:30,59.7,59.7,59.7,59.7,0,23850
995,2022-05-04 13:57:00+05:30,59.7,59.7,59.7,59.7,0,23850
996,2022-05-04 13:58:00+05:30,59.7,59.7,59.7,59.7,0,23850
997,2022-05-04 13:59:00+05:30,59.7,59.7,59.7,59.7,0,23850
998,2022-05-04 14:00:00+05:30,59.7,59.7,49.15,52.1,150,23850
999,2022-05-04 14:01:00+05:30,52.1,52.1,48.25,48.25,50,23850
1000,2022-05-04 14:02:00+05:30,48.25,51.75,48.25,51.5,500,23850
1001,2022-05-04 14:03:00+05:30,51.5,52.75,49.7,52.75,150,23750
1002,2022-05-04 14:04:00+05:30,52.75,60.55,52.75,60.55,1050,23750
1003,2022-05-04 14:05:00+05:30,60.55,60.55,55.35,59.9,150,23750
1004,2022-05-04 14:06:00+05:30,59.9,61.95,59.9,61.9,150,23850
1005,2022-05-04 14:07:00+05:30,61.9,66.95,61.9,66.95,150,23850
1006,2022-05-04 14:08:00+05:30,66.95,76.7,66.95,76.7,850,23850
1007,2022-05-04 14:09:00+05:30,76.7,76.7,72.2,74.15,250,24700
1008,2022-05-04 14:10:00+05:30,74.15,78.0,74.15,78.0,0,24700
1009,2022-05-04 14:11:00+05:30,78.4,81.15,76.95,77.3,800,24700
1010,2022-05-04 14:12:00+05:30,77.3,78.35,74.45,74.45,200,24750
1011,2022-05-04 14:13:00+05:30,74.45,74.45,73.6,73.6,150,24750
1012,2022-05-04 14:14:00+05:30,73.85,73.85,70.55,70.55,300,24750
1013,2022-05-04 14:15:00+05:30,70.55,72.45,70.55,72.2,350,24600
1014,2022-05-04 14:16:00+05:30,72.2,72.2,72.2,72.2,0,24600
1015,2022-05-04 14:17:00+05:30,72.2,74.65,72.2,72.8,200,24600
1016,2022-05-04 14:18:00+05:30,72.8,72.8,72.8,72.8,0,24600
1017,2022-05-04 14:19:00+05:30,72.8,74.65,72.8,73.75,200,24650
1018,2022-05-04 14:20:00+05:30,73.75,73.75,62.65,63.7,400,24650
1019,2022-05-04 14:21:00+05:30,63.7,65.15,63.25,63.25,350,24700
1020,2022-05-04 14:22:00+05:30,63.25,67.95,63.25,67.95,100,24700
1021,2022-05-04 14:23:00+05:30,67.95,67.95,67.95,67.95,0,24700
1022,2022-05-04 14:24:00+05:30,67.95,67.95,65.45,65.45,50,24700
1023,2022-05-04 14:25:00+05:30,65.45,69.55,65.45,69.55,100,24700
1024,2022-05-04 14:26:00+05:30,69.55,69.75,69.55,69.75,150,24700
1025,2022-05-04 14:27:00+05:30,69.75,69.75,67.5,68.5,550,24700
1026,2022-05-04 14:28:00+05:30,68.5,68.5,68.5,68.5,0,24700
1027,2022-05-04 14:29:00+05:30,68.5,68.5,68.5,68.5,0,24700
1028,2022-05-04 14:30:00+05:30,68.5,68.5,68.5,68.5,0,24700
1029,2022-05-04 14:31:00+05:30,68.5,68.5,68.5,68.5,0,24700
1030,2022-05-04 14:32:00+05:30,68.5,68.5,68.5,68.5,0,24700
1031,2022-05-04 14:33:00+05:30,68.5,74.95,68.5,74.95,150,24750
1032,2022-05-04 14:34:00+05:30,76.75,76.75,74.95,76.75,50,24750
1033,2022-05-04 14:35:00+05:30,76.75,81.9,76.75,81.9,150,24750
1034,2022-05-04 14:36:00+05:30,81.9,81.9,76.1,76.5,1000,25100
1035,2022-05-04 14:37:00+05:30,76.5,78.85,76.5,78.85,150,25100
1036,2022-05-04 14:38:00+05:30,78.85,79.85,78.85,79.85,100,25100
1037,2022-05-04 14:39:00+05:30,79.85,79.85,79.05,79.05,350,25100
1038,2022-05-04 14:40:00+05:30,79.05,79.55,79.05,79.55,50,25100
1039,2022-05-04 14:41:00+05:30,79.55,80.9,78.7,80.9,350,25100
1040,2022-05-04 14:42:00+05:30,80.9,82.6,80.9,81.2,450,25550
1041,2022-05-04 14:43:00+05:30,81.2,83.3,81.2,83.3,550,25550
1042,2022-05-04 14:44:00+05:30,83.3,89.3,83.3,89.3,250,25550
1043,2022-05-04 14:45:00+05:30,89.3,89.3,84.85,86.65,550,25900
1044,2022-05-04 14:46:00+05:30,86.65,86.65,86.65,86.65,100,25900
1045,2022-05-04 14:47:00+05:30,86.65,87.7,86.65,87.7,50,25900
1046,2022-05-04 14:48:00+05:30,87.7,87.7,87.0,87.0,50,25900
1047,2022-05-04 14:49:00+05:30,87.0,88.85,87.0,88.75,2250,25900
1048,2022-05-04 14:50:00+05:30,88.75,91.0,88.75,89.95,450,25900
1049,2022-05-04 14:51:00+05:30,89.95,95.05,89.95,95.05,200,25900
1050,2022-05-04 14:52:00+05:30,95.05,97.85,95.05,95.4,1000,25250
1051,2022-05-04 14:53:00+05:30,95.4,95.4,94.65,94.85,400,25250
1052,2022-05-04 14:54:00+05:30,94.85,94.85,94.25,94.25,100,25750
1053,2022-05-04 14:55:00+05:30,94.25,95.45,93.4,93.4,300,25750
1054,2022-05-04 14:56:00+05:30,93.4,93.4,90.0,90.35,300,25750
1055,2022-05-04 14:57:00+05:30,90.35,90.65,88.25,88.25,250,26050
1056,2022-05-04 14:58:00+05:30,87.75,87.75,85.35,85.4,450,26050
1057,2022-05-04 14:59:00+05:30,85.4,85.4,85.4,85.4,0,26050
1058,2022-05-04 15:00:00+05:30,83.25,83.25,81.75,83.2,350,26550
1059,2022-05-04 15:01:00+05:30,83.2,83.2,81.45,81.45,50,26550
1060,2022-05-04 15:02:00+05:30,81.45,81.45,81.45,81.45,0,26550
1061,2022-05-04 15:03:00+05:30,81.45,81.45,81.45,81.45,0,26550
1062,2022-05-04 15:04:00+05:30,81.45,81.45,81.45,81.45,0,26550
1063,2022-05-04 15:05:00+05:30,81.45,81.45,81.45,81.45,0,26550
1064,2022-05-04 15:06:00+05:30,81.45,90.05,81.45,89.7,50,26600
1065,2022-05-04 15:07:00+05:30,89.7,89.7,88.55,88.55,100,26600
1066,2022-05-04 15:08:00+05:30,88.55,88.55,86.75,86.75,50,26600
1067,2022-05-04 15:09:00+05:30,86.75,86.75,86.6,86.6,50,26600
1068,2022-05-04 15:10:00+05:30,86.6,86.6,86.6,86.6,0,26600
1069,2022-05-04 15:11:00+05:30,86.6,86.6,85.5,85.5,250,26150
1070,2022-05-04 15:12:00+05:30,85.5,85.5,81.2,81.2,100,26150
1071,2022-05-04 15:13:00+05:30,81.2,81.2,77.15,78.05,100,26700
1072,2022-05-04 15:14:00+05:30,78.05,78.6,77.95,78.3,650,26700
1073,2022-05-04 15:15:00+05:30,78.3,78.85,76.5,76.5,700,26700
1074,2022-05-04 15:16:00+05:30,76.5,80.3,76.5,80.3,450,27150
1075,2022-05-04 15:17:00+05:30,80.3,81.0,79.35,80.75,250,27150
1076,2022-05-04 15:18:00+05:30,80.75,82.05,80.75,82.05,250,27150
1077,2022-05-04 15:19:00+05:30,82.05,84.95,82.05,84.45,650,27050
1078,2022-05-04 15:20:00+05:30,85.1,85.1,84.2,84.2,500,27050
1079,2022-05-04 15:21:00+05:30,84.2,84.2,81.1,81.1,0,27550
1080,2022-05-04 15:22:00+05:30,81.2,83.15,81.05,82.7,1600,27550
1081,2022-05-04 15:23:00+05:30,82.7,84.05,82.7,84.05,400,27550
1082,2022-05-04 15:24:00+05:30,84.05,84.3,81.9,81.9,850,27550
1083,2022-05-04 15:25:00+05:30,81.9,81.9,81.9,81.9,0,27550
1084,2022-05-04 15:26:00+05:30,81.9,81.9,77.2,77.2,550,28550
1085,2022-05-04 15:27:00+05:30,77.2,77.2,77.2,77.2,0,28550
1086,2022-05-04 15:28:00+05:30,77.2,78.0,75.45,77.9,650,27950
1087,2022-05-04 15:29:00+05:30,77.9,84.25,77.9,84.25,50,27950
1088,2022-05-05 09:15:00+05:30,65.0,65.0,62.15,62.15,700,25850
1089,2022-05-05 09:16:00+05:30,62.15,62.15,62.15,62.15,0,25850
1090,2022-05-05 09:17:00+05:30,62.15,62.15,62.15,62.15,0,25850
1091,2022-05-05 09:18:00+05:30,62.15,62.15,55.95,56.1,700,25900
1092,2022-05-05 09:19:00+05:30,56.1,56.1,56.1,56.1,0,25900
1093,2022-05-05 09:20:00+05:30,56.1,56.1,53.8,53.8,550,25950
1094,2022-05-05 09:21:00+05:30,53.8,56.2,53.8,56.2,350,25950
1095,2022-05-05 09:22:00+05:30,56.2,57.05,56.2,57.05,150,25950
1096,2022-05-05 09:23:00+05:30,57.45,58.6,57.05,58.6,200,25950
1097,2022-05-05 09:24:00+05:30,58.6,58.95,58.6,58.95,150,26000
1098,2022-05-05 09:25:00+05:30,58.95,59.2,58.95,59.2,150,26000
1099,2022-05-05 09:26:00+05:30,59.2,59.2,59.2,59.2,0,26000
1100,2022-05-05 09:27:00+05:30,59.2,59.2,55.35,55.35,450,26000
1101,2022-05-05 09:28:00+05:30,55.35,55.35,55.35,55.35,0,26000
1102,2022-05-05 09:29:00+05:30,55.35,55.35,55.35,55.35,0,26000
1103,2022-05-05 09:30:00+05:30,55.35,55.35,55.35,55.35,0,26000
1104,2022-05-05 09:31:00+05:30,55.35,55.35,55.35,55.35,0,26000
1105,2022-05-05 09:32:00+05:30,55.35,55.35,50.0,50.0,100,26100
1106,2022-05-05 09:33:00+05:30,50.0,50.95,50.0,50.95,100,26100
1107,2022-05-05 09:34:00+05:30,50.95,51.4,50.8,50.8,550,26100
1108,2022-05-05 09:35:00+05:30,50.8,50.8,50.8,50.8,50,26100
1109,2022-05-05 09:36:00+05:30,50.8,50.8,48.05,48.05,50,26100
1110,2022-05-05 09:37:00+05:30,48.05,48.5,48.05,48.5,50,26100
1111,2022-05-05 09:38:00+05:30,48.5,48.5,48.5,48.5,0,26100
1112,2022-05-05 09:39:00+05:30,48.5,48.5,48.5,48.5,0,26100
1113,2022-05-05 09:40:00+05:30,48.5,48.5,48.5,48.5,0,26100
1114,2022-05-05 09:41:00+05:30,48.5,48.5,47.75,47.9,150,26100
1115,2022-05-05 09:42:00+05:30,47.9,47.9,47.9,47.9,0,26100
1116,2022-05-05 09:43:00+05:30,47.9,47.9,47.9,47.9,0,26100
1117,2022-05-05 09:44:00+05:30,47.9,47.9,47.9,47.9,0,26100
1118,2022-05-05 09:45:00+05:30,47.9,47.9,47.9,47.9,0,26100
1119,2022-05-05 09:46:00+05:30,47.9,48.25,47.9,48.25,50,25950
1120,2022-05-05 09:47:00+05:30,48.25,48.25,48.25,48.25,0,25950
1121,2022-05-05 09:48:00+05:30,48.25,49.3,48.25,49.25,100,25700
1122,2022-05-05 09:49:00+05:30,49.25,49.25,48.65,48.65,0,25700
1123,2022-05-05 09:50:00+05:30,48.65,48.65,48.65,48.65,100,25700
1124,2022-05-05 09:51:00+05:30,48.65,48.65,48.65,48.65,0,25700
1125,2022-05-05 09:52:00+05:30,48.65,48.65,48.65,48.65,0,25700
1126,2022-05-05 09:53:00+05:30,48.65,48.65,48.65,48.65,0,25700
1127,2022-05-05 09:54:00+05:30,48.65,48.65,48.65,48.65,0,25700
1128,2022-05-05 09:55:00+05:30,48.65,48.65,48.65,48.65,0,25700
1129,2022-05-05 09:56:00+05:30,48.65,48.65,48.65,48.65,0,25700
1130,2022-05-05 09:57:00+05:30,48.65,48.65,48.65,48.65,0,25700
1131,2022-05-05 09:58:00+05:30,48.65,48.65,48.65,48.65,0,25700
1132,2022-05-05 09:59:00+05:30,48.65,48.7,47.6,48.7,100,25350
1133,2022-05-05 10:00:00+05:30,48.7,48.7,48.7,48.7,0,25350
1134,2022-05-05 10:01:00+05:30,48.7,48.7,46.65,46.65,0,25350
1135,2022-05-05 10:02:00+05:30,46.65,46.65,46.65,46.65,100,25350
1136,2022-05-05 10:03:00+05:30,46.65,46.65,46.65,46.65,0,25350
1137,2022-05-05 10:04:00+05:30,46.65,46.65,43.55,43.55,550,25450
1138,2022-05-05 10:05:00+05:30,43.55,43.55,42.6,42.6,100,25400
1139,2022-05-05 10:06:00+05:30,42.6,42.6,40.95,40.95,100,25400
1140,2022-05-05 10:07:00+05:30,40.95,40.95,40.95,40.95,0,25400
1141,2022-05-05 10:08:00+05:30,40.95,40.95,39.95,39.95,100,25400
1142,2022-05-05 10:09:00+05:30,39.95,39.95,39.2,39.2,100,25400
1143,2022-05-05 10:10:00+05:30,39.2,39.2,39.2,39.2,0,25400
1144,2022-05-05 10:11:00+05:30,39.2,39.2,39.2,39.2,0,25400
1145,2022-05-05 10:12:00+05:30,39.2,39.2,39.2,39.2,0,25400
1146,2022-05-05 10:13:00+05:30,39.2,39.2,39.2,39.2,0,25400
1147,2022-05-05 10:14:00+05:30,39.2,39.2,38.5,38.5,50,25550
1148,2022-05-05 10:15:00+05:30,38.5,38.5,37.85,37.85,50,25550
1149,2022-05-05 10:16:00+05:30,37.85,37.85,37.85,37.85,0,25550
1150,2022-05-05 10:17:00+05:30,37.85,37.85,36.6,36.6,300,25550
1151,2022-05-05 10:18:00+05:30,36.6,36.6,36.6,36.6,0,25550
1152,2022-05-05 10:19:00+05:30,36.6,36.6,36.6,36.6,0,25550
1153,2022-05-05 10:20:00+05:30,36.95,36.95,36.6,36.95,100,25550
1154,2022-05-05 10:21:00+05:30,36.95,38.4,36.95,38.4,150,25450
1155,2022-05-05 10:22:00+05:30,38.4,38.8,38.4,38.55,100,25450
1156,2022-05-05 10:23:00+05:30,38.55,39.0,38.55,39.0,100,25450
1157,2022-05-05 10:24:00+05:30,39.0,39.0,39.0,39.0,0,25450
1158,2022-05-05 10:25:00+05:30,39.0,39.0,39.0,39.0,0,25450
1159,2022-05-05 10:26:00+05:30,39.0,39.0,39.0,39.0,0,25450
1160,2022-05-05 10:27:00+05:30,39.0,39.0,39.0,39.0,0,25450
1161,2022-05-05 10:28:00+05:30,38.9,39.05,38.9,39.05,150,25550
1162,2022-05-05 10:29:00+05:30,39.05,39.05,39.05,39.05,0,25550
1163,2022-05-05 10:30:00+05:30,39.05,39.05,38.95,38.95,50,25550
1164,2022-05-05 10:31:00+05:30,38.95,38.95,38.95,38.95,0,25550
1165,2022-05-05 10:32:00+05:30,38.95,38.95,38.95,38.95,0,25550
1166,2022-05-05 10:33:00+05:30,38.95,38.95,38.95,38.95,0,25550
1167,2022-05-05 10:34:00+05:30,38.95,38.95,38.95,38.95,0,25550
1168,2022-05-05 10:35:00+05:30,38.95,38.95,38.95,38.95,0,25550
1169,2022-05-05 10:36:00+05:30,38.95,38.95,38.95,38.95,0,25550
1170,2022-05-05 10:37:00+05:30,38.95,38.95,38.95,38.95,0,25550
1171,2022-05-05 10:38:00+05:30,38.95,39.7,38.95,39.7,50,25500
1172,2022-05-05 10:39:00+05:30,39.7,39.7,39.7,39.7,0,25500
1173,2022-05-05 10:40:00+05:30,39.7,39.7,39.7,39.7,0,25500
1174,2022-05-05 10:41:00+05:30,39.7,39.7,39.6,39.6,100,25450
1175,2022-05-05 10:42:00+05:30,39.6,39.7,39.6,39.7,50,25550
1176,2022-05-05 10:43:00+05:30,39.7,40.55,39.7,40.55,50,25550
1177,2022-05-05 10:44:00+05:30,40.55,40.55,40.55,40.55,0,25550
1178,2022-05-05 10:45:00+05:30,40.55,40.55,40.55,40.55,0,25550
1179,2022-05-05 10:46:00+05:30,40.55,40.55,40.55,40.55,0,25550
1180,2022-05-05 10:47:00+05:30,40.55,40.55,40.55,40.55,0,25550
1181,2022-05-05 10:48:00+05:30,40.55,40.55,40.55,40.55,0,25550
1182,2022-05-05 10:49:00+05:30,40.55,40.55,40.55,40.55,0,25550
1183,2022-05-05 10:50:00+05:30,40.55,40.55,40.55,40.55,0,25550
1184,2022-05-05 10:51:00+05:30,40.55,41.3,40.55,41.3,50,25500
1185,2022-05-05 10:52:00+05:30,41.3,41.3,41.3,41.3,0,25500
1186,2022-05-05 10:53:00+05:30,41.3,41.3,38.5,38.5,150,25500
1187,2022-05-05 10:54:00+05:30,38.5,38.5,38.5,38.5,0,25500
1188,2022-05-05 10:55:00+05:30,38.5,38.5,38.5,38.5,0,25500
1189,2022-05-05 10:56:00+05:30,38.5,39.85,38.5,39.85,100,25550
1190,2022-05-05 10:57:00+05:30,39.85,39.85,39.85,39.85,0,25550
1191,2022-05-05 10:58:00+05:30,39.85,39.85,39.85,39.85,0,25550
1192,2022-05-05 10:59:00+05:30,39.85,39.85,39.85,39.85,0,25550
1193,2022-05-05 11:00:00+05:30,39.85,39.85,39.85,39.85,0,25550
1194,2022-05-05 11:01:00+05:30,39.85,39.85,39.85,39.85,0,25550
1195,2022-05-05 11:02:00+05:30,39.85,39.85,39.85,39.85,0,25550
1196,2022-05-05 11:03:00+05:30,39.85,39.85,39.85,39.85,0,25550
1197,2022-05-05 11:04:00+05:30,39.85,39.85,39.65,39.65,50,25450
1198,2022-05-05 11:05:00+05:30,39.65,39.65,39.65,39.65,0,25450
1199,2022-05-05 11:06:00+05:30,39.65,39.65,39.65,39.65,0,25450
1200,2022-05-05 11:07:00+05:30,39.65,39.65,38.95,38.95,50,25450
1201,2022-05-05 11:08:00+05:30,38.95,38.95,38.0,38.0,250,25450
1202,2022-05-05 11:09:00+05:30,38.0,38.0,38.0,38.0,0,25450
1203,2022-05-05 11:10:00+05:30,38.0,39.0,38.0,39.0,100,25450
1204,2022-05-05 11:11:00+05:30,39.0,39.0,39.0,39.0,0,25450
1205,2022-05-05 11:12:00+05:30,39.0,39.0,39.0,39.0,0,25450
1206,2022-05-05 11:13:00+05:30,39.0,39.45,39.0,39.45,50,25450
1207,2022-05-05 11:14:00+05:30,39.45,39.45,39.45,39.45,0,25450
1208,2022-05-05 11:15:00+05:30,39.45,39.45,39.45,39.45,0,25450
1209,2022-05-05 11:16:00+05:30,39.45,40.55,39.45,40.55,50,25450
1210,2022-05-05 11:17:00+05:30,40.55,40.55,40.55,40.55,0,25450
1211,2022-05-05 11:18:00+05:30,40.55,40.55,40.55,40.55,0,25450
1212,2022-05-05 11:19:00+05:30,41.6,42.1,41.6,42.1,200,25500
1213,2022-05-05 11:20:00+05:30,42.1,42.1,42.1,42.1,50,25500
1214,2022-05-05 11:21:00+05:30,42.1,42.1,42.1,42.1,0,25500
1215,2022-05-05 11:22:00+05:30,42.1,42.1,42.1,42.1,0,25500
1216,2022-05-05 11:23:00+05:30,42.1,42.1,42.1,42.1,0,25500
1217,2022-05-05 11:24:00+05:30,42.1,42.1,41.7,41.7,50,25600
1218,2022-05-05 11:25:00+05:30,41.7,41.7,41.7,41.7,0,25600
1219,2022-05-05 11:26:00+05:30,41.7,41.7,40.45,40.45,300,25600
1220,2022-05-05 11:27:00+05:30,40.45,40.45,40.45,40.45,0,25600
1221,2022-05-05 11:28:00+05:30,40.45,40.45,40.45,40.45,0,25600
1222,2022-05-05 11:29:00+05:30,40.45,42.85,40.45,42.85,100,25750
1223,2022-05-05 11:30:00+05:30,42.85,42.85,42.85,42.85,0,25750
1224,2022-05-05 11:31:00+05:30,42.85,42.85,42.85,42.85,0,25750
1225,2022-05-05 11:32:00+05:30,42.85,42.85,42.85,42.85,0,25750
1226,2022-05-05 11:33:00+05:30,42.85,42.85,42.85,42.85,0,25750
1227,2022-05-05 11:34:00+05:30,42.85,42.85,42.85,42.85,0,25750
1228,2022-05-05 11:35:00+05:30,42.85,42.85,42.85,42.85,0,25750
1229,2022-05-05 11:36:00+05:30,42.85,42.85,42.85,42.85,0,25750
1230,2022-05-05 11:37:00+05:30,46.35,46.35,46.35,46.35,50,25800
1231,2022-05-05 11:38:00+05:30,46.35,46.35,46.35,46.35,0,25800
1232,2022-05-05 11:39:00+05:30,46.35,46.35,46.35,46.35,0,25800
1233,2022-05-05 11:40:00+05:30,46.35,46.35,45.65,46.35,550,25800
1234,2022-05-05 11:41:00+05:30,46.35,46.35,46.35,46.35,0,25800
1235,2022-05-05 11:42:00+05:30,46.35,46.35,44.8,44.8,50,25300
1236,2022-05-05 11:43:00+05:30,44.8,44.8,43.9,43.9,50,25300
1237,2022-05-05 11:44:00+05:30,43.9,45.8,43.9,45.8,100,25300
1238,2022-05-05 11:45:00+05:30,45.8,45.8,45.8,45.8,0,25300
1239,2022-05-05 11:46:00+05:30,45.8,45.8,45.8,45.8,0,25300
1240,2022-05-05 11:47:00+05:30,45.8,45.8,43.0,43.0,100,25450
1241,2022-05-05 11:48:00+05:30,43.0,43.0,43.0,43.0,0,25450
1242,2022-05-05 11:49:00+05:30,43.0,43.0,43.0,43.0,0,25450
1243,2022-05-05 11:50:00+05:30,43.0,43.0,42.85,42.85,100,25550
1244,2022-05-05 11:51:00+05:30,42.85,42.85,42.85,42.85,0,25550
1245,2022-05-05 11:52:00+05:30,42.85,42.85,42.85,42.85,0,25550
1246,2022-05-05 11:53:00+05:30,42.85,42.85,42.85,42.85,0,25550
1247,2022-05-05 11:54:00+05:30,42.85,44.4,42.85,44.4,50,25600
1248,2022-05-05 11:55:00+05:30,44.4,44.4,44.4,44.4,0,25600
1249,2022-05-05 11:56:00+05:30,44.4,44.4,44.4,44.4,0,25600
1250,2022-05-05 11:57:00+05:30,44.4,46.1,44.4,46.1,50,25650
1251,2022-05-05 11:58:00+05:30,46.1,47.1,46.1,47.1,200,25650
1252,2022-05-05 11:59:00+05:30,47.1,47.1,47.1,47.1,0,25650
1253,2022-05-05 12:00:00+05:30,47.1,48.35,47.1,48.35,150,25450
1254,2022-05-05 12:01:00+05:30,48.35,48.35,48.35,48.35,0,25450
1255,2022-05-05 12:02:00+05:30,48.35,48.35,48.35,48.35,0,25450
1256,2022-05-05 12:03:00+05:30,48.35,48.35,48.35,48.35,0,25450
1257,2022-05-05 12:04:00+05:30,48.35,48.35,48.35,48.35,0,25450
1258,2022-05-05 12:05:00+05:30,48.35,48.35,48.35,48.35,0,25450
1259,2022-05-05 12:06:00+05:30,48.35,48.35,47.9,47.9,0,25450
1260,2022-05-05 12:07:00+05:30,47.9,47.9,47.4,47.4,350,25450
1261,2022-05-05 12:08:00+05:30,47.4,47.4,47.4,47.4,0,25450
1262,2022-05-05 12:09:00+05:30,47.4,47.4,47.4,47.4,0,25450
1263,2022-05-05 12:10:00+05:30,47.4,47.4,47.4,47.4,0,25450
1264,2022-05-05 12:11:00+05:30,47.4,47.4,47.35,47.35,100,25600
1265,2022-05-05 12:12:00+05:30,47.35,47.35,47.35,47.35,0,25600
1266,2022-05-05 12:13:00+05:30,47.35,47.35,47.35,47.35,0,25600
1267,2022-05-05 12:14:00+05:30,47.35,47.35,47.35,47.35,0,25600
1268,2022-05-05 12:15:00+05:30,47.35,47.35,47.35,47.35,0,25600
1269,2022-05-05 12:16:00+05:30,47.35,47.35,47.35,47.35,0,25600
1270,2022-05-05 12:17:00+05:30,47.35,47.35,47.35,47.35,0,25600
1271,2022-05-05 12:18:00+05:30,47.35,47.35,44.95,45.6,650,25650
1272,2022-05-05 12:19:00+05:30,45.25,45.25,45.25,45.25,50,25650
1273,2022-05-05 12:20:00+05:30,45.25,45.25,45.25,45.25,0,25650
1274,2022-05-05 12:21:00+05:30,45.25,45.25,45.25,45.25,0,25650
1275,2022-05-05 12:22:00+05:30,45.25,45.25,45.25,45.25,0,25650
1276,2022-05-05 12:23:00+05:30,45.25,46.2,45.25,46.2,50,25650
1277,2022-05-05 12:24:00+05:30,46.2,46.2,46.2,46.2,0,25650
1278,2022-05-05 12:25:00+05:30,46.2,46.4,46.2,46.4,50,25600
1279,2022-05-05 12:26:00+05:30,46.4,46.4,46.4,46.4,0,25600
1280,2022-05-05 12:27:00+05:30,46.4,46.4,46.4,46.4,0,25600
1281,2022-05-05 12:28:00+05:30,46.4,46.4,46.4,46.4,0,25600
1282,2022-05-05 12:29:00+05:30,46.4,46.4,46.4,46.4,0,25600
1283,2022-05-05 12:30:00+05:30,46.4,46.4,46.4,46.4,0,25600
1284,2022-05-05 12:31:00+05:30,46.4,46.4,46.3,46.3,100,25550
1285,2022-05-05 12:32:00+05:30,46.3,46.3,46.3,46.3,0,25550
1286,2022-05-05 12:33:00+05:30,46.3,46.3,43.8,43.8,0,25650
1287,2022-05-05 12:34:00+05:30,43.8,43.8,43.8,43.8,100,25650
1288,2022-05-05 12:35:00+05:30,43.8,43.8,43.8,43.8,0,25650
1289,2022-05-05 12:36:00+05:30,43.8,43.8,42.2,42.2,100,25800
1290,2022-05-05 12:37:00+05:30,42.2,42.55,42.2,42.55,100,25800
1291,2022-05-05 12:38:00+05:30,42.55,42.6,42.55,42.6,50,25800
1292,2022-05-05 12:39:00+05:30,42.6,42.6,42.6,42.6,0,25800
1293,2022-05-05 12:40:00+05:30,42.6,42.6,42.6,42.6,0,25800
1294,2022-05-05 12:41:00+05:30,42.6,42.6,42.6,42.6,0,25800
1295,2022-05-05 12:42:00+05:30,42.6,42.6,42.6,42.6,0,25800
1296,2022-05-05 12:43:00+05:30,42.6,42.6,42.6,42.6,0,25800
1297,2022-05-05 12:44:00+05:30,42.6,42.6,42.6,42.6,0,25800
1298,2022-05-05 12:45:00+05:30,42.6,42.6,42.6,42.6,0,25800
1299,2022-05-05 12:46:00+05:30,42.6,42.6,42.6,42.6,0,25800
1300,2022-05-05 12:47:00+05:30,42.6,42.6,42.6,42.6,0,25800
1301,2022-05-05 12:48:00+05:30,42.6,46.35,42.6,46.25,100,25800
1302,2022-05-05 12:49:00+05:30,46.25,46.25,46.25,46.25,0,25800
1303,2022-05-05 12:50:00+05:30,46.25,46.25,43.6,43.6,100,25800
1304,2022-05-05 12:51:00+05:30,43.6,43.6,43.6,43.6,0,25800
1305,2022-05-05 12:52:00+05:30,43.6,43.6,43.6,43.6,0,25800
1306,2022-05-05 12:53:00+05:30,43.6,43.6,43.6,43.6,0,25800
1307,2022-05-05 12:54:00+05:30,43.6,43.6,43.6,43.6,0,25800
1308,2022-05-05 12:55:00+05:30,43.6,43.6,43.6,43.6,0,25800
1309,2022-05-05 12:56:00+05:30,43.6,43.6,43.6,43.6,0,25800
1310,2022-05-05 12:57:00+05:30,43.6,43.6,43.6,43.6,0,25800
1311,2022-05-05 12:58:00+05:30,43.6,43.6,43.6,43.6,0,25800
1312,2022-05-05 12:59:00+05:30,43.6,43.6,43.6,43.6,0,25800
1313,2022-05-05 13:00:00+05:30,43.6,43.6,43.6,43.6,0,25800
1314,2022-05-05 13:01:00+05:30,43.6,43.6,43.6,43.6,0,25800
1315,2022-05-05 13:02:00+05:30,43.6,43.6,43.6,43.6,0,25800
1316,2022-05-05 13:03:00+05:30,43.6,46.4,43.6,46.4,100,25900
1317,2022-05-05 13:04:00+05:30,46.4,46.4,46.4,46.4,0,25900
1318,2022-05-05 13:05:00+05:30,46.4,46.4,46.4,46.4,0,25900
1319,2022-05-05 13:06:00+05:30,46.4,46.4,46.4,46.4,0,25900
1320,2022-05-05 13:07:00+05:30,46.4,46.4,46.4,46.4,0,25900
1321,2022-05-05 13:08:00+05:30,46.4,46.4,46.4,46.4,0,25900
1322,2022-05-05 13:09:00+05:30,46.4,46.4,46.4,46.4,0,25900
1323,2022-05-05 13:10:00+05:30,46.4,46.4,46.4,46.4,0,25900
1324,2022-05-05 13:11:00+05:30,46.4,46.4,46.4,46.4,0,25900
1325,2022-05-05 13:12:00+05:30,46.4,51.65,46.4,50.05,600,25900
1326,2022-05-05 13:13:00+05:30,50.05,50.05,50.05,50.05,0,25900
1327,2022-05-05 13:14:00+05:30,50.05,50.05,50.05,50.05,0,25900
1328,2022-05-05 13:15:00+05:30,50.05,53.95,50.05,53.95,400,25900
1329,2022-05-05 13:16:00+05:30,53.95,54.45,53.95,54.45,450,25750
1330,2022-05-05 13:17:00+05:30,54.45,54.45,54.45,54.45,0,25750
1331,2022-05-05 13:18:00+05:30,54.45,54.45,54.45,54.45,0,25750
1332,2022-05-05 13:19:00+05:30,54.45,54.45,54.45,54.45,0,25750
1333,2022-05-05 13:20:00+05:30,54.45,54.45,54.45,54.45,0,25750
1334,2022-05-05 13:21:00+05:30,54.45,54.45,54.45,54.45,0,25750
1335,2022-05-05 13:22:00+05:30,54.45,54.45,54.45,54.45,0,25750
1336,2022-05-05 13:23:00+05:30,54.45,54.45,47.55,47.55,100,25800
1337,2022-05-05 13:24:00+05:30,47.55,47.55,47.55,47.55,0,25800
1338,2022-05-05 13:25:00+05:30,47.55,47.55,47.55,47.55,0,25800
1339,2022-05-05 13:26:00+05:30,47.55,47.55,47.55,47.55,0,25800
1340,2022-05-05 13:27:00+05:30,47.55,47.55,47.55,47.55,0,25800
1341,2022-05-05 13:28:00+05:30,47.55,47.55,47.1,47.1,100,25600
1342,2022-05-05 13:29:00+05:30,47.1,47.1,46.65,46.65,50,25600
1343,2022-05-05 13:30:00+05:30,46.65,46.65,46.65,46.65,0,25600
1344,2022-05-05 13:31:00+05:30,46.65,46.65,46.65,46.65,0,25600
1345,2022-05-05 13:32:00+05:30,46.65,46.65,46.65,46.65,0,25600
1346,2022-05-05 13:33:00+05:30,46.65,46.65,46.65,46.65,0,25600
1347,2022-05-05 13:34:00+05:30,46.65,46.65,46.65,46.65,0,25600
1348,2022-05-05 13:35:00+05:30,46.65,49.25,46.65,49.25,50,25550
1349,2022-05-05 13:36:00+05:30,49.25,49.25,49.25,49.25,0,25550
1350,2022-05-05 13:37:00+05:30,49.25,49.3,49.25,49.3,100,25550
1351,2022-05-05 13:38:00+05:30,49.3,51.35,49.05,51.35,100,25550
1352,2022-05-05 13:39:00+05:30,51.35,51.35,51.35,51.35,50,25550
1353,2022-05-05 13:40:00+05:30,51.35,53.8,51.35,53.8,350,25450
1354,2022-05-05 13:41:00+05:30,53.8,53.8,53.8,53.8,0,25450
1355,2022-05-05 13:42:00+05:30,53.8,53.8,51.35,51.35,50,25450
1356,2022-05-05 13:43:00+05:30,51.35,51.35,51.35,51.35,0,25450
1357,2022-05-05 13:44:00+05:30,51.35,51.35,51.35,51.35,0,25450
1358,2022-05-05 13:45:00+05:30,55.25,55.25,53.9,53.9,350,25750
1359,2022-05-05 13:46:00+05:30,53.9,53.9,53.9,53.9,0,25750
1360,2022-05-05 13:47:00+05:30,53.9,53.9,53.55,53.55,50,25750
1361,2022-05-05 13:48:00+05:30,53.55,53.55,53.55,53.55,0,25750
1362,2022-05-05 13:49:00+05:30,53.55,53.55,53.55,53.55,0,25750
1363,2022-05-05 13:50:00+05:30,53.55,53.55,53.55,53.55,0,25750
1364,2022-05-05 13:51:00+05:30,53.55,53.55,50.95,50.95,50,25750
1365,2022-05-05 13:52:00+05:30,50.95,50.95,50.95,50.95,0,25750
1366,2022-05-05 13:53:00+05:30,50.95,52.0,50.95,52.0,50,25750
1367,2022-05-05 13:54:00+05:30,52.0,52.0,52.0,52.0,0,25750
1368,2022-05-05 13:55:00+05:30,52.0,52.0,52.0,52.0,0,25750
1369,2022-05-05 13:56:00+05:30,52.0,54.65,52.0,54.65,50,25750
1370,2022-05-05 13:57:00+05:30,54.65,54.65,54.65,54.65,0,25750
1371,2022-05-05 13:58:00+05:30,54.65,54.65,54.65,54.65,0,25750
1372,2022-05-05 13:59:00+05:30,54.65,55.05,54.65,55.05,100,25800
1373,2022-05-05 14:00:00+05:30,55.05,55.85,55.05,55.45,150,25950
1374,2022-05-05 14:01:00+05:30,55.45,56.0,55.25,55.25,650,25950
1375,2022-05-05 14:02:00+05:30,55.25,56.25,55.25,56.25,100,25950
1376,2022-05-05 14:03:00+05:30,56.25,57.7,56.25,57.7,50,25950
1377,2022-05-05 14:04:00+05:30,57.7,57.7,57.0,57.05,250,26200
1378,2022-05-05 14:05:00+05:30,57.05,57.7,57.05,57.7,100,26200
1379,2022-05-05 14:06:00+05:30,57.35,57.35,55.95,55.95,1950,26200
1380,2022-05-05 14:07:00+05:30,55.95,57.05,55.95,57.05,1000,27100
1381,2022-05-05 14:08:00+05:30,57.05,57.85,57.05,57.85,2650,27100
1382,2022-05-05 14:09:00+05:30,57.85,57.85,57.85,57.85,0,27100
1383,2022-05-05 14:10:00+05:30,57.85,62.1,57.85,61.5,150,28750
1384,2022-05-05 14:11:00+05:30,61.5,63.1,61.5,62.75,1700,28750
1385,2022-05-05 14:12:00+05:30,62.75,62.75,59.8,60.4,1600,29800
1386,2022-05-05 14:13:00+05:30,60.4,60.4,57.6,57.6,150,29800
1387,2022-05-05 14:14:00+05:30,57.1,59.35,57.1,59.35,400,29800
1388,2022-05-05 14:15:00+05:30,59.35,61.15,59.35,61.15,50,30150
1389,2022-05-05 14:16:00+05:30,61.15,61.15,60.65,60.65,100,30150
1390,2022-05-05 14:17:00+05:30,60.65,60.65,60.65,60.65,0,30150
1391,2022-05-05 14:18:00+05:30,60.65,60.65,60.65,60.65,0,30150
1392,2022-05-05 14:19:00+05:30,60.65,60.65,60.65,60.65,0,30150
1393,2022-05-05 14:20:00+05:30,60.65,62.1,60.65,62.1,200,30200
1394,2022-05-05 14:21:00+05:30,62.1,62.1,62.1,62.1,0,30200
1395,2022-05-05 14:22:00+05:30,62.1,63.55,62.1,63.55,150,30250
1396,2022-05-05 14:23:00+05:30,63.55,63.55,63.55,63.55,0,30250
1397,2022-05-05 14:24:00+05:30,63.55,63.55,63.55,63.55,0,30250
1398,2022-05-05 14:25:00+05:30,63.55,63.55,63.55,63.55,0,30250
1399,2022-05-05 14:26:00+05:30,63.55,63.55,59.0,59.0,100,30100
1400,2022-05-05 14:27:00+05:30,59.0,59.0,59.0,59.0,0,30100
1401,2022-05-05 14:28:00+05:30,59.0,59.0,54.4,55.55,250,30100
1402,2022-05-05 14:29:00+05:30,55.55,55.6,54.75,55.6,150,30100
1403,2022-05-05 14:30:00+05:30,55.6,55.6,54.95,54.95,400,30250
1404,2022-05-05 14:31:00+05:30,54.95,58.25,54.95,58.25,300,30250
1405,2022-05-05 14:32:00+05:30,58.7,58.7,58.7,58.7,50,30250
1406,2022-05-05 14:33:00+05:30,58.7,60.15,58.7,60.15,150,30250
1407,2022-05-05 14:34:00+05:30,60.15,60.55,60.15,60.55,100,30400
1408,2022-05-05 14:35:00+05:30,60.55,60.55,58.25,58.25,150,30400
1409,2022-05-05 14:36:00+05:30,58.25,58.25,58.25,58.25,0,30400
1410,2022-05-05 14:37:00+05:30,58.25,59.55,58.25,58.75,150,30400
1411,2022-05-05 14:38:00+05:30,58.75,58.75,58.75,58.75,0,30400
1412,2022-05-05 14:39:00+05:30,58.75,58.75,58.75,58.75,0,30400
1413,2022-05-05 14:40:00+05:30,58.75,58.75,58.75,58.75,0,30400
1414,2022-05-05 14:41:00+05:30,58.75,58.75,56.25,56.25,100,30450
1415,2022-05-05 14:42:00+05:30,56.25,56.25,56.25,56.25,0,30450
1416,2022-05-05 14:43:00+05:30,56.25,56.25,56.25,56.25,0,30450
1417,2022-05-05 14:44:00+05:30,56.25,56.25,56.25,56.25,0,30450
1418,2022-05-05 14:45:00+05:30,56.25,62.45,56.25,62.25,150,30450
1419,2022-05-05 14:46:00+05:30,62.25,62.25,56.2,56.2,100,30500
1420,2022-05-05 14:47:00+05:30,56.2,56.2,52.45,52.45,50,30500
1421,2022-05-05 14:48:00+05:30,52.75,55.45,52.75,54.9,550,30500
1422,2022-05-05 14:49:00+05:30,54.9,54.9,54.9,54.9,0,30500
1423,2022-05-05 14:50:00+05:30,54.9,54.9,54.9,54.9,0,30500
1424,2022-05-05 14:51:00+05:30,54.9,54.9,54.9,54.9,0,30500
1425,2022-05-05 14:52:00+05:30,54.9,54.9,54.9,54.9,0,30500
1426,2022-05-05 14:53:00+05:30,54.55,54.55,54.55,54.55,100,30750
1427,2022-05-05 14:54:00+05:30,54.55,54.55,54.55,54.55,0,30750
1428,2022-05-05 14:55:00+05:30,54.55,54.55,54.55,54.55,0,30750
1429,2022-05-05 14:56:00+05:30,54.55,54.55,54.55,54.55,0,30750
1430,2022-05-05 14:57:00+05:30,54.55,54.55,54.55,54.55,0,30750
1431,2022-05-05 14:58:00+05:30,54.55,54.55,54.55,54.55,0,30750
1432,2022-05-05 14:59:00+05:30,54.55,54.55,54.55,54.55,0,30750
1433,2022-05-05 15:00:00+05:30,54.55,54.55,54.55,54.55,0,30750
1434,2022-05-05 15:01:00+05:30,54.55,54.55,54.55,54.55,0,30750
1435,2022-05-05 15:02:00+05:30,54.55,59.7,54.55,59.7,200,30850
1436,2022-05-05 15:03:00+05:30,59.7,60.15,59.7,60.15,50,30850
1437,2022-05-05 15:04:00+05:30,60.15,60.15,59.6,59.6,50,30750
1438,2022-05-05 15:05:00+05:30,59.6,61.0,59.6,60.8,250,30750
1439,2022-05-05 15:06:00+05:30,60.8,60.8,60.8,60.8,0,30750
1440,2022-05-05 15:07:00+05:30,60.8,62.1,60.8,62.1,100,30800
1441,2022-05-05 15:08:00+05:30,62.1,62.1,58.75,58.75,100,30800
1442,2022-05-05 15:09:00+05:30,58.75,58.75,58.6,58.6,50,30800
1443,2022-05-05 15:10:00+05:30,58.6,58.6,58.6,58.6,0,30800
1444,2022-05-05 15:11:00+05:30,58.6,58.6,58.6,58.6,0,30800
1445,2022-05-05 15:12:00+05:30,58.6,58.6,58.6,58.6,0,30800
1446,2022-05-05 15:13:00+05:30,58.6,58.6,58.6,58.6,0,30800
1447,2022-05-05 15:14:00+05:30,58.6,58.6,58.6,58.6,0,30800
1448,2022-05-05 15:15:00+05:30,58.6,58.6,58.6,58.6,0,30800
1449,2022-05-05 15:16:00+05:30,58.6,58.6,58.6,58.6,0,30800
1450,2022-05-05 15:17:00+05:30,58.6,58.6,58.6,58.6,0,30800
1451,2022-05-05 15:18:00+05:30,58.6,58.6,58.6,58.6,0,30800
1452,2022-05-05 15:19:00+05:30,58.6,58.6,57.65,57.65,100,31050
1453,2022-05-05 15:20:00+05:30,57.65,57.65,57.0,57.6,950,31050
1454,2022-05-05 15:21:00+05:30,57.6,58.05,57.6,58.05,350,31050
1455,2022-05-05 15:22:00+05:30,58.05,58.05,58.05,58.05,0,31050
1456,2022-05-05 15:23:00+05:30,58.05,58.1,58.05,58.1,50,30700
1457,2022-05-05 15:24:00+05:30,58.1,58.1,58.1,58.1,0,30700
1458,2022-05-05 15:25:00+05:30,58.1,59.35,58.1,59.35,50,30700
1459,2022-05-05 15:26:00+05:30,59.35,59.35,58.95,59.0,100,30700
1460,2022-05-05 15:27:00+05:30,59.0,60.25,59.0,60.1,100,30700
1461,2022-05-05 15:28:00+05:30,60.1,61.0,60.1,61.0,50,30750
1462,2022-05-05 15:29:00+05:30,61.0,61.2,61.0,61.1,200,30750
1463,2022-05-06 09:15:00+05:30,107.1,107.1,107.1,107.1,0,0
1464,2022-05-06 09:19:00+05:30,107.1,107.8,107.1,107.8,150,30800
1465,2022-05-06 09:20:00+05:30,107.8,111.15,107.8,111.15,100,30800
1466,2022-05-06 09:21:00+05:30,111.15,111.15,108.0,108.0,400,30800
1467,2022-05-06 09:22:00+05:30,108.0,108.0,106.1,106.1,400,30800
1468,2022-05-06 09:23:00+05:30,106.1,110.0,106.1,110.0,350,30850
1469,2022-05-06 09:24:00+05:30,110.0,110.0,109.35,110.0,100,30850
1470,2022-05-06 09:25:00+05:30,110.0,111.0,110.0,111.0,50,30850
1471,2022-05-06 09:26:00+05:30,111.0,111.05,106.7,106.7,600,31050
1472,2022-05-06 09:27:00+05:30,106.7,106.95,104.9,106.95,300,31050
1473,2022-05-06 09:28:00+05:30,106.95,106.95,105.05,105.05,150,31050
1474,2022-05-06 09:29:00+05:30,105.05,105.05,103.0,103.0,150,31400
1475,2022-05-06 09:30:00+05:30,103.0,103.0,100.85,100.85,50,31400
1476,2022-05-06 09:31:00+05:30,100.85,104.9,100.85,104.15,250,31400
1477,2022-05-06 09:32:00+05:30,104.15,104.15,103.7,104.1,200,31700
1478,2022-05-06 09:33:00+05:30,104.1,104.1,104.1,104.1,0,31700
1479,2022-05-06 09:34:00+05:30,104.1,104.1,98.1,99.0,1450,31700
1480,2022-05-06 09:35:00+05:30,99.0,99.0,93.85,94.3,500,32500
1481,2022-05-06 09:36:00+05:30,93.25,94.0,93.25,94.0,700,32500
1482,2022-05-06 09:37:00+05:30,94.0,94.0,91.65,91.65,100,32500
1483,2022-05-06 09:38:00+05:30,91.65,91.65,91.65,91.65,0,32500
1484,2022-05-06 09:39:00+05:30,91.65,96.9,91.65,96.9,200,32650
1485,2022-05-06 09:40:00+05:30,96.9,100.8,96.9,100.8,100,32650
1486,2022-05-06 09:41:00+05:30,100.8,100.8,100.8,100.8,0,32650
1487,2022-05-06 09:42:00+05:30,100.8,100.8,93.85,95.15,1450,32750
1488,2022-05-06 09:43:00+05:30,95.15,95.15,95.15,95.15,0,32750
1489,2022-05-06 09:44:00+05:30,95.15,95.15,95.15,95.15,0,32750
1490,2022-05-06 09:45:00+05:30,95.15,95.15,94.9,95.15,100,33400
1491,2022-05-06 09:46:00+05:30,95.15,95.15,95.15,95.15,0,33400
1492,2022-05-06 09:47:00+05:30,95.15,97.5,95.0,95.7,3250,33400
1493,2022-05-06 09:48:00+05:30,96.4,97.2,95.7,97.2,400,33400
1494,2022-05-06 09:49:00+05:30,97.2,97.2,97.2,97.2,250,33400
1495,2022-05-06 09:50:00+05:30,97.2,97.2,97.2,97.2,0,33400
1496,2022-05-06 09:51:00+05:30,97.2,100.2,97.2,100.2,50,33200
1497,2022-05-06 09:52:00+05:30,100.2,100.2,100.2,100.2,0,33200
1498,2022-05-06 09:53:00+05:30,100.2,100.2,100.2,100.2,0,33200
1499,2022-05-06 09:54:00+05:30,100.2,100.2,100.2,100.2,0,33200
1500,2022-05-06 09:55:00+05:30,100.2,100.2,100.2,100.2,0,33200
1501,2022-05-06 09:56:00+05:30,100.2,100.2,100.2,100.2,0,33200
1502,2022-05-06 09:57:00+05:30,100.2,100.2,99.45,99.45,50,33250
1503,2022-05-06 09:58:00+05:30,99.45,103.0,99.45,103.0,150,33250
1504,2022-05-06 09:59:00+05:30,103.0,103.0,102.45,102.45,50,33250
1505,2022-05-06 10:00:00+05:30,102.45,102.45,102.45,102.45,0,33250
1506,2022-05-06 10:01:00+05:30,102.45,105.0,102.45,105.0,500,33450
1507,2022-05-06 10:02:00+05:30,105.0,107.3,105.0,107.3,100,33450
1508,2022-05-06 10:03:00+05:30,107.3,108.55,105.9,105.9,150,33450
1509,2022-05-06 10:04:00+05:30,105.9,105.9,105.9,105.9,0,33450
1510,2022-05-06 10:05:00+05:30,105.9,105.9,105.9,105.9,0,33450
1511,2022-05-06 10:06:00+05:30,105.9,108.75,105.9,107.45,300,33450
1512,2022-05-06 10:07:00+05:30,107.45,107.45,105.0,105.0,650,33450
1513,2022-05-06 10:08:00+05:30,105.0,105.5,105.0,105.5,100,34150
1514,2022-05-06 10:09:00+05:30,105.5,105.5,105.5,105.5,0,34150
1515,2022-05-06 10:10:00+05:30,105.5,105.5,105.5,105.5,0,34150
1516,2022-05-06 10:11:00+05:30,105.5,105.5,105.5,105.5,0,34150
1517,2022-05-06 10:12:00+05:30,105.5,105.5,105.5,105.5,0,34150
1518,2022-05-06 10:13:00+05:30,105.5,105.5,105.5,105.5,0,34150
1519,2022-05-06 10:14:00+05:30,105.5,109.1,105.5,109.1,50,34250
1520,2022-05-06 10:15:00+05:30,109.1,116.75,109.1,116.75,300,34250
1521,2022-05-06 10:16:00+05:30,116.75,118.2,116.75,118.2,50,34250
1522,2022-05-06 10:17:00+05:30,118.2,118.2,118.1,118.1,50,34250
1523,2022-05-06 10:18:00+05:30,115.0,116.75,115.0,116.75,100,34100
1524,2022-05-06 10:19:00+05:30,116.75,118.95,116.75,118.95,50,34100
1525,2022-05-06 10:20:00+05:30,118.95,118.95,118.95,118.95,0,34100
1526,2022-05-06 10:21:00+05:30,118.95,118.95,118.95,118.95,0,34100
1527,2022-05-06 10:22:00+05:30,118.95,118.95,118.95,118.95,0,34100
1528,2022-05-06 10:23:00+05:30,118.95,118.95,115.95,116.0,2700,34100
1529,2022-05-06 10:24:00+05:30,116.0,119.65,116.0,119.3,100,36200
1530,2022-05-06 10:25:00+05:30,119.3,121.0,119.3,119.75,450,36200
1531,2022-05-06 10:26:00+05:30,119.75,119.75,115.8,115.8,150,36100
1532,2022-05-06 10:27:00+05:30,115.8,116.4,115.8,116.4,150,36100
1533,2022-05-06 10:28:00+05:30,116.4,116.4,116.4,116.4,0,36100
1534,2022-05-06 10:29:00+05:30,116.4,116.4,114.15,114.15,100,36100
1535,2022-05-06 10:30:00+05:30,114.15,114.15,114.15,114.15,0,36100
1536,2022-05-06 10:31:00+05:30,114.15,114.15,111.25,112.2,2650,36250
1537,2022-05-06 10:32:00+05:30,112.2,115.0,112.0,115.0,300,36900
1538,2022-05-06 10:33:00+05:30,115.0,115.0,113.75,114.7,150,36900
1539,2022-05-06 10:34:00+05:30,114.7,114.7,108.9,108.9,50,36900
1540,2022-05-06 10:35:00+05:30,108.9,108.9,105.55,105.55,100,37100
1541,2022-05-06 10:36:00+05:30,105.55,109.8,105.05,109.8,750,37100
1542,2022-05-06 10:37:00+05:30,109.8,109.8,109.8,109.8,0,37100
1543,2022-05-06 10:38:00+05:30,109.8,109.8,109.8,109.8,0,37100
1544,2022-05-06 10:39:00+05:30,109.8,109.8,109.8,109.8,0,37100
1545,2022-05-06 10:40:00+05:30,109.8,109.8,109.8,109.8,0,37100
1546,2022-05-06 10:41:00+05:30,109.8,109.8,109.8,109.8,0,37100
1547,2022-05-06 10:42:00+05:30,109.8,109.8,109.8,109.8,0,37100
1548,2022-05-06 10:43:00+05:30,109.8,111.45,109.8,111.45,200,37400
1549,2022-05-06 10:44:00+05:30,111.45,111.45,111.45,111.45,0,37400
1550,2022-05-06 10:45:00+05:30,111.45,111.45,111.45,111.45,0,37400
1551,2022-05-06 10:46:00+05:30,111.45,113.35,111.45,113.35,50,37400
1552,2022-05-06 10:47:00+05:30,113.35,113.35,113.35,113.35,0,37400
1553,2022-05-06 10:48:00+05:30,113.35,113.35,113.35,113.35,0,37400
1554,2022-05-06 10:49:00+05:30,113.35,113.35,110.3,110.3,250,37400
1555,2022-05-06 10:50:00+05:30,110.3,112.25,110.3,112.25,250,37400
1556,2022-05-06 10:51:00+05:30,112.25,112.25,112.25,112.25,0,37400
1557,2022-05-06 10:52:00+05:30,112.25,112.25,112.25,112.25,0,37400
1558,2022-05-06 10:53:00+05:30,112.25,112.25,112.25,112.25,0,37400
1559,2022-05-06 10:54:00+05:30,112.25,112.25,112.25,112.25,0,37400
1560,2022-05-06 10:55:00+05:30,112.25,112.25,112.25,112.25,0,37400
1561,2022-05-06 10:56:00+05:30,112.25,114.55,112.25,114.55,50,37750
1562,2022-05-06 10:57:00+05:30,114.55,114.55,114.55,114.55,0,37750
1563,2022-05-06 10:58:00+05:30,114.55,114.55,110.75,110.95,400,37750
1564,2022-05-06 10:59:00+05:30,110.95,110.95,110.95,110.95,0,37750
1565,2022-05-06 11:00:00+05:30,110.95,116.05,110.95,116.05,50,37850
1566,2022-05-06 11:01:00+05:30,116.05,116.05,115.6,115.6,150,37850
1567,2022-05-06 11:02:00+05:30,115.6,117.95,115.6,116.4,2850,40350
1568,2022-05-06 11:03:00+05:30,116.4,120.1,116.4,120.1,300,40350
1569,2022-05-06 11:04:00+05:30,120.1,120.1,118.05,119.2,350,40350
1570,2022-05-06 11:05:00+05:30,119.2,119.75,119.2,119.75,50,42100
1571,2022-05-06 11:06:00+05:30,119.75,121.2,117.25,117.25,400,42100
1572,2022-05-06 11:07:00+05:30,117.25,119.65,117.25,118.2,400,42100
1573,2022-05-06 11:08:00+05:30,118.2,118.2,116.4,116.4,50,42100
1574,2022-05-06 11:09:00+05:30,116.4,118.65,116.4,118.65,50,41500
1575,2022-05-06 11:10:00+05:30,118.65,118.65,113.65,115.15,850,41500
1576,2022-05-06 11:11:00+05:30,115.15,117.0,115.15,117.0,250,41500
1577,2022-05-06 11:12:00+05:30,117.0,117.1,116.05,116.75,300,42250
1578,2022-05-06 11:13:00+05:30,116.75,116.75,116.75,116.75,0,42250
1579,2022-05-06 11:14:00+05:30,116.75,116.75,116.4,116.4,50,42250
1580,2022-05-06 11:15:00+05:30,116.8,116.8,116.8,116.8,50,42250
1581,2022-05-06 11:16:00+05:30,116.8,118.8,116.8,118.8,50,42250
1582,2022-05-06 11:17:00+05:30,118.8,120.0,118.65,120.0,300,42200
1583,2022-05-06 11:18:00+05:30,120.0,120.0,119.7,119.7,50,42200
1584,2022-05-06 11:19:00+05:30,119.7,119.7,118.6,118.6,400,42200
1585,2022-05-06 11:20:00+05:30,118.6,118.6,118.6,118.6,50,42400
1586,2022-05-06 11:21:00+05:30,118.6,118.6,118.6,118.6,0,42400
1587,2022-05-06 11:22:00+05:30,118.6,120.0,118.6,120.0,50,42400
1588,2022-05-06 11:23:00+05:30,120.0,120.0,119.25,119.25,250,42450
1589,2022-05-06 11:24:00+05:30,119.25,120.6,118.6,119.05,750,42450
1590,2022-05-06 11:25:00+05:30,119.05,120.2,119.05,120.2,350,42450
1591,2022-05-06 11:26:00+05:30,120.2,120.2,120.2,120.2,0,42450
1592,2022-05-06 11:27:00+05:30,120.2,121.4,120.2,121.4,50,42950
1593,2022-05-06 11:28:00+05:30,121.4,122.3,121.4,121.75,100,42950
1594,2022-05-06 11:29:00+05:30,121.75,121.75,119.55,119.55,100,42950
1595,2022-05-06 11:30:00+05:30,119.55,120.15,119.55,120.15,150,42950
1596,2022-05-06 11:31:00+05:30,120.15,122.1,120.15,122.1,50,42950
1597,2022-05-06 11:32:00+05:30,122.1,122.1,122.1,122.1,0,42950
1598,2022-05-06 11:33:00+05:30,117.45,117.45,110.85,110.85,350,43250
1599,2022-05-06 11:34:00+05:30,110.85,110.85,106.65,108.15,1050,43250
1600,2022-05-06 11:35:00+05:30,108.15,108.15,108.15,108.15,0,43250
1601,2022-05-06 11:36:00+05:30,108.15,108.85,108.0,108.6,650,43550
1602,2022-05-06 11:37:00+05:30,108.6,108.6,103.95,103.95,550,43550
1603,2022-05-06 11:38:00+05:30,103.95,106.7,103.95,106.7,0,43550
1604,2022-05-06 11:39:00+05:30,106.7,106.7,103.15,103.45,100,44300
1605,2022-05-06 11:40:00+05:30,103.45,106.85,103.45,106.85,50,44300
1606,2022-05-06 11:41:00+05:30,106.85,106.85,100.15,102.35,200,44350
1607,2022-05-06 11:42:00+05:30,102.35,103.55,102.35,103.55,50,44350
1608,2022-05-06 11:43:00+05:30,103.55,106.3,103.55,106.3,300,44350
1609,2022-05-06 11:44:00+05:30,106.3,106.3,104.6,104.6,200,44000
1610,2022-05-06 11:45:00+05:30,104.6,104.6,104.3,104.3,50,44000
1611,2022-05-06 11:46:00+05:30,104.3,109.7,104.3,109.6,200,44000
1612,2022-05-06 11:47:00+05:30,109.6,109.6,108.45,108.55,200,43900
1613,2022-05-06 11:48:00+05:30,108.55,109.1,108.55,109.1,50,43900
1614,2022-05-06 11:49:00+05:30,109.1,109.1,109.1,109.1,0,43900
1615,2022-05-06 11:50:00+05:30,109.1,110.5,109.1,110.5,50,43900
1616,2022-05-06 11:51:00+05:30,109.75,109.75,109.75,109.75,50,43800
1617,2022-05-06 11:52:00+05:30,109.75,109.75,109.75,109.75,0,43800
1618,2022-05-06 11:53:00+05:30,109.75,109.75,109.75,109.75,0,43800
1619,2022-05-06 11:54:00+05:30,109.75,109.75,109.75,109.75,0,43800
1620,2022-05-06 11:55:00+05:30,109.75,114.15,109.75,114.15,150,43850
1621,2022-05-06 11:56:00+05:30,114.15,114.15,111.95,111.95,50,43850
1622,2022-05-06 11:57:00+05:30,111.95,111.95,111.95,111.95,0,43850
1623,2022-05-06 11:58:00+05:30,111.95,112.0,111.95,112.0,50,43900
1624,2022-05-06 11:59:00+05:30,112.0,112.0,112.0,112.0,0,43900
1625,2022-05-06 12:00:00+05:30,112.0,112.0,109.85,109.85,0,43950
1626,2022-05-06 12:01:00+05:30,109.85,110.2,109.85,110.2,100,43950
1627,2022-05-06 12:02:00+05:30,110.2,112.3,110.2,112.3,50,43950
1628,2022-05-06 12:03:00+05:30,112.3,112.3,109.85,109.85,50,43950
1629,2022-05-06 12:04:00+05:30,109.85,110.1,109.85,110.1,50,43950
1630,2022-05-06 12:05:00+05:30,110.1,110.1,110.1,110.1,0,43950
1631,2022-05-06 12:06:00+05:30,110.1,110.1,108.75,108.75,50,43900
1632,2022-05-06 12:07:00+05:30,108.75,108.75,108.75,108.75,0,43900
1633,2022-05-06 12:08:00+05:30,108.75,108.75,108.75,108.75,0,43900
1634,2022-05-06 12:09:00+05:30,107.45,107.45,107.45,107.45,50,43950
1635,2022-05-06 12:10:00+05:30,107.45,107.9,107.45,107.85,1300,43950
1636,2022-05-06 12:11:00+05:30,107.85,108.6,107.85,108.5,150,43950
1637,2022-05-06 12:12:00+05:30,108.5,108.5,108.5,108.5,0,43950
1638,2022-05-06 12:13:00+05:30,108.5,108.5,108.5,108.5,0,43950
1639,2022-05-06 12:14:00+05:30,108.5,108.5,108.5,108.5,0,43950
1640,2022-05-06 12:15:00+05:30,108.5,108.5,108.5,108.5,0,43950
1641,2022-05-06 12:16:00+05:30,108.5,108.5,106.5,106.5,50,44300
1642,2022-05-06 12:17:00+05:30,106.5,106.5,106.5,106.5,0,44300
1643,2022-05-06 12:18:00+05:30,106.5,106.5,106.5,106.5,0,44300
1644,2022-05-06 12:19:00+05:30,106.5,110.2,106.5,110.2,200,44250
1645,2022-05-06 12:20:00+05:30,110.2,111.85,110.2,111.85,50,44250
1646,2022-05-06 12:21:00+05:30,111.85,111.85,107.45,107.45,50,44100
1647,2022-05-06 12:22:00+05:30,107.45,110.35,107.45,110.35,50,44100
1648,2022-05-06 12:23:00+05:30,110.35,110.35,110.35,110.35,0,44100
1649,2022-05-06 12:24:00+05:30,110.35,110.35,110.2,110.2,50,44100
1650,2022-05-06 12:25:00+05:30,111.05,111.05,110.2,111.05,100,44100
1651,2022-05-06 12:26:00+05:30,111.05,111.05,111.05,111.05,0,44100
1652,2022-05-06 12:27:00+05:30,111.05,111.05,111.05,111.05,0,44100
1653,2022-05-06 12:28:00+05:30,112.15,112.15,112.15,112.15,50,44100
1654,2022-05-06 12:29:00+05:30,112.15,115.2,112.15,115.2,1250,44100
1655,2022-05-06 12:30:00+05:30,115.2,117.55,115.2,116.5,250,43750
1656,2022-05-06 12:31:00+05:30,116.5,116.5,115.9,115.9,550,43750
1657,2022-05-06 12:32:00+05:30,115.9,118.25,115.9,118.25,50,43750
1658,2022-05-06 12:33:00+05:30,118.25,118.25,116.5,116.5,100,43550
1659,2022-05-06 12:34:00+05:30,116.5,116.8,116.05,116.8,150,43550
1660,2022-05-06 12:35:00+05:30,116.8,116.8,116.8,116.8,0,43550
1661,2022-05-06 12:36:00+05:30,116.8,116.8,116.8,116.8,0,43550
1662,2022-05-06 12:37:00+05:30,116.8,116.8,116.8,116.8,0,43550
1663,2022-05-06 12:38:00+05:30,116.8,116.8,116.8,116.8,0,43550
1664,2022-05-06 12:39:00+05:30,116.8,116.8,116.8,116.8,0,43550
1665,2022-05-06 12:40:00+05:30,116.8,119.75,116.8,118.7,100,43400
1666,2022-05-06 12:41:00+05:30,118.7,118.7,118.7,118.7,0,43400
1667,2022-05-06 12:42:00+05:30,118.35,118.35,118.35,118.35,50,43450
1668,2022-05-06 12:43:00+05:30,118.35,118.35,118.35,118.35,0,43450
1669,2022-05-06 12:44:00+05:30,118.35,118.35,112.2,112.2,50,43450
1670,2022-05-06 12:45:00+05:30,112.2,112.2,108.9,108.9,50,43500
1671,2022-05-06 12:46:00+05:30,108.9,108.9,105.6,105.6,350,43500
1672,2022-05-06 12:47:00+05:30,105.6,108.05,105.6,106.45,250,43700
1673,2022-05-06 12:48:00+05:30,106.45,107.05,106.45,107.05,100,43700
1674,2022-05-06 12:49:00+05:30,107.05,108.6,107.05,108.6,50,43700
1675,2022-05-06 12:50:00+05:30,108.6,109.3,107.2,109.3,100,43600
1676,2022-05-06 12:51:00+05:30,109.3,110.95,109.3,110.95,450,43600
1677,2022-05-06 12:52:00+05:30,110.95,110.95,110.25,110.25,50,43600
1678,2022-05-06 12:53:00+05:30,110.25,113.45,110.25,113.15,0,43250
1679,2022-05-06 12:54:00+05:30,113.15,113.15,113.15,113.15,150,43250
1680,2022-05-06 12:55:00+05:30,113.15,113.15,112.9,112.9,50,43250
1681,2022-05-06 12:56:00+05:30,112.9,112.9,112.9,112.9,0,43250
1682,2022-05-06 12:57:00+05:30,112.9,112.9,112.9,112.9,0,43250
1683,2022-05-06 12:58:00+05:30,112.9,112.9,112.6,112.6,100,42850
1684,2022-05-06 12:59:00+05:30,112.6,112.6,112.6,112.6,0,42850
1685,2022-05-06 13:00:00+05:30,112.6,112.6,112.6,112.6,0,42850
1686,2022-05-06 13:01:00+05:30,112.6,112.6,112.6,112.6,0,42850
1687,2022-05-06 13:02:00+05:30,112.6,114.3,112.6,114.3,100,42750
1688,2022-05-06 13:03:00+05:30,114.3,114.3,114.3,114.3,0,42750
1689,2022-05-06 13:04:00+05:30,114.3,114.3,114.3,114.3,0,42750
1690,2022-05-06 13:05:00+05:30,114.3,114.3,114.3,114.3,0,42750
1691,2022-05-06 13:06:00+05:30,114.3,114.3,114.3,114.3,0,42750
1692,2022-05-06 13:07:00+05:30,114.3,117.9,114.3,117.9,100,42750
1693,2022-05-06 13:08:00+05:30,117.9,117.9,117.9,117.9,0,42750
1694,2022-05-06 13:09:00+05:30,117.9,117.9,117.9,117.9,0,42750
1695,2022-05-06 13:10:00+05:30,117.9,117.9,117.9,117.9,0,42750
1696,2022-05-06 13:11:00+05:30,117.9,117.9,117.9,117.9,0,42750
1697,2022-05-06 13:12:00+05:30,117.9,117.9,117.9,117.9,0,42750
1698,2022-05-06 13:13:00+05:30,117.9,117.9,117.9,117.9,0,42750
1699,2022-05-06 13:14:00+05:30,117.9,119.05,116.75,119.05,450,42800
1700,2022-05-06 13:15:00+05:30,119.05,119.05,119.05,119.05,0,42800
1701,2022-05-06 13:16:00+05:30,119.05,119.05,119.05,119.05,0,42800
1702,2022-05-06 13:17:00+05:30,119.05,119.05,116.45,117.75,550,42750
1703,2022-05-06 13:18:00+05:30,117.75,120.4,117.75,120.4,150,42900
1704,2022-05-06 13:19:00+05:30,120.4,120.8,120.4,120.8,50,42900
1705,2022-05-06 13:20:00+05:30,120.75,120.75,120.75,120.75,50,42900
1706,2022-05-06 13:21:00+05:30,120.75,120.75,120.75,120.75,0,42900
1707,2022-05-06 13:22:00+05:30,120.75,124.2,120.75,124.2,50,42900
1708,2022-05-06 13:23:00+05:30,124.2,124.2,119.15,119.15,50,42900
1709,2022-05-06 13:24:00+05:30,119.15,119.15,116.8,116.8,50,42900
1710,2022-05-06 13:25:00+05:30,116.8,116.8,111.65,111.65,50,42900
1711,2022-05-06 13:26:00+05:30,111.65,111.65,111.4,111.4,50,42900
1712,2022-05-06 13:27:00+05:30,111.4,111.4,108.75,108.75,50,42850
1713,2022-05-06 13:28:00+05:30,108.75,108.75,107.5,107.5,100,42850
1714,2022-05-06 13:29:00+05:30,107.5,107.5,102.0,103.55,550,42850
1715,2022-05-06 13:30:00+05:30,103.55,103.55,100.55,100.55,100,42850
1716,2022-05-06 13:31:00+05:30,100.55,100.55,100.55,100.55,0,42850
1717,2022-05-06 13:32:00+05:30,100.55,109.3,100.55,109.3,50,42850
1718,2022-05-06 13:33:00+05:30,109.3,109.3,109.3,109.3,0,42850
1719,2022-05-06 13:34:00+05:30,109.3,109.3,107.15,107.15,150,42800
1720,2022-05-06 13:35:00+05:30,107.15,107.15,106.55,106.55,50,42800
1721,2022-05-06 13:36:00+05:30,106.55,107.05,106.55,107.05,50,42850
1722,2022-05-06 13:37:00+05:30,107.05,107.05,107.05,107.05,0,42850
1723,2022-05-06 13:38:00+05:30,107.05,107.05,107.05,107.05,0,42850
1724,2022-05-06 13:39:00+05:30,107.05,107.05,107.05,107.05,0,42850
1725,2022-05-06 13:40:00+05:30,107.05,107.05,105.65,106.5,100,42850
1726,2022-05-06 13:41:00+05:30,106.5,106.5,106.5,106.5,0,42850
1727,2022-05-06 13:42:00+05:30,106.5,109.55,106.5,109.55,150,42700
1728,2022-05-06 13:43:00+05:30,109.55,111.95,109.55,111.95,50,42700
1729,2022-05-06 13:44:00+05:30,112.0,112.15,112.0,112.15,100,42700
1730,2022-05-06 13:45:00+05:30,112.15,112.85,112.15,112.2,100,42800
1731,2022-05-06 13:46:00+05:30,112.2,112.2,112.2,112.2,0,42800
1732,2022-05-06 13:47:00+05:30,112.2,112.2,112.2,112.2,0,42800
1733,2022-05-06 13:48:00+05:30,112.2,112.2,112.2,112.2,50,42850
1734,2022-05-06 13:49:00+05:30,112.2,112.2,108.4,108.4,100,42850
1735,2022-05-06 13:50:00+05:30,108.4,108.4,104.8,104.8,100,42850
1736,2022-05-06 13:51:00+05:30,104.8,108.85,104.8,108.85,50,43050
1737,2022-05-06 13:52:00+05:30,108.85,108.85,108.85,108.85,0,43050
1738,2022-05-06 13:53:00+05:30,108.85,108.85,108.85,108.85,0,43050
1739,2022-05-06 13:54:00+05:30,108.85,108.85,108.85,108.85,0,43050
1740,2022-05-06 13:55:00+05:30,108.85,108.85,108.85,108.85,0,43050
1741,2022-05-06 13:56:00+05:30,108.85,108.85,108.85,108.85,0,43050
1742,2022-05-06 13:57:00+05:30,108.85,108.85,108.85,108.85,0,43050
1743,2022-05-06 13:58:00+05:30,108.85,110.0,108.85,110.0,50,42950
1744,2022-05-06 13:59:00+05:30,110.0,110.0,110.0,110.0,50,42950
1745,2022-05-06 14:00:00+05:30,110.0,110.0,110.0,110.0,0,42950
1746,2022-05-06 14:01:00+05:30,110.0,110.0,104.2,104.2,150,42950
1747,2022-05-06 14:02:00+05:30,104.2,104.2,100.55,100.55,50,42950
1748,2022-05-06 14:03:00+05:30,100.55,100.55,100.55,100.55,0,42950
1749,2022-05-06 14:04:00+05:30,100.55,101.0,100.55,101.0,50,43050
1750,2022-05-06 14:05:00+05:30,101.0,101.0,101.0,101.0,0,43050
1751,2022-05-06 14:06:00+05:30,101.0,106.35,101.0,106.1,400,43100
1752,2022-05-06 14:07:00+05:30,106.1,106.1,105.7,105.7,50,43100
1753,2022-05-06 14:08:00+05:30,105.7,105.7,105.7,105.7,0,43100
1754,2022-05-06 14:09:00+05:30,105.7,105.7,100.65,100.65,50,43150
1755,2022-05-06 14:10:00+05:30,100.65,100.65,98.1,98.1,50,43150
1756,2022-05-06 14:11:00+05:30,98.1,103.2,98.1,103.2,50,43150
1757,2022-05-06 14:12:00+05:30,103.2,103.2,103.2,103.2,0,43150
1758,2022-05-06 14:13:00+05:30,103.2,105.5,103.2,105.5,100,43200
1759,2022-05-06 14:14:00+05:30,105.5,105.5,105.5,105.5,0,43200
1760,2022-05-06 14:15:00+05:30,105.5,105.5,103.5,105.4,250,43000
1761,2022-05-06 14:16:00+05:30,105.4,105.4,105.4,105.4,0,43000
1762,2022-05-06 14:17:00+05:30,105.4,105.4,103.3,103.3,50,43000
1763,2022-05-06 14:18:00+05:30,103.3,103.3,103.3,103.3,0,43000
1764,2022-05-06 14:19:00+05:30,103.3,104.8,103.3,104.8,50,43000
1765,2022-05-06 14:20:00+05:30,104.8,104.8,103.3,103.3,50,43000
1766,2022-05-06 14:21:00+05:30,103.3,103.3,103.3,103.3,0,43000
1767,2022-05-06 14:22:00+05:30,103.3,103.3,99.5,99.5,100,43000
1768,2022-05-06 14:23:00+05:30,99.5,99.5,95.35,98.15,450,43000
1769,2022-05-06 14:24:00+05:30,98.15,105.55,98.15,102.3,450,43250
1770,2022-05-06 14:25:00+05:30,102.3,102.6,99.65,101.5,400,43250
1771,2022-05-06 14:26:00+05:30,101.5,104.15,101.5,104.15,100,43250
1772,2022-05-06 14:27:00+05:30,104.15,104.15,103.4,103.4,50,43400
1773,2022-05-06 14:28:00+05:30,103.4,103.4,103.4,103.4,0,43400
1774,2022-05-06 14:29:00+05:30,103.4,103.4,103.4,103.4,0,43400
1775,2022-05-06 14:30:00+05:30,103.4,106.5,103.4,106.5,250,43600
1776,2022-05-06 14:31:00+05:30,106.35,106.5,105.6,105.6,150,43600
1777,2022-05-06 14:32:00+05:30,105.6,105.6,105.6,105.6,0,43600
1778,2022-05-06 14:33:00+05:30,105.6,105.6,104.5,104.5,150,44000
1779,2022-05-06 14:34:00+05:30,104.5,104.5,104.5,104.5,0,44000
1780,2022-05-06 14:35:00+05:30,104.5,104.5,104.5,104.5,0,44000
1781,2022-05-06 14:36:00+05:30,104.5,104.5,104.5,104.5,0,44000
1782,2022-05-06 14:37:00+05:30,104.5,104.5,104.5,104.5,0,44000
1783,2022-05-06 14:38:00+05:30,104.5,111.25,104.5,111.25,50,44000
1784,2022-05-06 14:39:00+05:30,111.25,111.25,111.25,111.25,0,44000
1785,2022-05-06 14:40:00+05:30,111.25,111.25,108.6,108.6,250,43800
1786,2022-05-06 14:41:00+05:30,108.6,110.8,107.9,107.9,250,43800
1787,2022-05-06 14:42:00+05:30,107.9,107.9,107.9,107.9,0,43800
1788,2022-05-06 14:43:00+05:30,107.9,107.9,107.9,107.9,0,43800
1789,2022-05-06 14:44:00+05:30,107.9,112.1,107.9,112.1,150,44300
1790,2022-05-06 14:45:00+05:30,112.1,112.1,112.1,112.1,0,44300
1791,2022-05-06 14:46:00+05:30,112.1,112.1,112.1,112.1,0,44300
1792,2022-05-06 14:47:00+05:30,112.1,112.1,110.3,111.05,250,44300
1793,2022-05-06 14:48:00+05:30,111.05,112.95,111.05,112.95,100,44300
1794,2022-05-06 14:49:00+05:30,112.95,112.95,112.95,112.95,0,44300
1795,2022-05-06 14:50:00+05:30,112.95,112.95,107.85,108.7,200,44300
1796,2022-05-06 14:51:00+05:30,108.7,108.7,108.7,108.7,0,44300
1797,2022-05-06 14:52:00+05:30,108.7,108.7,108.7,108.7,0,44300
1798,2022-05-06 14:53:00+05:30,108.7,108.7,108.7,108.7,0,44300
1799,2022-05-06 14:54:00+05:30,108.7,112.95,108.7,112.95,50,44350
1800,2022-05-06 14:55:00+05:30,112.95,112.95,109.4,109.4,100,44350
1801,2022-05-06 14:56:00+05:30,109.4,109.4,109.4,109.4,0,44350
1802,2022-05-06 14:57:00+05:30,109.4,114.2,109.4,111.35,200,44200
1803,2022-05-06 14:58:00+05:30,111.35,112.05,111.35,112.05,50,44200
1804,2022-05-06 14:59:00+05:30,112.05,112.05,112.05,112.05,0,44200
1805,2022-05-06 15:00:00+05:30,112.05,115.05,112.05,113.25,700,44250
1806,2022-05-06 15:01:00+05:30,113.25,113.25,113.25,113.25,50,44250
1807,2022-05-06 15:02:00+05:30,113.25,113.25,107.05,107.05,50,44250
1808,2022-05-06 15:03:00+05:30,104.15,107.05,104.15,105.2,300,44550
1809,2022-05-06 15:04:00+05:30,105.2,105.2,105.2,105.2,0,44550
1810,2022-05-06 15:05:00+05:30,105.2,109.7,105.2,109.7,50,44550
1811,2022-05-06 15:06:00+05:30,109.7,110.35,109.7,110.35,150,44550
1812,2022-05-06 15:07:00+05:30,110.35,110.35,110.35,110.35,0,44550
1813,2022-05-06 15:08:00+05:30,110.35,113.35,110.35,113.35,100,44700
1814,2022-05-06 15:09:00+05:30,113.35,113.35,111.85,111.85,50,44700
1815,2022-05-06 15:10:00+05:30,111.85,111.85,109.7,110.1,700,44750
1816,2022-05-06 15:11:00+05:30,110.1,110.1,105.85,105.85,50,44750
1817,2022-05-06 15:12:00+05:30,105.85,105.85,103.65,104.85,100,44700
1818,2022-05-06 15:13:00+05:30,104.85,106.8,104.85,106.8,50,44700
1819,2022-05-06 15:14:00+05:30,106.8,106.8,104.45,104.45,200,44700
1820,2022-05-06 15:15:00+05:30,104.45,104.45,102.5,102.85,100,44700
1821,2022-05-06 15:16:00+05:30,101.55,103.75,101.55,103.7,250,44800
1822,2022-05-06 15:17:00+05:30,103.7,103.7,103.7,103.7,0,44800
1823,2022-05-06 15:18:00+05:30,103.7,103.7,101.25,101.25,50,44950
1824,2022-05-06 15:19:00+05:30,101.25,102.15,101.25,102.15,50,44950
1825,2022-05-06 15:20:00+05:30,102.15,102.15,101.8,101.8,50,44950
1826,2022-05-06 15:21:00+05:30,101.8,101.8,99.7,99.85,100,45000
1827,2022-05-06 15:22:00+05:30,99.85,100.8,99.4,99.4,250,45000
1828,2022-05-06 15:23:00+05:30,99.4,101.05,99.4,100.5,150,45000
1829,2022-05-06 15:24:00+05:30,100.5,100.5,100.5,100.5,0,45000
1830,2022-05-06 15:25:00+05:30,101.55,101.55,98.85,98.85,650,45150
1831,2022-05-06 15:26:00+05:30,98.85,99.15,98.85,98.85,100,45150
1832,2022-05-06 15:27:00+05:30,98.85,98.85,98.85,98.85,0,45150
1833,2022-05-06 15:28:00+05:30,98.85,99.0,98.85,99.0,50,45200
1834,2022-05-06 15:29:00+05:30,99.0,99.0,97.0,97.0,300,45200
1835,2022-05-09 09:15:00+05:30,106.0,142.7,106.0,142.7,100,44950
1836,2022-05-09 09:16:00+05:30,126.25,136.25,125.05,136.25,750,44950
1837,2022-05-09 09:17:00+05:30,136.25,139.95,135.35,137.35,850,45900
1838,2022-05-09 09:18:00+05:30,137.35,141.4,135.35,141.4,800,45900
1839,2022-05-09 09:19:00+05:30,141.4,150.3,141.4,149.75,500,45900
1840,2022-05-09 09:20:00+05:30,149.75,154.7,149.75,153.65,250,46200
1841,2022-05-09 09:21:00+05:30,149.2,153.25,148.25,152.35,800,46200
1842,2022-05-09 09:22:00+05:30,152.35,152.35,150.9,151.85,100,46200
1843,2022-05-09 09:23:00+05:30,151.85,151.85,147.05,147.05,300,46300
1844,2022-05-09 09:24:00+05:30,147.05,150.1,147.05,150.1,200,46300
1845,2022-05-09 09:25:00+05:30,150.1,156.0,150.1,154.5,350,46300
1846,2022-05-09 09:26:00+05:30,154.5,154.5,154.5,154.5,0,46300
1847,2022-05-09 09:27:00+05:30,154.5,154.5,154.5,154.5,0,46300
1848,2022-05-09 09:28:00+05:30,154.5,155.75,154.5,155.75,200,46150
1849,2022-05-09 09:29:00+05:30,155.75,156.2,155.45,155.45,400,46150
1850,2022-05-09 09:30:00+05:30,155.45,160.95,155.45,157.9,700,46150
1851,2022-05-09 09:31:00+05:30,157.9,157.9,154.95,157.05,100,46150
1852,2022-05-09 09:32:00+05:30,157.05,157.05,156.8,156.8,50,45900
1853,2022-05-09 09:33:00+05:30,156.8,156.8,156.8,156.8,50,45900
1854,2022-05-09 09:34:00+05:30,156.75,156.8,155.5,156.3,150,45900
1855,2022-05-09 09:35:00+05:30,156.3,156.3,156.3,156.3,0,45900
1856,2022-05-09 09:36:00+05:30,147.9,147.9,146.35,146.35,150,46000
1857,2022-05-09 09:37:00+05:30,146.35,147.55,146.35,147.55,50,46000
1858,2022-05-09 09:38:00+05:30,147.55,147.55,145.45,145.45,250,46050
1859,2022-05-09 09:39:00+05:30,145.45,145.45,141.4,141.4,50,46050
1860,2022-05-09 09:40:00+05:30,141.4,143.6,141.4,143.6,150,46050
1861,2022-05-09 09:41:00+05:30,143.6,144.55,143.4,143.4,50,46050
1862,2022-05-09 09:42:00+05:30,143.4,143.4,143.4,143.4,50,46050
1863,2022-05-09 09:43:00+05:30,143.4,143.4,140.15,141.5,350,46050
1864,2022-05-09 09:44:00+05:30,141.5,141.5,139.75,139.95,350,46050
1865,2022-05-09 09:45:00+05:30,141.25,143.05,139.95,142.65,300,46050
1866,2022-05-09 09:46:00+05:30,142.65,147.5,142.65,147.0,300,46050
1867,2022-05-09 09:47:00+05:30,147.0,147.0,147.0,147.0,0,46050
1868,2022-05-09 09:48:00+05:30,147.0,147.0,139.35,139.35,200,46400
1869,2022-05-09 09:49:00+05:30,139.35,139.35,131.8,132.25,350,46400
1870,2022-05-09 09:50:00+05:30,132.25,134.85,132.25,134.85,50,46200
1871,2022-05-09 09:51:00+05:30,134.85,138.1,134.15,138.1,1600,46200
1872,2022-05-09 09:52:00+05:30,138.1,139.05,135.4,135.4,2150,46200
1873,2022-05-09 09:53:00+05:30,135.4,137.2,135.25,137.2,600,45050
1874,2022-05-09 09:54:00+05:30,137.2,138.3,135.15,135.15,1050,45050
1875,2022-05-09 09:55:00+05:30,135.15,135.15,133.7,133.7,250,45050
1876,2022-05-09 09:56:00+05:30,133.7,134.0,133.7,134.0,250,45250
1877,2022-05-09 09:57:00+05:30,134.0,134.95,134.0,134.95,50,45250
1878,2022-05-09 09:58:00+05:30,134.95,134.95,130.0,130.0,150,45250
1879,2022-05-09 09:59:00+05:30,130.0,130.0,129.3,129.3,50,45250
1880,2022-05-09 10:00:00+05:30,129.3,135.35,129.3,134.2,500,44800
1881,2022-05-09 10:01:00+05:30,134.2,136.5,134.2,136.5,100,44800
1882,2022-05-09 10:02:00+05:30,136.5,136.5,130.25,130.25,150,44600
1883,2022-05-09 10:03:00+05:30,129.7,129.7,126.45,126.45,750,44600
1884,2022-05-09 10:04:00+05:30,126.45,129.5,126.25,129.5,150,44600
1885,2022-05-09 10:05:00+05:30,129.5,131.35,129.5,130.35,750,45150
1886,2022-05-09 10:06:00+05:30,130.35,130.35,124.75,125.35,550,45150
1887,2022-05-09 10:07:00+05:30,125.35,125.35,123.8,123.8,1000,45150
1888,2022-05-09 10:08:00+05:30,123.8,123.8,123.8,123.8,0,45150
1889,2022-05-09 10:09:00+05:30,123.8,127.05,123.8,126.95,400,45400
1890,2022-05-09 10:10:00+05:30,126.95,131.35,126.95,131.35,100,45400
1891,2022-05-09 10:11:00+05:30,131.35,133.9,131.15,131.15,250,45550
1892,2022-05-09 10:12:00+05:30,131.15,134.35,131.15,133.0,650,45550
1893,2022-05-09 10:13:00+05:30,133.0,133.1,131.45,131.45,350,45550
1894,2022-05-09 10:14:00+05:30,131.45,131.45,128.0,130.35,300,45850
1895,2022-05-09 10:15:00+05:30,132.6,132.7,131.6,132.7,1550,45850
1896,2022-05-09 10:16:00+05:30,132.7,136.3,132.7,134.8,400,45850
1897,2022-05-09 10:17:00+05:30,134.8,134.8,127.0,127.0,500,45550
1898,2022-05-09 10:18:00+05:30,127.1,130.9,127.1,130.9,200,45550
1899,2022-05-09 10:19:00+05:30,130.9,132.1,130.9,132.1,50,45550
1900,2022-05-09 10:20:00+05:30,132.1,132.75,131.75,132.75,150,45550
1901,2022-05-09 10:21:00+05:30,132.75,134.3,132.75,134.3,100,45850
1902,2022-05-09 10:22:00+05:30,134.3,135.1,134.3,135.1,50,45850
1903,2022-05-09 10:23:00+05:30,135.1,135.1,129.8,129.8,150,45800
1904,2022-05-09 10:24:00+05:30,129.8,130.0,129.5,130.0,500,45800
1905,2022-05-09 10:25:00+05:30,130.0,130.0,129.15,129.15,100,45800
1906,2022-05-09 10:26:00+05:30,129.15,132.9,129.15,132.9,100,46150
1907,2022-05-09 10:27:00+05:30,132.9,134.6,132.9,134.4,250,46150
1908,2022-05-09 10:28:00+05:30,134.4,134.4,134.4,134.4,0,46150
1909,2022-05-09 10:29:00+05:30,134.4,134.5,134.4,134.5,300,45700
1910,2022-05-09 10:30:00+05:30,135.0,135.0,134.45,134.45,100,45700
1911,2022-05-09 10:31:00+05:30,134.45,138.75,134.45,138.75,50,45700
1912,2022-05-09 10:32:00+05:30,138.75,138.75,137.15,138.05,100,45950
1913,2022-05-09 10:33:00+05:30,138.05,138.05,137.5,137.5,200,45950
1914,2022-05-09 10:34:00+05:30,137.5,138.0,137.5,138.0,0,45950
1915,2022-05-09 10:35:00+05:30,139.0,139.0,136.85,136.85,1700,46050
1916,2022-05-09 10:36:00+05:30,137.7,138.65,137.7,138.35,500,46050
1917,2022-05-09 10:37:00+05:30,138.35,138.35,137.0,137.0,50,46050
1918,2022-05-09 10:38:00+05:30,137.0,137.0,133.75,133.9,150,46250
1919,2022-05-09 10:39:00+05:30,134.65,134.65,134.0,134.0,250,46250
1920,2022-05-09 10:40:00+05:30,134.0,134.0,134.0,134.0,150,46250
1921,2022-05-09 10:41:00+05:30,134.0,135.5,134.0,135.45,1900,47900
1922,2022-05-09 10:42:00+05:30,135.45,137.2,135.45,137.2,450,47900
1923,2022-05-09 10:43:00+05:30,137.2,139.25,137.2,137.85,300,47900
1924,2022-05-09 10:44:00+05:30,137.85,137.85,136.35,137.4,400,48100
1925,2022-05-09 10:45:00+05:30,137.4,137.95,137.4,137.75,500,48100
1926,2022-05-09 10:46:00+05:30,137.75,138.5,136.95,137.4,900,48100
1927,2022-05-09 10:47:00+05:30,137.5,138.9,136.0,136.0,2650,47950
1928,2022-05-09 10:48:00+05:30,136.0,136.25,136.0,136.25,50,47950
1929,2022-05-09 10:49:00+05:30,136.25,136.25,136.25,136.25,0,47950
1930,2022-05-09 10:50:00+05:30,140.05,140.05,138.45,138.45,350,48000
1931,2022-05-09 10:51:00+05:30,138.45,138.45,138.45,138.45,0,48000
1932,2022-05-09 10:52:00+05:30,138.45,141.45,138.45,141.45,50,48000
1933,2022-05-09 10:53:00+05:30,141.45,141.45,139.45,139.45,300,48000
1934,2022-05-09 10:54:00+05:30,139.45,140.55,139.45,140.55,400,48150
1935,2022-05-09 10:55:00+05:30,140.55,142.55,140.55,142.25,200,48150
1936,2022-05-09 10:56:00+05:30,142.25,143.75,142.25,143.75,50,48150
1937,2022-05-09 10:57:00+05:30,143.75,143.75,142.45,142.45,50,48450
1938,2022-05-09 10:58:00+05:30,142.45,142.45,140.5,140.5,100,48450
1939,2022-05-09 10:59:00+05:30,140.5,141.45,140.5,141.45,100,48450
1940,2022-05-09 11:00:00+05:30,141.45,141.45,140.0,140.0,150,48450
1941,2022-05-09 11:01:00+05:30,140.0,140.0,139.0,139.0,50,48450
1942,2022-05-09 11:02:00+05:30,139.0,139.0,134.55,134.55,300,48700
1943,2022-05-09 11:03:00+05:30,134.55,134.55,134.55,134.55,0,48700
1944,2022-05-09 11:04:00+05:30,134.55,134.55,134.55,134.55,0,48700
1945,2022-05-09 11:05:00+05:30,134.55,134.55,134.55,134.55,0,48700
1946,2022-05-09 11:06:00+05:30,134.55,134.55,134.55,134.55,0,48700
1947,2022-05-09 11:07:00+05:30,134.55,134.55,134.55,134.55,0,48700
1948,2022-05-09 11:08:00+05:30,134.55,134.55,134.55,134.55,0,48700
1949,2022-05-09 11:09:00+05:30,134.55,139.25,134.55,139.25,50,48250
1950,2022-05-09 11:10:00+05:30,139.25,139.25,139.25,139.25,50,48250
1951,2022-05-09 11:11:00+05:30,139.25,139.25,135.0,135.0,150,48250
1952,2022-05-09 11:12:00+05:30,135.0,135.0,135.0,135.0,0,48250
1953,2022-05-09 11:13:00+05:30,135.0,139.0,135.0,139.0,50,48250
1954,2022-05-09 11:14:00+05:30,139.0,139.0,139.0,139.0,0,48250
1955,2022-05-09 11:15:00+05:30,139.0,139.0,137.05,137.05,50,48250
1956,2022-05-09 11:16:00+05:30,137.05,138.9,137.05,138.9,50,48250
1957,2022-05-09 11:17:00+05:30,138.9,138.9,138.3,138.3,50,48250
1958,2022-05-09 11:18:00+05:30,138.3,138.3,138.3,138.3,0,48250
1959,2022-05-09 11:19:00+05:30,138.3,138.3,138.3,138.3,0,48250
1960,2022-05-09 11:20:00+05:30,138.3,141.45,138.3,140.85,100,48300
1961,2022-05-09 11:21:00+05:30,140.85,140.85,138.65,138.65,100,48400
1962,2022-05-09 11:22:00+05:30,138.65,139.7,138.65,139.7,50,48400
1963,2022-05-09 11:23:00+05:30,139.7,139.7,139.7,139.7,50,48250
1964,2022-05-09 11:24:00+05:30,139.7,139.7,136.9,136.9,200,48250
1965,2022-05-09 11:25:00+05:30,136.5,136.9,136.5,136.5,50,48250
1966,2022-05-09 11:26:00+05:30,136.5,136.5,136.1,136.1,150,48250
1967,2022-05-09 11:27:00+05:30,136.3,136.3,136.3,136.3,50,48350
1968,2022-05-09 11:28:00+05:30,136.3,136.9,136.3,136.9,50,48350
1969,2022-05-09 11:29:00+05:30,136.9,136.9,136.9,136.9,0,48350
1970,2022-05-09 11:30:00+05:30,136.9,136.9,136.55,136.55,50,48350
1971,2022-05-09 11:31:00+05:30,136.55,136.55,134.9,135.4,1000,48350
1972,2022-05-09 11:32:00+05:30,135.4,135.4,132.9,132.9,150,48350
1973,2022-05-09 11:33:00+05:30,132.9,132.9,132.9,132.9,0,48350
1974,2022-05-09 11:34:00+05:30,132.9,132.9,132.9,132.9,0,48350
1975,2022-05-09 11:35:00+05:30,132.9,132.9,122.25,123.25,400,49150
1976,2022-05-09 11:36:00+05:30,123.25,126.45,123.25,126.45,0,49150
1977,2022-05-09 11:37:00+05:30,126.4,128.8,126.3,128.8,1400,49150
1978,2022-05-09 11:38:00+05:30,128.8,128.8,127.45,127.8,400,49150
1979,2022-05-09 11:39:00+05:30,127.8,127.8,120.0,120.65,1400,48300
1980,2022-05-09 11:40:00+05:30,119.5,119.5,115.2,119.0,500,48300
1981,2022-05-09 11:41:00+05:30,119.0,119.8,119.0,119.0,100,48300
1982,2022-05-09 11:42:00+05:30,119.0,120.35,118.35,120.35,900,47750
1983,2022-05-09 11:43:00+05:30,120.35,120.35,117.7,117.7,50,47750
1984,2022-05-09 11:44:00+05:30,119.0,119.0,118.7,118.7,150,48000
1985,2022-05-09 11:45:00+05:30,118.7,118.7,117.95,118.35,400,48000
1986,2022-05-09 11:46:00+05:30,118.35,118.35,116.45,117.55,450,48000
1987,2022-05-09 11:47:00+05:30,117.55,117.55,117.55,117.55,0,48000
1988,2022-05-09 11:48:00+05:30,117.55,121.5,117.55,119.45,100,48250
1989,2022-05-09 11:49:00+05:30,119.45,119.45,119.45,119.45,100,48250
1990,2022-05-09 11:50:00+05:30,119.45,121.4,119.45,121.4,50,48250
1991,2022-05-09 11:51:00+05:30,121.4,121.95,121.4,121.95,0,48200
1992,2022-05-09 11:52:00+05:30,121.95,123.7,121.95,123.7,100,48200
1993,2022-05-09 11:53:00+05:30,123.7,123.7,123.45,123.7,100,48200
1994,2022-05-09 11:54:00+05:30,123.7,123.7,121.65,121.9,200,47450
1995,2022-05-09 11:55:00+05:30,122.5,122.5,122.5,122.5,50,47450
1996,2022-05-09 11:56:00+05:30,122.5,122.5,121.4,121.4,50,47450
1997,2022-05-09 11:57:00+05:30,121.4,121.4,121.4,121.4,0,47450
1998,2022-05-09 11:58:00+05:30,121.4,121.4,121.0,121.2,250,47600
1999,2022-05-09 11:59:00+05:30,121.2,121.4,121.2,121.4,500,47600
2000,2022-05-09 12:00:00+05:30,121.4,121.4,118.1,118.1,50,47050
2001,2022-05-09 12:01:00+05:30,118.1,121.2,118.1,121.2,350,47050
2002,2022-05-09 12:02:00+05:30,121.2,121.2,120.65,120.65,50,47050
2003,2022-05-09 12:03:00+05:30,120.65,120.65,120.65,120.65,0,47050
2004,2022-05-09 12:04:00+05:30,120.65,122.3,120.65,122.3,50,47200
2005,2022-05-09 12:05:00+05:30,122.3,122.3,122.3,122.3,0,47200
2006,2022-05-09 12:06:00+05:30,122.3,122.3,122.3,122.3,0,47200
2007,2022-05-09 12:07:00+05:30,122.3,122.3,120.6,120.6,50,47150
2008,2022-05-09 12:08:00+05:30,120.6,120.6,120.6,120.6,0,47150
2009,2022-05-09 12:09:00+05:30,120.6,120.6,120.6,120.6,0,47150
2010,2022-05-09 12:10:00+05:30,120.6,120.6,120.6,120.6,0,47150
2011,2022-05-09 12:11:00+05:30,120.6,120.6,116.2,116.9,350,47100
2012,2022-05-09 12:12:00+05:30,116.9,116.9,115.05,115.05,50,47200
2013,2022-05-09 12:13:00+05:30,115.05,115.05,111.85,111.95,350,47200
2014,2022-05-09 12:14:00+05:30,111.95,111.95,111.95,111.95,0,47200
2015,2022-05-09 12:15:00+05:30,111.95,114.0,111.7,114.0,700,47350
2016,2022-05-09 12:16:00+05:30,114.0,114.0,112.5,113.8,100,47350
2017,2022-05-09 12:17:00+05:30,113.8,114.85,113.8,114.85,50,47350
2018,2022-05-09 12:18:00+05:30,114.85,118.8,114.85,118.8,50,47800
2019,2022-05-09 12:19:00+05:30,118.8,118.8,115.0,115.0,850,47800
2020,2022-05-09 12:20:00+05:30,115.5,116.7,115.0,116.25,400,47800
2021,2022-05-09 12:21:00+05:30,116.25,116.25,116.25,116.25,0,47800
2022,2022-05-09 12:22:00+05:30,116.25,116.25,116.25,116.25,0,47800
2023,2022-05-09 12:23:00+05:30,116.25,116.25,116.25,116.25,0,47800
2024,2022-05-09 12:24:00+05:30,116.25,116.25,113.45,113.45,150,48550
2025,2022-05-09 12:25:00+05:30,113.0,113.05,112.6,112.6,600,48550
2026,2022-05-09 12:26:00+05:30,112.6,112.6,109.9,109.9,200,48550
2027,2022-05-09 12:27:00+05:30,109.9,109.9,107.7,107.95,1100,49200
2028,2022-05-09 12:28:00+05:30,107.95,110.8,107.95,110.8,50,49200
2029,2022-05-09 12:29:00+05:30,110.8,110.8,110.8,110.8,0,49200
2030,2022-05-09 12:30:00+05:30,110.8,112.25,110.8,111.0,200,49950
2031,2022-05-09 12:31:00+05:30,111.0,111.0,106.75,107.15,700,49950
2032,2022-05-09 12:32:00+05:30,107.15,108.25,106.65,108.25,600,50800
2033,2022-05-09 12:33:00+05:30,108.25,108.8,108.25,108.8,50,50800
2034,2022-05-09 12:34:00+05:30,108.8,110.85,108.8,110.85,300,50800
2035,2022-05-09 12:35:00+05:30,110.85,111.2,110.0,111.2,100,50800
2036,2022-05-09 12:36:00+05:30,111.2,111.2,110.25,110.25,50,49800
2037,2022-05-09 12:37:00+05:30,110.25,110.25,110.25,110.25,0,49800
2038,2022-05-09 12:38:00+05:30,110.25,110.25,110.25,110.25,0,49800
2039,2022-05-09 12:39:00+05:30,109.6,110.05,109.6,110.05,100,48850
2040,2022-05-09 12:40:00+05:30,110.05,110.05,109.4,109.4,50,48850
2041,2022-05-09 12:41:00+05:30,109.4,109.4,101.4,101.4,1200,48850
2042,2022-05-09 12:42:00+05:30,101.4,102.0,100.0,100.75,800,48750
2043,2022-05-09 12:43:00+05:30,100.5,102.0,100.5,102.0,1300,48750
2044,2022-05-09 12:44:00+05:30,100.9,101.65,100.0,100.0,200,48750
2045,2022-05-09 12:45:00+05:30,99.05,101.65,96.75,101.65,500,49050
2046,2022-05-09 12:46:00+05:30,101.65,103.1,101.65,103.1,600,49050
2047,2022-05-09 12:47:00+05:30,103.1,103.1,103.1,103.1,0,49050
2048,2022-05-09 12:48:00+05:30,103.1,103.1,102.85,102.85,250,49200
2049,2022-05-09 12:49:00+05:30,103.6,104.75,103.6,104.6,350,49200
2050,2022-05-09 12:50:00+05:30,103.85,104.6,103.85,103.85,50,49200
2051,2022-05-09 12:51:00+05:30,103.85,103.85,103.85,103.85,0,49200
2052,2022-05-09 12:52:00+05:30,103.85,103.85,103.85,103.85,0,49200
2053,2022-05-09 12:53:00+05:30,103.85,108.85,103.85,108.85,300,49100
2054,2022-05-09 12:54:00+05:30,108.85,108.85,107.7,107.7,50,49150
2055,2022-05-09 12:55:00+05:30,107.4,111.15,107.4,111.15,200,49150
2056,2022-05-09 12:56:00+05:30,111.15,115.05,111.15,112.5,350,49150
2057,2022-05-09 12:57:00+05:30,112.5,112.5,111.5,111.95,100,49300
2058,2022-05-09 12:58:00+05:30,111.95,114.6,111.95,114.6,100,49300
2059,2022-05-09 12:59:00+05:30,114.6,114.6,114.6,114.6,0,49300
2060,2022-05-09 13:00:00+05:30,114.6,115.25,114.6,115.25,2000,49300
2061,2022-05-09 13:01:00+05:30,115.25,117.15,115.25,117.15,300,49300
2062,2022-05-09 13:02:00+05:30,117.15,117.15,105.5,105.75,1350,49300
2063,2022-05-09 13:03:00+05:30,105.75,109.05,105.75,109.05,1050,50500
2064,2022-05-09 13:04:00+05:30,109.7,109.7,106.75,106.75,600,50500
2065,2022-05-09 13:05:00+05:30,105.4,105.4,105.4,105.4,50,50500
2066,2022-05-09 13:06:00+05:30,105.45,105.65,105.45,105.65,150,50700
2067,2022-05-09 13:07:00+05:30,105.65,105.65,105.65,105.65,0,50700
2068,2022-05-09 13:08:00+05:30,105.65,106.0,105.65,106.0,50,50700
2069,2022-05-09 13:09:00+05:30,106.0,107.1,106.0,106.85,100,50750
2070,2022-05-09 13:10:00+05:30,106.85,112.35,106.85,112.35,300,50750
2071,2022-05-09 13:11:00+05:30,112.35,112.35,111.2,111.2,200,50750
2072,2022-05-09 13:12:00+05:30,111.2,111.2,111.2,111.2,0,50750
2073,2022-05-09 13:13:00+05:30,111.2,117.0,111.2,115.4,350,51000
2074,2022-05-09 13:14:00+05:30,115.4,116.35,115.05,115.55,500,51000
2075,2022-05-09 13:15:00+05:30,115.55,115.55,111.8,115.1,2700,51150
2076,2022-05-09 13:16:00+05:30,115.2,116.95,114.95,115.85,900,51150
2077,2022-05-09 13:17:00+05:30,115.85,116.25,115.85,116.25,150,51150
2078,2022-05-09 13:18:00+05:30,116.25,116.25,114.55,114.55,50,50650
2079,2022-05-09 13:19:00+05:30,114.55,114.55,114.55,114.55,0,50650
2080,2022-05-09 13:20:00+05:30,114.55,114.55,111.15,111.15,350,50650
2081,2022-05-09 13:21:00+05:30,111.15,111.15,111.15,111.15,0,50650
2082,2022-05-09 13:22:00+05:30,111.15,113.55,111.15,111.95,250,50650
2083,2022-05-09 13:23:00+05:30,111.95,113.95,111.95,113.5,100,50650
2084,2022-05-09 13:24:00+05:30,113.5,113.5,113.5,113.5,0,50650
2085,2022-05-09 13:25:00+05:30,113.5,115.2,113.5,115.2,50,50450
2086,2022-05-09 13:26:00+05:30,115.2,117.85,115.2,117.85,100,50450
2087,2022-05-09 13:27:00+05:30,117.85,117.85,117.85,117.85,0,50450
2088,2022-05-09 13:28:00+05:30,117.85,117.85,117.85,117.85,0,50450
2089,2022-05-09 13:29:00+05:30,117.85,117.85,117.85,117.85,0,50450
2090,2022-05-09 13:30:00+05:30,119.4,120.0,117.85,120.0,150,50400
2091,2022-05-09 13:31:00+05:30,120.0,120.0,120.0,120.0,0,50400
2092,2022-05-09 13:32:00+05:30,120.0,120.0,120.0,120.0,0,50400
2093,2022-05-09 13:33:00+05:30,120.0,120.0,120.0,120.0,0,50400
2094,2022-05-09 13:34:00+05:30,120.0,124.4,120.0,124.25,200,50400
2095,2022-05-09 13:35:00+05:30,124.25,126.85,124.25,126.25,2150,50400
2096,2022-05-09 13:36:00+05:30,126.25,126.25,122.65,123.25,100,50250
2097,2022-05-09 13:37:00+05:30,123.25,126.45,123.25,126.45,400,50250
2098,2022-05-09 13:38:00+05:30,126.45,126.45,117.05,117.05,100,50250
2099,2022-05-09 13:39:00+05:30,117.05,117.05,112.25,114.6,300,50450
2100,2022-05-09 13:40:00+05:30,114.6,115.95,114.6,115.95,350,50450
2101,2022-05-09 13:41:00+05:30,115.95,117.9,115.95,116.5,150,50450
2102,2022-05-09 13:42:00+05:30,116.5,117.45,116.5,117.45,50,50800
2103,2022-05-09 13:43:00+05:30,117.45,118.45,117.45,118.45,50,50800
2104,2022-05-09 13:44:00+05:30,118.45,118.45,118.45,118.45,0,50800
2105,2022-05-09 13:45:00+05:30,118.45,118.45,118.45,118.45,0,50800
2106,2022-05-09 13:46:00+05:30,118.45,118.45,118.45,118.45,0,50800
2107,2022-05-09 13:47:00+05:30,118.45,118.45,118.45,118.45,0,50800
2108,2022-05-09 13:48:00+05:30,118.45,119.95,118.45,119.95,50,50750
2109,2022-05-09 13:49:00+05:30,119.95,119.95,119.95,119.95,0,50750
2110,2022-05-09 13:50:00+05:30,119.95,119.95,118.3,118.3,50,50750
2111,2022-05-09 13:51:00+05:30,118.3,118.3,118.3,118.3,0,50750
2112,2022-05-09 13:52:00+05:30,118.3,121.45,118.3,121.45,100,50750
2113,2022-05-09 13:53:00+05:30,121.45,122.75,121.45,122.75,50,50750
2114,2022-05-09 13:54:00+05:30,122.75,122.75,121.55,121.55,50,50800
2115,2022-05-09 13:55:00+05:30,121.55,121.55,121.55,121.55,0,50800
2116,2022-05-09 13:56:00+05:30,121.55,121.55,121.55,121.55,0,50800
2117,2022-05-09 13:57:00+05:30,121.55,121.55,121.55,121.55,0,50800
2118,2022-05-09 13:58:00+05:30,121.55,121.55,121.55,121.55,0,50800
2119,2022-05-09 13:59:00+05:30,121.55,121.55,121.55,121.55,0,50800
2120,2022-05-09 14:00:00+05:30,121.55,121.55,121.55,121.55,0,50800
2121,2022-05-09 14:01:00+05:30,121.55,129.85,121.55,128.15,200,50800
2122,2022-05-09 14:02:00+05:30,128.15,131.6,128.15,131.6,100,50800
2123,2022-05-09 14:03:00+05:30,131.6,134.55,131.55,131.55,100,50800
2124,2022-05-09 14:04:00+05:30,131.55,136.45,131.55,136.45,50,50800
2125,2022-05-09 14:05:00+05:30,136.45,141.7,136.45,140.4,100,50800
2126,2022-05-09 14:06:00+05:30,140.4,140.4,136.25,137.5,250,50800
2127,2022-05-09 14:07:00+05:30,137.5,139.8,137.5,137.65,400,50800
2128,2022-05-09 14:08:00+05:30,137.65,137.65,137.4,137.4,0,50800
2129,2022-05-09 14:09:00+05:30,137.4,137.4,133.4,133.55,300,50650
2130,2022-05-09 14:10:00+05:30,133.55,133.85,128.9,130.5,350,50650
2131,2022-05-09 14:11:00+05:30,133.2,133.75,133.2,133.75,50,50650
2132,2022-05-09 14:12:00+05:30,133.75,133.75,133.75,133.75,50,50650
2133,2022-05-09 14:13:00+05:30,133.75,137.25,133.75,137.25,500,50750
2134,2022-05-09 14:14:00+05:30,137.25,137.25,137.25,137.25,0,50750
2135,2022-05-09 14:15:00+05:30,137.25,137.25,133.75,133.75,50,50800
2136,2022-05-09 14:16:00+05:30,133.75,133.75,132.75,132.75,150,50800
2137,2022-05-09 14:17:00+05:30,132.75,132.75,132.0,132.0,100,50800
2138,2022-05-09 14:18:00+05:30,132.0,132.0,130.2,130.2,50,50850
2139,2022-05-09 14:19:00+05:30,130.2,130.2,130.2,130.2,0,50850
2140,2022-05-09 14:20:00+05:30,130.2,130.2,130.2,130.2,0,50850
2141,2022-05-09 14:21:00+05:30,130.2,131.8,130.2,131.8,50,50850
2142,2022-05-09 14:22:00+05:30,131.8,131.8,131.8,131.8,0,50850
2143,2022-05-09 14:23:00+05:30,131.8,131.8,131.7,131.7,50,50850
2144,2022-05-09 14:24:00+05:30,131.7,131.7,131.7,131.7,0,50850
2145,2022-05-09 14:25:00+05:30,131.7,132.45,131.7,132.45,1050,50900
2146,2022-05-09 14:26:00+05:30,132.45,132.45,132.45,132.45,0,50900
2147,2022-05-09 14:27:00+05:30,132.45,134.25,132.45,132.75,100,51450
2148,2022-05-09 14:28:00+05:30,132.75,132.75,132.75,132.75,50,51450
2149,2022-05-09 14:29:00+05:30,132.75,135.3,132.75,135.3,50,51450
2150,2022-05-09 14:30:00+05:30,135.3,135.3,133.0,133.0,100,51450
2151,2022-05-09 14:31:00+05:30,133.0,133.0,127.75,127.75,100,51450
2152,2022-05-09 14:32:00+05:30,127.75,127.75,113.0,116.8,500,51450
2153,2022-05-09 14:33:00+05:30,116.8,116.9,116.8,116.9,50,51200
2154,2022-05-09 14:34:00+05:30,116.9,116.9,116.9,116.9,0,51200
2155,2022-05-09 14:35:00+05:30,116.1,116.8,115.8,115.8,250,51200
2156,2022-05-09 14:36:00+05:30,115.8,115.8,112.55,112.55,200,51200
2157,2022-05-09 14:37:00+05:30,112.55,113.0,110.7,110.7,350,51350
2158,2022-05-09 14:38:00+05:30,110.7,110.7,110.65,110.65,150,51350
2159,2022-05-09 14:39:00+05:30,110.65,112.6,109.65,112.6,350,51350
2160,2022-05-09 14:40:00+05:30,112.6,113.1,112.6,113.1,50,51350
2161,2022-05-09 14:41:00+05:30,113.1,113.1,112.75,112.75,50,51350
2162,2022-05-09 14:42:00+05:30,112.75,112.75,111.5,111.5,100,51250
2163,2022-05-09 14:43:00+05:30,111.5,111.5,107.1,107.1,150,51250
2164,2022-05-09 14:44:00+05:30,107.1,107.1,107.1,107.1,0,51250
2165,2022-05-09 14:45:00+05:30,107.1,110.85,107.1,110.85,200,51350
2166,2022-05-09 14:46:00+05:30,110.85,110.85,110.85,110.85,0,51350
2167,2022-05-09 14:47:00+05:30,110.85,110.85,110.85,110.85,0,51350
2168,2022-05-09 14:48:00+05:30,110.85,110.85,110.85,110.85,0,51350
2169,2022-05-09 14:49:00+05:30,110.85,110.85,101.35,101.35,150,51150
2170,2022-05-09 14:50:00+05:30,100.0,100.1,100.0,100.1,100,51150
2171,2022-05-09 14:51:00+05:30,100.1,100.1,100.0,100.0,100,51400
2172,2022-05-09 14:52:00+05:30,100.0,105.3,100.0,105.3,50,51400
2173,2022-05-09 14:53:00+05:30,105.3,106.6,105.3,106.6,50,51400
2174,2022-05-09 14:54:00+05:30,106.6,110.45,106.6,110.45,100,51300
2175,2022-05-09 14:55:00+05:30,110.45,110.45,106.95,106.95,50,51300
2176,2022-05-09 14:56:00+05:30,110.0,110.0,110.0,110.0,50,51300
2177,2022-05-09 14:57:00+05:30,111.35,111.35,111.35,111.35,50,51300
2178,2022-05-09 14:58:00+05:30,111.35,111.35,111.35,111.35,0,51300
2179,2022-05-09 14:59:00+05:30,111.35,111.35,111.35,111.35,0,51300
2180,2022-05-09 15:00:00+05:30,111.35,122.45,111.35,122.45,500,51350
2181,2022-05-09 15:01:00+05:30,123.5,123.5,119.05,119.35,450,51350
2182,2022-05-09 15:02:00+05:30,119.35,124.95,119.35,123.25,200,51350
2183,2022-05-09 15:03:00+05:30,123.25,123.25,120.4,122.15,450,51350
2184,2022-05-09 15:04:00+05:30,122.15,125.85,122.15,124.35,250,51700
2185,2022-05-09 15:05:00+05:30,124.35,125.0,124.35,124.65,250,51700
2186,2022-05-09 15:06:00+05:30,124.65,124.65,124.65,124.65,0,51700
2187,2022-05-09 15:07:00+05:30,124.65,124.65,122.6,123.1,200,51750
2188,2022-05-09 15:08:00+05:30,122.15,123.1,121.3,121.85,250,51750
2189,2022-05-09 15:09:00+05:30,121.85,121.85,121.85,121.85,50,51750
2190,2022-05-09 15:10:00+05:30,121.85,122.25,121.45,122.25,600,51650
2191,2022-05-09 15:11:00+05:30,122.25,122.95,122.25,122.95,400,51650
2192,2022-05-09 15:12:00+05:30,122.95,122.95,122.95,122.95,0,51650
2193,2022-05-09 15:13:00+05:30,122.95,122.95,118.85,118.85,150,51250
2194,2022-05-09 15:14:00+05:30,118.85,118.85,116.55,116.55,100,51250
2195,2022-05-09 15:15:00+05:30,114.15,117.1,114.15,117.1,150,51300
2196,2022-05-09 15:16:00+05:30,117.1,117.1,112.95,112.95,200,51300
2197,2022-05-09 15:17:00+05:30,112.95,113.85,112.8,113.85,1900,51300
2198,2022-05-09 15:18:00+05:30,113.85,115.1,113.85,115.1,200,52050
2199,2022-05-09 15:19:00+05:30,115.1,115.75,115.1,115.75,450,52050
2200,2022-05-09 15:20:00+05:30,115.75,115.75,115.75,115.75,0,52050
2201,2022-05-09 15:21:00+05:30,115.75,115.75,110.65,111.45,150,51750
2202,2022-05-09 15:22:00+05:30,111.45,111.75,111.15,111.15,1900,51750
2203,2022-05-09 15:23:00+05:30,111.15,113.4,111.15,111.7,1450,51750
2204,2022-05-09 15:24:00+05:30,111.7,114.3,111.7,113.7,350,51250
2205,2022-05-09 15:25:00+05:30,113.7,114.1,111.9,112.95,800,51250
2206,2022-05-09 15:26:00+05:30,112.95,112.95,112.8,112.8,50,51250
2207,2022-05-09 15:27:00+05:30,112.8,112.8,112.8,112.8,0,51250
2208,2022-05-09 15:28:00+05:30,112.8,114.15,112.8,114.15,50,51100
2209,2022-05-09 15:29:00+05:30,114.15,116.0,114.15,115.25,300,51100
2210,2022-05-10 09:15:00+05:30,109.95,109.95,109.95,109.95,0,0
2211,2022-05-10 09:17:00+05:30,109.95,110.0,109.95,110.0,700,51750
2212,2022-05-10 09:18:00+05:30,110.0,110.0,106.4,106.4,300,51750
2213,2022-05-10 09:19:00+05:30,106.4,106.4,106.0,106.0,100,51750
2214,2022-05-10 09:20:00+05:30,106.0,108.5,106.0,108.5,50,51750
2215,2022-05-10 09:21:00+05:30,108.5,108.5,107.9,107.9,50,51650
2216,2022-05-10 09:22:00+05:30,107.9,107.9,106.6,106.6,150,51650
2217,2022-05-10 09:23:00+05:30,106.6,108.5,106.6,108.5,750,52000
2218,2022-05-10 09:24:00+05:30,108.4,108.95,106.7,106.7,150,52000
2219,2022-05-10 09:25:00+05:30,106.7,109.25,106.7,108.45,400,52000
2220,2022-05-10 09:26:00+05:30,108.45,108.45,108.45,108.45,0,52000
2221,2022-05-10 09:27:00+05:30,108.45,108.45,108.45,108.45,0,52000
2222,2022-05-10 09:28:00+05:30,108.45,108.45,108.45,108.45,0,52000
2223,2022-05-10 09:29:00+05:30,108.45,109.65,108.45,109.65,100,51700
2224,2022-05-10 09:30:00+05:30,109.65,114.45,109.65,114.45,50,51700
2225,2022-05-10 09:31:00+05:30,114.45,115.55,114.45,115.55,50,51700
2226,2022-05-10 09:32:00+05:30,115.55,115.55,115.55,115.55,0,51700
2227,2022-05-10 09:33:00+05:30,115.55,115.55,114.7,114.7,50,51800
2228,2022-05-10 09:34:00+05:30,114.7,114.7,114.7,114.7,0,51800
2229,2022-05-10 09:35:00+05:30,114.7,114.7,108.05,108.05,150,51750
2230,2022-05-10 09:36:00+05:30,108.05,108.05,108.05,108.05,0,51750
2231,2022-05-10 09:37:00+05:30,108.05,110.35,108.05,110.35,50,51750
2232,2022-05-10 09:38:00+05:30,110.35,110.35,110.35,110.35,0,51750
2233,2022-05-10 09:39:00+05:30,110.35,115.1,110.35,114.25,150,51800
2234,2022-05-10 09:40:00+05:30,114.25,114.25,114.25,114.25,0,51800
2235,2022-05-10 09:41:00+05:30,114.25,114.25,114.25,114.25,0,51800
2236,2022-05-10 09:42:00+05:30,114.25,115.55,114.25,115.55,50,51650
2237,2022-05-10 09:43:00+05:30,115.55,115.55,115.55,115.55,0,51650
2238,2022-05-10 09:44:00+05:30,115.55,115.55,115.55,115.55,0,51650
2239,2022-05-10 09:45:00+05:30,115.55,115.55,115.55,115.55,0,51650
2240,2022-05-10 09:46:00+05:30,115.55,119.75,115.55,119.75,50,51650
2241,2022-05-10 09:47:00+05:30,119.75,119.75,114.1,114.1,50,51650
2242,2022-05-10 09:48:00+05:30,114.1,114.1,114.1,114.1,0,51650
2243,2022-05-10 09:49:00+05:30,118.55,118.85,118.55,118.85,200,51650
2244,2022-05-10 09:50:00+05:30,118.85,118.85,118.85,118.85,0,51650
2245,2022-05-10 09:51:00+05:30,118.85,119.65,118.85,119.1,100,51500
2246,2022-05-10 09:52:00+05:30,119.1,119.1,119.1,119.1,0,51500
2247,2022-05-10 09:53:00+05:30,119.1,119.1,119.1,119.1,0,51500
2248,2022-05-10 09:54:00+05:30,119.1,119.1,119.1,119.1,0,51500
2249,2022-05-10 09:55:00+05:30,119.1,122.65,119.1,122.65,250,51500
2250,2022-05-10 09:56:00+05:30,122.65,122.65,122.65,122.65,0,51500
2251,2022-05-10 09:57:00+05:30,122.65,122.65,120.15,120.15,50,51500
2252,2022-05-10 09:58:00+05:30,120.15,120.15,120.15,120.15,0,51500
2253,2022-05-10 09:59:00+05:30,120.15,120.15,120.15,120.15,0,51500
2254,2022-05-10 10:00:00+05:30,120.15,122.25,120.15,122.25,50,51500
2255,2022-05-10 10:01:00+05:30,122.25,122.25,117.35,117.35,100,51500
2256,2022-05-10 10:02:00+05:30,117.35,117.35,117.0,117.0,500,51550
2257,2022-05-10 10:03:00+05:30,117.0,117.0,117.0,117.0,100,51550
2258,2022-05-10 10:04:00+05:30,117.0,117.0,117.0,117.0,0,51550
2259,2022-05-10 10:05:00+05:30,117.0,126.3,117.0,126.3,150,51950
2260,2022-05-10 10:06:00+05:30,126.3,127.85,126.3,127.85,200,51950
2261,2022-05-10 10:07:00+05:30,127.85,127.85,122.9,122.9,50,51950
2262,2022-05-10 10:08:00+05:30,122.9,122.9,122.9,122.9,0,51950
2263,2022-05-10 10:09:00+05:30,122.9,122.9,122.9,122.9,0,51950
2264,2022-05-10 10:10:00+05:30,122.9,122.9,122.75,122.75,100,52000
2265,2022-05-10 10:11:00+05:30,122.75,122.75,122.75,122.75,0,52000
2266,2022-05-10 10:12:00+05:30,122.75,122.75,122.75,122.75,0,52000
2267,2022-05-10 10:13:00+05:30,122.75,122.75,122.75,122.75,0,52000
2268,2022-05-10 10:14:00+05:30,122.75,123.2,122.75,122.75,200,51850
2269,2022-05-10 10:15:00+05:30,121.4,121.4,120.3,120.3,150,51850
2270,2022-05-10 10:16:00+05:30,120.3,120.3,120.3,120.3,0,51850
2271,2022-05-10 10:17:00+05:30,120.3,120.3,120.3,120.3,0,51850
2272,2022-05-10 10:18:00+05:30,120.3,120.3,120.3,120.3,0,51850
2273,2022-05-10 10:19:00+05:30,120.3,120.3,120.3,120.3,0,51850
2274,2022-05-10 10:20:00+05:30,120.3,124.2,120.3,121.3,100,52050
2275,2022-05-10 10:21:00+05:30,121.3,121.3,121.3,121.3,0,52050
2276,2022-05-10 10:22:00+05:30,121.3,121.3,121.3,121.3,0,52050
2277,2022-05-10 10:23:00+05:30,121.3,121.3,121.3,121.3,0,52050
2278,2022-05-10 10:24:00+05:30,121.3,121.3,121.3,121.3,0,52050
2279,2022-05-10 10:25:00+05:30,121.3,121.3,115.05,115.05,50,52100
2280,2022-05-10 10:26:00+05:30,115.05,115.05,115.05,115.05,0,52100
2281,2022-05-10 10:27:00+05:30,115.05,115.05,113.45,113.45,0,52150
2282,2022-05-10 10:28:00+05:30,113.45,113.45,113.45,113.45,0,52150
2283,2022-05-10 10:29:00+05:30,113.45,113.45,113.45,113.45,0,52150
2284,2022-05-10 10:30:00+05:30,113.45,113.45,109.9,109.9,250,52150
2285,2022-05-10 10:31:00+05:30,109.9,114.0,109.9,114.0,50,52150
2286,2022-05-10 10:32:00+05:30,114.0,115.0,114.0,114.8,250,52150
2287,2022-05-10 10:33:00+05:30,114.8,114.8,113.15,113.15,50,52250
2288,2022-05-10 10:34:00+05:30,113.15,113.75,113.15,113.75,150,52250
2289,2022-05-10 10:35:00+05:30,113.75,114.25,113.65,113.65,100,52300
2290,2022-05-10 10:36:00+05:30,113.65,113.65,113.25,113.25,300,52300
2291,2022-05-10 10:37:00+05:30,113.25,113.25,113.25,113.25,0,52300
2292,2022-05-10 10:38:00+05:30,112.45,112.45,112.45,112.45,50,52300
2293,2022-05-10 10:39:00+05:30,112.1,112.75,112.1,112.75,100,52400
2294,2022-05-10 10:40:00+05:30,112.75,112.75,112.75,112.75,0,52400
2295,2022-05-10 10:41:00+05:30,112.75,112.75,107.3,107.3,100,52400
2296,2022-05-10 10:42:00+05:30,107.3,107.3,107.3,107.3,0,52400
2297,2022-05-10 10:43:00+05:30,107.3,108.75,107.3,108.75,50,52400
2298,2022-05-10 10:44:00+05:30,108.75,108.75,108.75,108.75,0,52400
2299,2022-05-10 10:45:00+05:30,108.75,109.45,108.75,109.45,350,52350
2300,2022-05-10 10:46:00+05:30,109.45,109.45,109.45,109.45,0,52350
2301,2022-05-10 10:47:00+05:30,109.45,109.45,109.45,109.45,0,52350
2302,2022-05-10 10:48:00+05:30,109.45,109.45,109.45,109.45,0,52350
2303,2022-05-10 10:49:00+05:30,109.45,109.45,109.45,109.45,0,52350
2304,2022-05-10 10:50:00+05:30,109.45,113.2,109.45,113.2,1150,52700
2305,2022-05-10 10:51:00+05:30,113.2,113.2,113.2,113.2,0,52700
2306,2022-05-10 10:52:00+05:30,113.2,113.2,113.2,113.2,0,52700
2307,2022-05-10 10:53:00+05:30,113.2,113.2,113.2,113.2,0,52700
2308,2022-05-10 10:54:00+05:30,113.2,115.05,113.2,115.05,50,52600
2309,2022-05-10 10:55:00+05:30,115.05,115.05,115.05,115.05,0,52600
2310,2022-05-10 10:56:00+05:30,115.05,115.05,114.0,114.0,50,52600
2311,2022-05-10 10:57:00+05:30,114.0,114.0,109.4,109.4,250,52600
2312,2022-05-10 10:58:00+05:30,109.4,111.35,109.4,111.35,50,52600
2313,2022-05-10 10:59:00+05:30,111.35,111.35,111.35,111.35,0,52600
2314,2022-05-10 11:00:00+05:30,111.35,111.35,110.65,110.65,50,52750
2315,2022-05-10 11:01:00+05:30,110.65,112.8,110.65,112.8,50,52750
2316,2022-05-10 11:02:00+05:30,112.8,112.8,112.8,112.8,0,52750
2317,2022-05-10 11:03:00+05:30,112.8,112.8,112.8,112.8,0,52750
2318,2022-05-10 11:04:00+05:30,112.8,112.8,108.7,108.7,250,52400
2319,2022-05-10 11:05:00+05:30,108.7,108.7,108.7,108.7,0,52400
2320,2022-05-10 11:06:00+05:30,108.7,109.95,108.7,109.45,100,52350
2321,2022-05-10 11:07:00+05:30,109.45,109.45,109.45,109.45,0,52350
2322,2022-05-10 11:08:00+05:30,109.45,109.85,108.75,109.85,50,52350
2323,2022-05-10 11:09:00+05:30,109.85,109.85,109.85,109.85,0,52350
2324,2022-05-10 11:10:00+05:30,109.85,109.85,109.85,109.85,0,52350
2325,2022-05-10 11:11:00+05:30,109.85,109.85,109.85,109.85,0,52350
2326,2022-05-10 11:12:00+05:30,109.85,111.05,109.85,111.05,50,52250
2327,2022-05-10 11:13:00+05:30,111.05,111.05,111.05,111.05,0,52250
2328,2022-05-10 11:14:00+05:30,111.05,111.05,106.95,106.95,100,52250
2329,2022-05-10 11:15:00+05:30,106.95,106.95,106.0,106.0,50,52250
2330,2022-05-10 11:16:00+05:30,106.0,107.0,106.0,106.95,150,52250
2331,2022-05-10 11:17:00+05:30,106.95,106.95,106.2,106.2,50,52250
2332,2022-05-10 11:18:00+05:30,106.2,108.15,106.2,108.15,100,52350
2333,2022-05-10 11:19:00+05:30,108.15,109.6,108.15,109.6,550,52350
2334,2022-05-10 11:20:00+05:30,109.6,109.6,108.45,108.45,250,52350
2335,2022-05-10 11:21:00+05:30,107.65,108.45,106.6,106.6,100,52450
2336,2022-05-10 11:22:00+05:30,106.6,107.15,106.0,107.15,150,52450
2337,2022-05-10 11:23:00+05:30,107.15,110.6,107.15,110.6,50,52450
2338,2022-05-10 11:24:00+05:30,110.6,112.85,110.6,112.85,50,52450
2339,2022-05-10 11:25:00+05:30,112.85,112.85,112.85,112.85,0,52450
2340,2022-05-10 11:26:00+05:30,112.85,114.1,112.85,114.1,50,52450
2341,2022-05-10 11:27:00+05:30,114.1,115.5,114.1,114.2,150,52450
2342,2022-05-10 11:28:00+05:30,114.2,114.2,113.05,113.1,100,52450
2343,2022-05-10 11:29:00+05:30,113.1,113.1,112.95,113.1,100,52450
2344,2022-05-10 11:30:00+05:30,113.1,114.45,113.1,114.45,50,52250
2345,2022-05-10 11:31:00+05:30,114.45,114.45,114.45,114.45,0,52250
2346,2022-05-10 11:32:00+05:30,114.45,114.45,113.45,113.55,100,52250
2347,2022-05-10 11:33:00+05:30,113.55,113.55,113.55,113.55,0,52250
2348,2022-05-10 11:34:00+05:30,113.55,113.55,105.2,105.2,150,52300
2349,2022-05-10 11:35:00+05:30,105.2,105.2,105.2,105.2,0,52300
2350,2022-05-10 11:36:00+05:30,105.2,105.2,105.2,105.2,0,52300
2351,2022-05-10 11:37:00+05:30,105.2,105.2,105.2,105.2,0,52300
2352,2022-05-10 11:38:00+05:30,105.2,105.2,105.2,105.2,0,52300
2353,2022-05-10 11:39:00+05:30,105.2,107.5,105.2,107.5,950,52350
2354,2022-05-10 11:40:00+05:30,107.5,107.5,107.5,107.5,0,52350
2355,2022-05-10 11:41:00+05:30,107.5,107.5,107.5,107.5,0,52350
2356,2022-05-10 11:42:00+05:30,107.5,107.5,107.5,107.5,0,52350
2357,2022-05-10 11:43:00+05:30,107.5,107.5,107.5,107.5,0,52350
2358,2022-05-10 11:44:00+05:30,107.5,107.5,107.5,107.5,0,52350
2359,2022-05-10 11:45:00+05:30,107.5,108.1,107.5,108.1,50,52300
2360,2022-05-10 11:46:00+05:30,108.1,108.1,108.1,108.1,0,52300
2361,2022-05-10 11:47:00+05:30,108.1,108.1,108.1,108.1,0,52300
2362,2022-05-10 11:48:00+05:30,108.1,108.1,108.1,108.1,0,52300
2363,2022-05-10 11:49:00+05:30,108.1,108.1,106.05,106.05,50,51750
2364,2022-05-10 11:50:00+05:30,106.05,108.25,106.05,108.25,200,51800
2365,2022-05-10 11:51:00+05:30,108.25,108.25,107.0,107.0,150,51800
2366,2022-05-10 11:52:00+05:30,107.0,107.15,106.35,106.95,300,51800
2367,2022-05-10 11:53:00+05:30,106.95,106.95,106.15,106.15,100,51800
2368,2022-05-10 11:54:00+05:30,106.15,106.15,103.65,103.65,200,51150
2369,2022-05-10 11:55:00+05:30,103.65,103.65,102.0,102.0,750,51150
2370,2022-05-10 11:56:00+05:30,102.0,102.0,102.0,102.0,0,51150
2371,2022-05-10 11:57:00+05:30,102.0,102.0,102.0,102.0,0,51150
2372,2022-05-10 11:58:00+05:30,104.2,104.2,104.2,104.2,50,50900
2373,2022-05-10 11:59:00+05:30,104.2,104.2,101.2,101.2,500,50900
2374,2022-05-10 12:00:00+05:30,101.2,101.2,97.95,98.85,700,50250
2375,2022-05-10 12:01:00+05:30,98.85,101.25,98.85,101.25,100,50250
2376,2022-05-10 12:02:00+05:30,101.25,101.25,99.15,99.15,50,50250
2377,2022-05-10 12:03:00+05:30,99.15,99.4,98.45,98.45,300,49850
2378,2022-05-10 12:04:00+05:30,98.45,98.45,98.45,98.45,0,49850
2379,2022-05-10 12:05:00+05:30,98.45,98.45,98.25,98.25,50,49850
2380,2022-05-10 12:06:00+05:30,98.25,98.25,98.25,98.25,0,49850
2381,2022-05-10 12:07:00+05:30,98.25,99.0,98.25,99.0,2000,49850
2382,2022-05-10 12:08:00+05:30,99.0,99.0,96.0,96.0,50,49850
2383,2022-05-10 12:09:00+05:30,96.0,96.0,95.0,95.0,50,49900
2384,2022-05-10 12:10:00+05:30,95.0,95.0,95.0,95.0,0,49900
2385,2022-05-10 12:11:00+05:30,95.0,95.7,95.0,95.7,100,49900
2386,2022-05-10 12:12:00+05:30,95.7,95.7,95.7,95.7,0,49900
2387,2022-05-10 12:13:00+05:30,95.7,95.7,92.25,92.25,50,49950
2388,2022-05-10 12:14:00+05:30,92.25,92.8,92.25,92.8,200,49950
2389,2022-05-10 12:15:00+05:30,92.8,92.8,90.7,90.7,900,50100
2390,2022-05-10 12:16:00+05:30,90.7,94.45,90.7,94.45,150,50100
2391,2022-05-10 12:17:00+05:30,94.45,94.45,94.45,94.45,0,50100
2392,2022-05-10 12:18:00+05:30,94.45,96.75,94.45,96.75,350,50200
2393,2022-05-10 12:19:00+05:30,96.75,96.75,96.75,96.75,0,50200
2394,2022-05-10 12:20:00+05:30,96.75,97.0,96.75,97.0,150,50200
2395,2022-05-10 12:21:00+05:30,97.0,97.75,97.0,97.75,250,49900
2396,2022-05-10 12:22:00+05:30,97.75,97.75,92.25,92.55,100,49900
2397,2022-05-10 12:23:00+05:30,92.55,92.55,90.0,90.0,50,49900
2398,2022-05-10 12:24:00+05:30,90.0,90.0,90.0,90.0,0,49900
2399,2022-05-10 12:25:00+05:30,90.0,93.0,90.0,93.0,400,50000
2400,2022-05-10 12:26:00+05:30,93.0,93.0,93.0,93.0,0,50000
2401,2022-05-10 12:27:00+05:30,93.0,93.0,92.8,92.8,150,49700
2402,2022-05-10 12:28:00+05:30,92.8,92.8,92.8,92.8,0,49700
2403,2022-05-10 12:29:00+05:30,92.8,92.8,92.8,92.8,0,49700
2404,2022-05-10 12:30:00+05:30,92.8,96.7,92.8,96.7,50,49600
2405,2022-05-10 12:31:00+05:30,96.7,96.7,96.7,96.7,0,49600
2406,2022-05-10 12:32:00+05:30,96.7,97.65,96.7,97.65,50,49600
2407,2022-05-10 12:33:00+05:30,97.65,97.65,97.55,97.55,50,49700
2408,2022-05-10 12:34:00+05:30,97.55,97.55,95.1,95.1,50,49700
2409,2022-05-10 12:35:00+05:30,95.1,97.35,95.05,95.05,100,49700
2410,2022-05-10 12:36:00+05:30,95.05,95.25,95.05,95.25,50,49650
2411,2022-05-10 12:37:00+05:30,95.25,95.25,93.85,93.85,50,49650
2412,2022-05-10 12:38:00+05:30,93.85,93.85,91.85,91.85,50,49650
2413,2022-05-10 12:39:00+05:30,91.85,91.85,91.85,91.85,0,49650
2414,2022-05-10 12:40:00+05:30,91.85,95.85,91.85,95.85,1000,49600
2415,2022-05-10 12:41:00+05:30,95.85,95.85,95.85,95.85,0,49600
2416,2022-05-10 12:42:00+05:30,95.85,95.85,95.85,95.85,0,49600
2417,2022-05-10 12:43:00+05:30,95.85,95.85,95.85,95.85,0,49600
2418,2022-05-10 12:44:00+05:30,95.85,95.85,95.65,95.65,50,49550
2419,2022-05-10 12:45:00+05:30,95.65,95.65,95.65,95.65,0,49550
2420,2022-05-10 12:46:00+05:30,94.35,94.35,94.35,94.35,100,49550
2421,2022-05-10 12:47:00+05:30,94.35,94.35,94.35,94.35,0,49550
2422,2022-05-10 12:48:00+05:30,94.35,97.55,94.35,97.55,50,49550
2423,2022-05-10 12:49:00+05:30,97.55,97.55,95.7,95.7,50,49550
2424,2022-05-10 12:50:00+05:30,95.7,95.7,95.7,95.7,0,49550
2425,2022-05-10 12:51:00+05:30,95.7,95.7,95.7,95.7,0,49550
2426,2022-05-10 12:52:00+05:30,95.7,95.7,95.7,95.7,0,49550
2427,2022-05-10 12:53:00+05:30,95.7,95.7,93.9,93.9,50,49600
2428,2022-05-10 12:54:00+05:30,93.9,93.9,93.9,93.9,0,49600
2429,2022-05-10 12:55:00+05:30,93.9,93.9,88.65,88.75,150,49550
2430,2022-05-10 12:56:00+05:30,88.75,88.75,88.75,88.75,0,49550
2431,2022-05-10 12:57:00+05:30,88.75,88.75,88.75,88.75,0,49550
2432,2022-05-10 12:58:00+05:30,88.75,88.75,88.75,88.75,0,49550
2433,2022-05-10 12:59:00+05:30,88.75,88.75,88.75,88.75,0,49550
2434,2022-05-10 13:00:00+05:30,88.75,88.75,88.75,88.75,0,49550
2435,2022-05-10 13:01:00+05:30,88.75,88.75,88.75,88.75,0,49550
2436,2022-05-10 13:02:00+05:30,88.75,88.75,88.75,88.75,0,49550
2437,2022-05-10 13:03:00+05:30,88.75,88.75,88.75,88.75,0,49550
2438,2022-05-10 13:04:00+05:30,88.75,93.55,88.75,93.55,50,49600
2439,2022-05-10 13:05:00+05:30,95.25,95.25,93.7,93.7,200,49600
2440,2022-05-10 13:06:00+05:30,93.7,93.7,93.7,93.7,0,49600
2441,2022-05-10 13:07:00+05:30,93.7,93.7,93.7,93.7,0,49600
2442,2022-05-10 13:08:00+05:30,93.7,93.7,93.2,93.2,50,49700
2443,2022-05-10 13:09:00+05:30,91.35,91.35,89.95,89.95,50,49750
2444,2022-05-10 13:10:00+05:30,89.95,89.95,89.95,89.95,50,49750
2445,2022-05-10 13:11:00+05:30,89.95,89.95,89.95,89.95,0,49750
2446,2022-05-10 13:12:00+05:30,89.95,89.95,89.95,89.95,0,49750
2447,2022-05-10 13:13:00+05:30,89.95,89.95,89.95,89.95,0,49750
2448,2022-05-10 13:14:00+05:30,89.95,93.9,89.95,93.9,100,49750
2449,2022-05-10 13:15:00+05:30,93.9,93.9,93.9,93.9,0,49750
2450,2022-05-10 13:16:00+05:30,93.9,93.9,93.9,93.9,0,49750
2451,2022-05-10 13:17:00+05:30,93.9,93.9,93.9,93.9,0,49750
2452,2022-05-10 13:18:00+05:30,93.9,100.55,93.9,100.55,100,49600
2453,2022-05-10 13:19:00+05:30,100.55,100.55,99.35,99.35,50,49600
2454,2022-05-10 13:20:00+05:30,99.35,99.35,99.25,99.25,50,49600
2455,2022-05-10 13:21:00+05:30,99.25,101.55,99.25,101.55,50,49550
2456,2022-05-10 13:22:00+05:30,101.55,101.55,101.55,101.55,0,49550
2457,2022-05-10 13:23:00+05:30,101.55,101.55,101.55,101.55,0,49550
2458,2022-05-10 13:24:00+05:30,101.55,101.55,101.55,101.55,0,49550
2459,2022-05-10 13:25:00+05:30,101.55,101.55,99.0,99.4,200,49550
2460,2022-05-10 13:26:00+05:30,99.4,99.4,99.4,99.4,0,49550
2461,2022-05-10 13:27:00+05:30,99.4,99.4,99.4,99.4,0,49550
2462,2022-05-10 13:28:00+05:30,99.4,99.4,99.4,99.4,0,49550
2463,2022-05-10 13:29:00+05:30,99.4,99.4,99.4,99.4,0,49550
2464,2022-05-10 13:30:00+05:30,99.4,108.0,99.4,108.0,50,49550
2465,2022-05-10 13:31:00+05:30,108.0,108.0,108.0,108.0,0,49550
2466,2022-05-10 13:32:00+05:30,108.0,108.0,108.0,108.0,0,49550
2467,2022-05-10 13:33:00+05:30,108.0,108.0,107.3,107.3,50,49550
2468,2022-05-10 13:34:00+05:30,107.3,107.6,107.3,107.6,50,49550
2469,2022-05-10 13:35:00+05:30,105.0,106.05,105.0,105.0,400,49550
2470,2022-05-10 13:36:00+05:30,105.0,105.75,105.0,105.75,50,49700
2471,2022-05-10 13:37:00+05:30,105.75,105.75,105.75,105.75,0,49700
2472,2022-05-10 13:38:00+05:30,105.75,105.75,105.75,105.75,0,49700
2473,2022-05-10 13:39:00+05:30,105.75,105.75,105.75,105.75,0,49700
2474,2022-05-10 13:40:00+05:30,105.75,105.75,105.75,105.75,0,49700
2475,2022-05-10 13:41:00+05:30,105.75,105.75,105.75,105.75,0,49700
2476,2022-05-10 13:42:00+05:30,105.75,105.75,101.6,101.6,50,49700
2477,2022-05-10 13:43:00+05:30,101.6,101.6,101.6,101.6,0,49700
2478,2022-05-10 13:44:00+05:30,101.6,101.6,101.6,101.6,0,49700
2479,2022-05-10 13:45:00+05:30,105.8,105.8,105.8,105.8,50,49700
2480,2022-05-10 13:46:00+05:30,105.8,105.8,102.0,102.0,50,49650
2481,2022-05-10 13:47:00+05:30,102.0,102.0,102.0,102.0,0,49650
2482,2022-05-10 13:48:00+05:30,102.0,102.0,102.0,102.0,0,49650
2483,2022-05-10 13:49:00+05:30,102.0,102.0,102.0,102.0,0,49650
2484,2022-05-10 13:50:00+05:30,102.0,102.15,102.0,102.15,50,49600
2485,2022-05-10 13:51:00+05:30,102.15,102.55,102.15,102.55,50,49650
2486,2022-05-10 13:52:00+05:30,104.9,106.5,101.6,101.6,150,49650
2487,2022-05-10 13:53:00+05:30,101.6,101.6,101.4,101.4,50,49650
2488,2022-05-10 13:54:00+05:30,101.4,101.4,101.4,101.4,0,49650
2489,2022-05-10 13:55:00+05:30,101.4,101.4,101.4,101.4,0,49650
2490,2022-05-10 13:56:00+05:30,101.4,103.15,101.4,103.15,50,49600
2491,2022-05-10 13:57:00+05:30,103.15,103.15,103.15,103.15,0,49600
2492,2022-05-10 13:58:00+05:30,103.15,103.15,102.5,102.5,50,49550
2493,2022-05-10 13:59:00+05:30,102.5,103.8,102.5,103.8,100,49550
2494,2022-05-10 14:00:00+05:30,103.8,103.8,102.65,102.65,50,49500
2495,2022-05-10 14:01:00+05:30,102.65,102.65,102.35,102.35,100,49500
2496,2022-05-10 14:02:00+05:30,102.35,102.35,102.35,102.35,0,49500
2497,2022-05-10 14:03:00+05:30,102.35,102.35,102.35,102.35,0,49500
2498,2022-05-10 14:04:00+05:30,102.35,105.0,102.35,105.0,50,49550
2499,2022-05-10 14:05:00+05:30,105.0,105.0,105.0,105.0,0,49550
2500,2022-05-10 14:06:00+05:30,105.0,105.0,102.5,102.5,100,49550
2501,2022-05-10 14:07:00+05:30,102.5,102.5,102.5,102.5,0,49550
2502,2022-05-10 14:08:00+05:30,102.5,102.5,102.5,102.5,0,49550
2503,2022-05-10 14:09:00+05:30,102.5,102.5,102.5,102.5,0,49550
2504,2022-05-10 14:10:00+05:30,102.5,102.5,91.95,92.95,200,49500
2505,2022-05-10 14:11:00+05:30,92.95,93.25,92.95,93.25,250,49500
2506,2022-05-10 14:12:00+05:30,93.25,94.45,93.25,94.45,100,49700
2507,2022-05-10 14:13:00+05:30,94.45,94.45,93.7,93.7,50,49700
2508,2022-05-10 14:14:00+05:30,93.7,93.7,93.7,93.7,0,49700
2509,2022-05-10 14:15:00+05:30,93.7,93.7,93.7,93.7,0,49700
2510,2022-05-10 14:16:00+05:30,93.7,95.55,93.7,95.55,50,49700
2511,2022-05-10 14:17:00+05:30,95.55,95.55,95.55,95.55,0,49700
2512,2022-05-10 14:18:00+05:30,95.55,95.55,95.55,95.55,0,49700
2513,2022-05-10 14:19:00+05:30,95.55,95.55,95.55,95.55,0,49700
2514,2022-05-10 14:20:00+05:30,95.55,95.55,93.5,93.5,50,49750
2515,2022-05-10 14:21:00+05:30,93.5,93.5,93.5,93.5,0,49750
2516,2022-05-10 14:22:00+05:30,93.5,93.5,93.5,93.5,0,49750
2517,2022-05-10 14:23:00+05:30,93.5,95.35,93.5,95.35,0,49800
2518,2022-05-10 14:24:00+05:30,95.35,95.35,95.35,95.35,0,49800
2519,2022-05-10 14:25:00+05:30,95.35,95.35,95.35,95.35,0,49800
2520,2022-05-10 14:26:00+05:30,95.35,95.35,95.35,95.35,0,49800
2521,2022-05-10 14:27:00+05:30,95.35,99.65,95.35,99.65,200,49850
2522,2022-05-10 14:28:00+05:30,99.65,99.65,99.65,99.65,0,49850
2523,2022-05-10 14:29:00+05:30,99.65,99.65,98.65,98.65,50,49850
2524,2022-05-10 14:30:00+05:30,98.65,98.65,98.65,98.65,0,49850
2525,2022-05-10 14:31:00+05:30,98.65,98.65,98.65,98.65,0,49850
2526,2022-05-10 14:32:00+05:30,98.65,100.45,98.65,100.45,50,49900
2527,2022-05-10 14:33:00+05:30,100.45,100.45,99.35,99.35,0,49900
2528,2022-05-10 14:34:00+05:30,99.35,101.55,99.35,101.55,150,49900
2529,2022-05-10 14:35:00+05:30,101.55,101.55,101.55,101.55,0,49900
2530,2022-05-10 14:36:00+05:30,101.55,101.55,101.55,101.55,0,49900
2531,2022-05-10 14:37:00+05:30,101.55,101.55,101.55,101.55,0,49900
2532,2022-05-10 14:38:00+05:30,101.55,101.55,101.55,101.55,0,49900
2533,2022-05-10 14:39:00+05:30,101.55,101.55,101.55,101.55,0,49900
2534,2022-05-10 14:40:00+05:30,101.55,101.55,95.35,95.35,100,49900
2535,2022-05-10 14:41:00+05:30,95.35,95.35,95.35,95.35,0,49900
2536,2022-05-10 14:42:00+05:30,95.35,95.35,95.35,95.35,0,49900
2537,2022-05-10 14:43:00+05:30,95.35,95.35,92.8,93.0,100,49850
2538,2022-05-10 14:44:00+05:30,93.0,93.0,93.0,93.0,0,49850
2539,2022-05-10 14:45:00+05:30,93.0,96.45,93.0,96.45,0,49850
2540,2022-05-10 14:46:00+05:30,96.45,96.45,96.45,96.45,50,49850
2541,2022-05-10 14:47:00+05:30,96.45,96.45,96.45,96.45,0,49850
2542,2022-05-10 14:48:00+05:30,96.45,96.45,96.45,96.45,0,49850
2543,2022-05-10 14:49:00+05:30,96.45,96.45,96.45,96.45,0,49850
2544,2022-05-10 14:50:00+05:30,96.45,102.35,96.45,102.35,200,49850
2545,2022-05-10 14:51:00+05:30,102.35,102.35,102.35,102.35,0,49850
2546,2022-05-10 14:52:00+05:30,102.35,102.65,102.35,102.65,50,49700
2547,2022-05-10 14:53:00+05:30,102.65,102.65,102.65,102.65,0,49700
2548,2022-05-10 14:54:00+05:30,102.65,105.0,102.65,105.0,250,49700
2549,2022-05-10 14:55:00+05:30,105.0,110.2,105.0,110.2,200,49700
2550,2022-05-10 14:56:00+05:30,110.2,110.2,110.2,110.2,0,49700
2551,2022-05-10 14:57:00+05:30,110.05,112.9,110.05,112.65,200,49650
2552,2022-05-10 14:58:00+05:30,112.65,112.65,112.65,112.65,0,49650
2553,2022-05-10 14:59:00+05:30,112.65,112.65,112.65,112.65,0,49650
2554,2022-05-10 15:00:00+05:30,112.65,112.65,109.65,109.65,50,49650
2555,2022-05-10 15:01:00+05:30,109.65,121.6,109.65,121.6,100,49700
2556,2022-05-10 15:02:00+05:30,121.6,121.6,117.8,118.0,450,49700
2557,2022-05-10 15:03:00+05:30,118.0,118.0,118.0,118.0,0,49700
2558,2022-05-10 15:04:00+05:30,118.0,118.0,115.35,115.35,100,49900
2559,2022-05-10 15:05:00+05:30,115.35,118.45,115.35,118.45,50,49900
2560,2022-05-10 15:06:00+05:30,118.45,123.3,118.45,123.3,250,50100
2561,2022-05-10 15:07:00+05:30,123.3,126.05,119.9,120.25,500,50100
2562,2022-05-10 15:08:00+05:30,120.25,120.4,113.75,113.75,500,50100
2563,2022-05-10 15:09:00+05:30,113.75,114.5,113.75,114.5,150,50200
2564,2022-05-10 15:10:00+05:30,114.5,118.1,114.5,117.25,600,50200
2565,2022-05-10 15:11:00+05:30,117.25,118.35,115.95,117.75,250,50200
2566,2022-05-10 15:12:00+05:30,117.75,119.7,116.8,118.55,550,50200
2567,2022-05-10 15:13:00+05:30,118.55,122.65,118.55,122.65,200,50250
2568,2022-05-10 15:14:00+05:30,122.65,122.65,122.65,122.65,0,50250
2569,2022-05-10 15:15:00+05:30,122.65,122.65,120.45,120.45,200,50350
2570,2022-05-10 15:16:00+05:30,120.45,122.05,119.4,122.05,1000,50350
2571,2022-05-10 15:17:00+05:30,122.05,122.05,120.2,120.2,100,50350
2572,2022-05-10 15:18:00+05:30,120.2,121.0,120.2,121.0,1500,50800
2573,2022-05-10 15:19:00+05:30,121.0,122.65,121.0,122.65,200,50800
2574,2022-05-10 15:20:00+05:30,122.65,124.45,120.6,124.45,750,50800
2575,2022-05-10 15:21:00+05:30,124.45,124.45,124.45,124.45,0,50800
2576,2022-05-10 15:22:00+05:30,124.45,124.45,121.5,121.5,200,51300
2577,2022-05-10 15:23:00+05:30,121.5,124.1,121.5,123.55,350,51300
2578,2022-05-10 15:24:00+05:30,123.55,124.4,123.55,123.7,200,51450
2579,2022-05-10 15:25:00+05:30,123.7,124.65,123.7,123.85,850,51450
2580,2022-05-10 15:26:00+05:30,123.85,127.15,123.85,126.65,200,51450
2581,2022-05-10 15:27:00+05:30,124.85,128.5,124.85,126.35,1400,51750
2582,2022-05-10 15:28:00+05:30,128.0,130.1,127.65,128.45,450,51750
2583,2022-05-10 15:29:00+05:30,128.45,129.6,128.45,129.6,200,51750
2584,2022-05-11 09:15:00+05:30,122.2,122.2,99.9,99.9,750,52200
2585,2022-05-11 09:16:00+05:30,99.9,101.35,99.2,101.35,300,52200
2586,2022-05-11 09:17:00+05:30,101.35,101.35,100.75,100.75,50,52200
2587,2022-05-11 09:18:00+05:30,100.75,105.9,100.75,105.45,700,52050
2588,2022-05-11 09:19:00+05:30,105.45,106.55,104.75,105.85,350,52050
2589,2022-05-11 09:20:00+05:30,105.85,106.75,105.85,106.75,200,52600
2590,2022-05-11 09:21:00+05:30,106.4,106.75,105.45,106.6,200,52600
2591,2022-05-11 09:22:00+05:30,106.2,106.2,106.2,106.2,50,52600
2592,2022-05-11 09:23:00+05:30,106.2,106.85,105.9,106.05,250,52800
2593,2022-05-11 09:24:00+05:30,106.05,107.2,106.05,107.2,100,52800
2594,2022-05-11 09:25:00+05:30,107.2,107.2,103.1,103.1,50,52800
2595,2022-05-11 09:26:00+05:30,103.1,103.1,97.5,97.5,300,52900
2596,2022-05-11 09:27:00+05:30,96.35,96.35,93.65,93.65,450,52900
2597,2022-05-11 09:28:00+05:30,93.65,93.65,93.65,93.65,0,52900
2598,2022-05-11 09:29:00+05:30,96.65,96.75,96.4,96.55,250,53400
2599,2022-05-11 09:30:00+05:30,96.55,97.85,96.55,97.85,50,53400
2600,2022-05-11 09:31:00+05:30,97.85,97.85,97.85,97.85,0,53400
2601,2022-05-11 09:32:00+05:30,99.95,99.95,97.45,97.45,250,53300
2602,2022-05-11 09:33:00+05:30,98.8,101.3,97.45,101.3,550,53300
2603,2022-05-11 09:34:00+05:30,101.3,101.3,100.0,100.95,400,53300
2604,2022-05-11 09:35:00+05:30,100.95,103.05,100.95,103.05,450,52950
2605,2022-05-11 09:36:00+05:30,103.05,103.35,103.05,103.35,100,52950
2606,2022-05-11 09:37:00+05:30,103.35,103.35,103.35,103.35,0,52950
2607,2022-05-11 09:38:00+05:30,103.35,109.25,103.35,107.6,300,52950
2608,2022-05-11 09:39:00+05:30,107.6,111.3,107.6,109.85,400,52900
2609,2022-05-11 09:40:00+05:30,109.85,117.0,109.85,117.0,1750,52900
2610,2022-05-11 09:41:00+05:30,116.45,117.7,115.0,115.05,500,54200
2611,2022-05-11 09:42:00+05:30,115.05,115.45,115.05,115.45,350,54200
2612,2022-05-11 09:43:00+05:30,115.45,116.8,115.45,116.8,50,54200
2613,2022-05-11 09:44:00+05:30,117.85,121.35,117.85,121.35,600,54600
2614,2022-05-11 09:45:00+05:30,122.35,132.3,122.35,127.2,950,54600
2615,2022-05-11 09:46:00+05:30,127.2,130.5,127.2,130.5,50,54600
2616,2022-05-11 09:47:00+05:30,130.5,130.5,122.3,122.3,200,54550
2617,2022-05-11 09:48:00+05:30,122.3,122.3,120.95,121.75,150,54550
2618,2022-05-11 09:49:00+05:30,121.75,121.75,117.05,117.1,500,54550
2619,2022-05-11 09:50:00+05:30,117.1,117.85,117.1,117.7,100,54450
2620,2022-05-11 09:51:00+05:30,117.7,117.7,117.45,117.45,100,54450
2621,2022-05-11 09:52:00+05:30,117.45,117.6,117.45,117.6,50,54450
2622,2022-05-11 09:53:00+05:30,117.6,117.6,117.6,117.6,0,54450
2623,2022-05-11 09:54:00+05:30,130.0,137.45,130.0,137.45,1000,54400
2624,2022-05-11 09:55:00+05:30,137.45,139.45,136.85,137.65,550,54400
2625,2022-05-11 09:56:00+05:30,137.65,137.65,131.7,131.7,550,54300
2626,2022-05-11 09:57:00+05:30,131.7,131.7,131.25,131.45,100,54300
2627,2022-05-11 09:58:00+05:30,131.45,137.65,131.45,133.95,200,54300
2628,2022-05-11 09:59:00+05:30,133.95,135.15,133.9,133.9,200,54800
2629,2022-05-11 10:00:00+05:30,133.9,133.9,129.4,129.4,100,54800
2630,2022-05-11 10:01:00+05:30,129.4,136.95,129.4,136.95,450,54800
2631,2022-05-11 10:02:00+05:30,136.95,136.95,133.1,135.75,200,55000
2632,2022-05-11 10:03:00+05:30,135.75,137.0,135.75,137.0,250,55000
2633,2022-05-11 10:04:00+05:30,137.0,137.0,132.95,132.95,100,55000
2634,2022-05-11 10:05:00+05:30,132.95,132.95,130.95,130.95,100,54900
2635,2022-05-11 10:06:00+05:30,132.05,134.6,129.85,131.15,1450,54900
2636,2022-05-11 10:07:00+05:30,131.15,135.85,130.9,135.85,350,54900
2637,2022-05-11 10:08:00+05:30,135.85,136.5,135.85,136.3,500,54900
2638,2022-05-11 10:09:00+05:30,136.3,138.0,136.3,137.4,1100,53850
2639,2022-05-11 10:10:00+05:30,137.4,137.4,137.4,137.4,0,53850
2640,2022-05-11 10:11:00+05:30,137.4,141.6,136.5,141.6,300,54850
2641,2022-05-11 10:12:00+05:30,144.7,146.1,141.3,141.65,1250,54850
2642,2022-05-11 10:13:00+05:30,141.65,141.65,141.65,141.65,0,54850
2643,2022-05-11 10:14:00+05:30,141.65,141.65,139.3,141.0,250,54900
2644,2022-05-11 10:15:00+05:30,141.0,141.0,135.6,135.6,150,54900
2645,2022-05-11 10:16:00+05:30,135.6,136.6,133.6,136.6,250,54900
2646,2022-05-11 10:17:00+05:30,136.6,137.75,136.3,137.7,300,54900
2647,2022-05-11 10:18:00+05:30,137.7,137.7,137.7,137.7,0,54900
2648,2022-05-11 10:19:00+05:30,137.7,137.7,137.7,137.7,0,54900
2649,2022-05-11 10:20:00+05:30,137.7,137.7,136.55,136.55,350,54800
2650,2022-05-11 10:21:00+05:30,136.55,136.55,134.15,134.6,100,54800
2651,2022-05-11 10:22:00+05:30,134.6,134.6,134.6,134.6,0,54800
2652,2022-05-11 10:23:00+05:30,134.6,134.6,132.75,132.75,50,54900
2653,2022-05-11 10:24:00+05:30,132.75,134.25,132.75,134.25,200,54900
2654,2022-05-11 10:25:00+05:30,134.25,142.15,134.25,142.15,50,54900
2655,2022-05-11 10:26:00+05:30,142.15,152.3,142.15,152.3,250,54550
2656,2022-05-11 10:27:00+05:30,152.3,161.45,152.3,161.45,200,54550
2657,2022-05-11 10:28:00+05:30,157.95,157.95,154.05,155.05,250,54550
2658,2022-05-11 10:29:00+05:30,155.05,155.05,155.05,155.05,0,54550
2659,2022-05-11 10:30:00+05:30,155.05,158.1,155.05,158.1,1200,54700
2660,2022-05-11 10:31:00+05:30,158.4,159.8,155.9,157.5,2600,54700
2661,2022-05-11 10:32:00+05:30,157.5,169.45,157.5,166.2,1000,56050
2662,2022-05-11 10:33:00+05:30,168.3,172.05,167.0,168.0,950,56050
2663,2022-05-11 10:34:00+05:30,168.7,169.6,168.7,169.6,300,56050
2664,2022-05-11 10:35:00+05:30,169.65,169.65,165.2,165.55,600,56550
2665,2022-05-11 10:36:00+05:30,165.55,165.55,159.1,160.0,1750,56550
2666,2022-05-11 10:37:00+05:30,160.0,163.55,157.25,161.85,400,56550
2667,2022-05-11 10:38:00+05:30,161.85,161.85,161.85,161.85,50,56550
2668,2022-05-11 10:39:00+05:30,161.85,162.95,161.85,162.95,100,56100
2669,2022-05-11 10:40:00+05:30,162.95,162.95,157.0,160.05,100,56100
2670,2022-05-11 10:41:00+05:30,160.05,160.05,160.05,160.05,0,56100
2671,2022-05-11 10:42:00+05:30,160.05,160.05,151.45,151.45,50,56050
2672,2022-05-11 10:43:00+05:30,151.45,154.3,151.45,154.3,100,56050
2673,2022-05-11 10:44:00+05:30,154.3,163.0,154.3,163.0,600,55800
2674,2022-05-11 10:45:00+05:30,163.0,163.0,158.2,158.2,50,55800
2675,2022-05-11 10:46:00+05:30,156.3,156.3,151.2,151.2,500,55800
2676,2022-05-11 10:47:00+05:30,151.2,151.2,149.9,149.9,0,55800
2677,2022-05-11 10:48:00+05:30,149.9,149.9,149.5,149.5,100,55800
2678,2022-05-11 10:49:00+05:30,149.5,149.5,149.5,149.5,0,55800
2679,2022-05-11 10:50:00+05:30,149.5,150.05,149.5,150.05,100,55850
2680,2022-05-11 10:51:00+05:30,150.05,152.8,150.05,152.8,50,55850
2681,2022-05-11 10:52:00+05:30,152.8,152.8,151.55,151.55,300,55850
2682,2022-05-11 10:53:00+05:30,151.85,151.85,149.25,149.55,400,56100
2683,2022-05-11 10:54:00+05:30,149.55,151.0,149.55,151.0,50,56100
2684,2022-05-11 10:55:00+05:30,151.0,151.0,148.25,149.2,150,56100
2685,2022-05-11 10:56:00+05:30,149.2,154.2,149.2,154.2,50,56250
2686,2022-05-11 10:57:00+05:30,154.2,155.35,152.4,155.35,100,56250
2687,2022-05-11 10:58:00+05:30,155.35,155.35,155.2,155.2,50,56250
2688,2022-05-11 10:59:00+05:30,155.2,155.2,155.2,155.2,0,56250
2689,2022-05-11 11:00:00+05:30,155.2,155.2,155.2,155.2,0,56250
2690,2022-05-11 11:01:00+05:30,154.4,155.05,153.5,155.05,450,56100
2691,2022-05-11 11:02:00+05:30,155.05,158.55,155.05,158.55,200,56050
2692,2022-05-11 11:03:00+05:30,159.15,159.15,156.0,156.35,300,56050
2693,2022-05-11 11:04:00+05:30,156.35,156.35,155.45,155.45,50,56050
2694,2022-05-11 11:05:00+05:30,155.45,155.45,155.45,155.45,0,56050
2695,2022-05-11 11:06:00+05:30,155.65,157.6,155.65,157.35,250,55950
2696,2022-05-11 11:07:00+05:30,157.35,157.35,157.35,157.35,0,55950
2697,2022-05-11 11:08:00+05:30,157.35,157.35,157.35,157.35,0,55950
2698,2022-05-11 11:09:00+05:30,157.35,157.35,157.35,157.35,0,55950
2699,2022-05-11 11:10:00+05:30,157.35,157.35,156.8,156.8,50,56050
2700,2022-05-11 11:11:00+05:30,156.8,156.8,156.8,156.8,0,56050
2701,2022-05-11 11:12:00+05:30,156.8,159.65,156.8,159.65,350,56100
2702,2022-05-11 11:13:00+05:30,159.65,165.25,159.65,165.25,200,56100
2703,2022-05-11 11:14:00+05:30,165.15,165.15,163.0,163.0,600,56100
2704,2022-05-11 11:15:00+05:30,163.0,163.0,162.8,162.8,100,55500
2705,2022-05-11 11:16:00+05:30,162.8,162.8,159.95,159.95,100,55500
2706,2022-05-11 11:17:00+05:30,159.95,159.95,158.6,158.6,50,55500
2707,2022-05-11 11:18:00+05:30,158.6,158.6,153.75,153.75,250,55600
2708,2022-05-11 11:19:00+05:30,153.75,153.75,150.8,151.5,100,55600
2709,2022-05-11 11:20:00+05:30,151.5,151.5,151.5,151.5,0,55600
2710,2022-05-11 11:21:00+05:30,151.5,151.5,146.25,147.0,200,55800
2711,2022-05-11 11:22:00+05:30,147.0,147.0,144.5,144.5,100,55800
2712,2022-05-11 11:23:00+05:30,144.5,149.85,144.5,149.85,400,55800
2713,2022-05-11 11:24:00+05:30,149.85,152.0,149.85,152.0,100,55700
2714,2022-05-11 11:25:00+05:30,152.0,154.5,152.0,154.5,50,55700
2715,2022-05-11 11:26:00+05:30,154.5,154.5,153.25,153.25,100,55700
2716,2022-05-11 11:27:00+05:30,153.25,153.55,153.25,153.55,50,55600
2717,2022-05-11 11:28:00+05:30,153.55,153.55,153.55,153.55,0,55600
2718,2022-05-11 11:29:00+05:30,153.55,154.8,153.55,154.8,100,55550
2719,2022-05-11 11:30:00+05:30,154.8,155.7,154.8,155.7,50,55550
2720,2022-05-11 11:31:00+05:30,156.55,156.55,155.7,156.1,250,55550
2721,2022-05-11 11:32:00+05:30,156.1,156.1,156.1,156.1,0,55550
2722,2022-05-11 11:33:00+05:30,156.1,156.1,156.1,156.1,0,55550
2723,2022-05-11 11:34:00+05:30,156.1,156.1,156.1,156.1,0,55550
2724,2022-05-11 11:35:00+05:30,156.1,156.1,147.0,147.0,50,55400
2725,2022-05-11 11:36:00+05:30,147.0,151.0,147.0,151.0,150,55350
2726,2022-05-11 11:37:00+05:30,151.0,151.0,151.0,151.0,0,55350
2727,2022-05-11 11:38:00+05:30,151.0,153.25,151.0,153.25,150,55350
2728,2022-05-11 11:39:00+05:30,153.25,153.25,153.25,153.25,0,55350
2729,2022-05-11 11:40:00+05:30,153.25,153.25,151.2,151.2,100,55550
2730,2022-05-11 11:41:00+05:30,151.2,153.9,151.2,153.9,50,55550
2731,2022-05-11 11:42:00+05:30,153.9,153.9,142.35,142.35,1800,55550
2732,2022-05-11 11:43:00+05:30,142.35,142.9,140.05,142.9,200,55550
2733,2022-05-11 11:44:00+05:30,142.9,145.95,142.9,145.8,250,56600
2734,2022-05-11 11:45:00+05:30,145.8,145.8,142.45,142.5,350,56600
2735,2022-05-11 11:46:00+05:30,142.5,143.15,142.5,143.15,100,56600
2736,2022-05-11 11:47:00+05:30,143.15,143.15,141.5,141.5,50,56600
2737,2022-05-11 11:48:00+05:30,141.5,141.5,141.5,141.5,0,56600
2738,2022-05-11 11:49:00+05:30,141.5,144.7,141.5,143.3,200,56650
2739,2022-05-11 11:50:00+05:30,143.3,143.3,142.0,142.0,300,56650
2740,2022-05-11 11:51:00+05:30,142.0,142.0,142.0,142.0,0,56650
2741,2022-05-11 11:52:00+05:30,142.0,144.35,142.0,144.35,50,56550
2742,2022-05-11 11:53:00+05:30,144.35,144.35,143.15,143.15,50,56550
2743,2022-05-11 11:54:00+05:30,143.2,143.2,143.2,143.2,50,56700
2744,2022-05-11 11:55:00+05:30,143.2,147.25,143.2,147.25,50,56700
2745,2022-05-11 11:56:00+05:30,147.25,149.3,147.25,149.3,100,56700
2746,2022-05-11 11:57:00+05:30,149.3,149.3,145.0,145.0,50,56800
2747,2022-05-11 11:58:00+05:30,145.0,145.0,145.0,145.0,0,56800
2748,2022-05-11 11:59:00+05:30,145.0,145.0,145.0,145.0,0,56800
2749,2022-05-11 12:00:00+05:30,145.0,145.0,145.0,145.0,0,56800
2750,2022-05-11 12:01:00+05:30,145.0,145.0,145.0,145.0,0,56800
2751,2022-05-11 12:02:00+05:30,145.0,150.0,145.0,150.0,50,56450
2752,2022-05-11 12:03:00+05:30,150.0,150.0,144.0,144.0,200,56450
2753,2022-05-11 12:04:00+05:30,144.0,145.3,144.0,145.3,50,56450
2754,2022-05-11 12:05:00+05:30,145.3,147.2,145.3,147.2,0,56500
2755,2022-05-11 12:06:00+05:30,147.2,147.2,147.2,147.2,50,56500
2756,2022-05-11 12:07:00+05:30,147.2,148.9,147.2,148.9,50,56500
2757,2022-05-11 12:08:00+05:30,148.9,150.8,148.9,150.8,50,56500
2758,2022-05-11 12:09:00+05:30,150.8,155.3,150.8,155.3,100,56450
2759,2022-05-11 12:10:00+05:30,155.3,155.3,153.6,153.6,550,56450
2760,2022-05-11 12:11:00+05:30,153.6,153.6,153.6,153.6,0,56450
2761,2022-05-11 12:12:00+05:30,153.6,153.6,150.0,151.1,400,56450
2762,2022-05-11 12:13:00+05:30,151.1,151.1,151.1,151.1,0,56450
2763,2022-05-11 12:14:00+05:30,152.4,152.4,150.0,150.0,150,56450
2764,2022-05-11 12:15:00+05:30,149.55,150.1,149.55,150.1,250,56650
2765,2022-05-11 12:16:00+05:30,150.1,150.1,150.1,150.1,0,56650
2766,2022-05-11 12:17:00+05:30,150.1,150.3,150.1,150.3,50,56650
2767,2022-05-11 12:18:00+05:30,150.3,150.3,148.85,148.85,50,56800
2768,2022-05-11 12:19:00+05:30,148.85,150.8,148.85,150.8,350,56800
2769,2022-05-11 12:20:00+05:30,150.8,150.8,150.8,150.8,0,56800
2770,2022-05-11 12:21:00+05:30,150.8,150.8,150.8,150.8,0,56800
2771,2022-05-11 12:22:00+05:30,150.8,150.8,150.8,150.8,50,57000
2772,2022-05-11 12:23:00+05:30,150.8,151.45,150.8,151.45,100,57000
2773,2022-05-11 12:24:00+05:30,151.45,151.95,151.2,151.2,550,57100
2774,2022-05-11 12:25:00+05:30,151.2,151.2,151.2,151.2,0,57100
2775,2022-05-11 12:26:00+05:30,151.2,151.2,151.2,151.2,0,57100
2776,2022-05-11 12:27:00+05:30,151.2,154.7,151.2,154.7,150,57700
2777,2022-05-11 12:28:00+05:30,154.7,156.05,153.7,156.05,250,57700
2778,2022-05-11 12:29:00+05:30,156.05,160.0,156.05,157.9,100,57700
2779,2022-05-11 12:30:00+05:30,157.9,157.9,153.0,153.0,50,57500
2780,2022-05-11 12:31:00+05:30,153.0,157.9,153.0,157.9,350,57500
2781,2022-05-11 12:32:00+05:30,157.9,161.7,157.9,159.25,1050,57500
2782,2022-05-11 12:33:00+05:30,159.25,159.8,158.6,158.6,150,56850
2783,2022-05-11 12:34:00+05:30,158.6,160.0,158.6,160.0,50,56850
2784,2022-05-11 12:35:00+05:30,160.0,163.05,160.0,162.65,300,56850
2785,2022-05-11 12:36:00+05:30,162.65,165.0,162.65,165.0,250,56550
2786,2022-05-11 12:37:00+05:30,165.0,165.0,165.0,165.0,0,56550
2787,2022-05-11 12:38:00+05:30,165.0,165.0,153.95,153.95,150,56550
2788,2022-05-11 12:39:00+05:30,153.95,155.8,153.0,153.0,350,56550
2789,2022-05-11 12:40:00+05:30,153.0,153.0,153.0,153.0,0,56550
2790,2022-05-11 12:41:00+05:30,153.0,153.0,153.0,153.0,0,56550
2791,2022-05-11 12:42:00+05:30,153.0,153.0,153.0,153.0,0,56550
2792,2022-05-11 12:43:00+05:30,153.0,166.15,153.0,166.15,200,56500
2793,2022-05-11 12:44:00+05:30,166.15,170.45,166.15,170.45,350,56500
2794,2022-05-11 12:45:00+05:30,171.15,173.5,170.0,171.8,350,56550
2795,2022-05-11 12:46:00+05:30,171.8,172.1,171.8,172.1,350,56550
2796,2022-05-11 12:47:00+05:30,172.1,172.1,170.0,170.0,350,56550
2797,2022-05-11 12:48:00+05:30,170.0,170.0,170.0,170.0,0,56550
2798,2022-05-11 12:49:00+05:30,170.0,177.45,170.0,176.9,100,56600
2799,2022-05-11 12:50:00+05:30,176.9,176.9,174.75,174.75,50,56600
2800,2022-05-11 12:51:00+05:30,174.75,174.75,174.75,174.75,0,56600
2801,2022-05-11 12:52:00+05:30,174.75,176.0,171.6,173.4,1800,56550
2802,2022-05-11 12:53:00+05:30,173.4,174.95,173.4,174.35,650,56550
2803,2022-05-11 12:54:00+05:30,174.35,181.5,174.35,180.0,200,56250
2804,2022-05-11 12:55:00+05:30,180.0,180.75,176.7,180.75,550,56250
2805,2022-05-11 12:56:00+05:30,180.75,182.7,179.55,180.75,600,56250
2806,2022-05-11 12:57:00+05:30,180.75,184.0,180.75,184.0,200,55950
2807,2022-05-11 12:58:00+05:30,180.75,182.9,178.55,180.95,300,55950
2808,2022-05-11 12:59:00+05:30,180.95,180.95,179.45,179.45,350,55950
2809,2022-05-11 13:00:00+05:30,179.45,180.15,176.45,177.2,250,56300
2810,2022-05-11 13:01:00+05:30,177.2,177.85,177.2,177.85,150,56300
2811,2022-05-11 13:02:00+05:30,177.85,179.0,177.85,179.0,100,56300
2812,2022-05-11 13:03:00+05:30,179.0,179.0,178.35,178.35,100,56450
2813,2022-05-11 13:04:00+05:30,178.35,187.55,178.35,187.55,650,56450
2814,2022-05-11 13:05:00+05:30,186.75,186.9,182.35,182.35,850,56450
2815,2022-05-11 13:06:00+05:30,182.35,183.65,177.25,177.25,400,56850
2816,2022-05-11 13:07:00+05:30,177.25,177.25,177.25,177.25,0,56850
2817,2022-05-11 13:08:00+05:30,177.25,182.55,177.25,182.55,150,56850
2818,2022-05-11 13:09:00+05:30,182.55,182.55,182.55,182.55,50,56850
2819,2022-05-11 13:10:00+05:30,182.55,182.55,182.4,182.4,400,56800
2820,2022-05-11 13:11:00+05:30,182.4,182.4,179.35,180.6,200,56800
2821,2022-05-11 13:12:00+05:30,180.6,180.6,180.6,180.6,0,56800
2822,2022-05-11 13:13:00+05:30,180.6,180.6,180.6,180.6,0,56800
2823,2022-05-11 13:14:00+05:30,180.6,184.3,178.95,184.3,300,56450
2824,2022-05-11 13:15:00+05:30,184.3,185.0,183.95,185.0,250,56500
2825,2022-05-11 13:16:00+05:30,185.0,185.0,183.85,183.85,150,56500
2826,2022-05-11 13:17:00+05:30,183.85,192.0,182.75,192.0,250,56500
2827,2022-05-11 13:18:00+05:30,192.0,195.85,191.9,194.4,800,56500
2828,2022-05-11 13:19:00+05:30,192.15,192.4,190.0,190.0,1400,56500
2829,2022-05-11 13:20:00+05:30,188.85,188.85,187.15,187.15,600,56500
2830,2022-05-11 13:21:00+05:30,187.15,199.15,187.15,198.75,750,56800
2831,2022-05-11 13:22:00+05:30,197.75,197.75,190.0,190.8,450,56800
2832,2022-05-11 13:23:00+05:30,187.5,187.5,185.5,186.7,650,56800
2833,2022-05-11 13:24:00+05:30,186.7,188.75,186.7,187.9,200,56750
2834,2022-05-11 13:25:00+05:30,187.9,189.5,187.9,188.95,400,56750
2835,2022-05-11 13:26:00+05:30,188.95,188.95,185.8,185.8,250,56750
2836,2022-05-11 13:27:00+05:30,185.8,185.8,175.75,175.75,200,57200
2837,2022-05-11 13:28:00+05:30,175.7,177.3,174.35,174.35,650,57200
2838,2022-05-11 13:29:00+05:30,174.35,175.9,174.35,174.75,450,57200
2839,2022-05-11 13:30:00+05:30,174.75,176.0,170.35,171.0,350,57300
2840,2022-05-11 13:31:00+05:30,171.0,171.75,170.0,171.75,150,57300
2841,2022-05-11 13:32:00+05:30,171.75,171.75,163.55,165.35,250,57300
2842,2022-05-11 13:33:00+05:30,164.95,165.2,161.25,162.8,1150,57050
2843,2022-05-11 13:34:00+05:30,162.8,162.8,162.8,162.8,0,57050
2844,2022-05-11 13:35:00+05:30,162.8,169.2,162.8,169.2,100,57050
2845,2022-05-11 13:36:00+05:30,169.2,169.2,167.55,167.55,50,57050
2846,2022-05-11 13:37:00+05:30,167.55,169.45,167.55,168.55,100,57050
2847,2022-05-11 13:38:00+05:30,168.55,168.55,166.9,166.9,150,57050
2848,2022-05-11 13:39:00+05:30,166.9,166.9,158.55,161.9,350,57000
2849,2022-05-11 13:40:00+05:30,161.8,161.8,158.15,158.15,150,57000
2850,2022-05-11 13:41:00+05:30,158.15,158.15,155.7,155.7,200,57000
2851,2022-05-11 13:42:00+05:30,155.7,164.45,155.7,164.45,100,57000
2852,2022-05-11 13:43:00+05:30,164.45,168.45,164.45,168.45,50,57100
2853,2022-05-11 13:44:00+05:30,168.45,168.45,166.95,167.25,150,57100
2854,2022-05-11 13:45:00+05:30,167.25,167.25,165.15,165.15,50,57250
2855,2022-05-11 13:46:00+05:30,165.15,165.15,165.15,165.15,0,57250
2856,2022-05-11 13:47:00+05:30,165.15,165.15,165.0,165.0,150,57250
2857,2022-05-11 13:48:00+05:30,165.0,165.0,159.3,159.3,700,57200
2858,2022-05-11 13:49:00+05:30,159.3,162.95,159.3,162.95,400,57200
2859,2022-05-11 13:50:00+05:30,162.95,162.95,161.85,162.65,400,57200
2860,2022-05-11 13:51:00+05:30,162.65,162.65,159.95,161.0,150,57700
2861,2022-05-11 13:52:00+05:30,161.0,161.0,158.8,158.8,50,57700
2862,2022-05-11 13:53:00+05:30,158.8,158.8,153.0,153.0,200,57700
2863,2022-05-11 13:54:00+05:30,153.0,153.0,150.65,151.15,200,57650
2864,2022-05-11 13:55:00+05:30,151.15,151.15,148.3,148.3,100,57650
2865,2022-05-11 13:56:00+05:30,151.9,152.25,151.9,152.25,850,57650
2866,2022-05-11 13:57:00+05:30,152.25,152.25,146.7,149.5,300,57750
2867,2022-05-11 13:58:00+05:30,149.5,149.5,146.0,146.0,500,57750
2868,2022-05-11 13:59:00+05:30,147.2,150.0,147.2,150.0,200,57750
2869,2022-05-11 14:00:00+05:30,150.0,150.0,140.85,143.25,1000,58150
2870,2022-05-11 14:01:00+05:30,143.25,143.25,141.95,141.95,550,58150
2871,2022-05-11 14:02:00+05:30,141.95,141.95,138.95,141.2,500,58150
2872,2022-05-11 14:03:00+05:30,141.2,141.2,137.35,141.05,800,58450
2873,2022-05-11 14:04:00+05:30,141.05,141.05,138.15,138.15,100,58450
2874,2022-05-11 14:05:00+05:30,138.15,138.15,131.4,132.7,200,58450
2875,2022-05-11 14:06:00+05:30,132.7,132.7,129.2,129.2,1500,58700
2876,2022-05-11 14:07:00+05:30,129.2,129.3,128.05,129.3,700,58700
2877,2022-05-11 14:08:00+05:30,129.3,132.2,129.3,130.95,200,58700
2878,2022-05-11 14:09:00+05:30,130.95,130.95,130.95,130.95,0,58700
2879,2022-05-11 14:10:00+05:30,130.95,140.0,130.95,140.0,1150,59800
2880,2022-05-11 14:11:00+05:30,140.0,140.0,134.4,134.4,550,59800
2881,2022-05-11 14:12:00+05:30,134.4,134.4,129.2,129.2,150,59800
2882,2022-05-11 14:13:00+05:30,129.2,130.9,129.2,130.9,100,59800
2883,2022-05-11 14:14:00+05:30,130.9,135.5,130.9,135.5,150,59800
2884,2022-05-11 14:15:00+05:30,133.25,134.2,133.25,133.7,150,59950
2885,2022-05-11 14:16:00+05:30,133.7,137.05,133.7,136.45,500,59950
2886,2022-05-11 14:17:00+05:30,136.45,136.45,133.95,133.95,100,59950
2887,2022-05-11 14:18:00+05:30,130.95,130.95,130.25,130.25,100,59950
2888,2022-05-11 14:19:00+05:30,130.25,130.85,130.25,130.85,150,59400
2889,2022-05-11 14:20:00+05:30,130.85,135.0,130.85,135.0,250,59400
2890,2022-05-11 14:21:00+05:30,135.0,135.0,126.85,126.85,400,58250
2891,2022-05-11 14:22:00+05:30,126.85,127.95,126.85,127.95,100,58250
2892,2022-05-11 14:23:00+05:30,127.95,127.95,127.95,127.95,0,58250
2893,2022-05-11 14:24:00+05:30,127.95,129.75,125.65,129.75,200,58350
2894,2022-05-11 14:25:00+05:30,129.75,129.75,129.75,129.75,0,58350
2895,2022-05-11 14:26:00+05:30,129.75,129.75,125.4,127.9,150,58350
2896,2022-05-11 14:27:00+05:30,127.9,129.5,127.9,129.5,150,58350
2897,2022-05-11 14:28:00+05:30,128.25,128.6,125.0,125.0,100,58350
2898,2022-05-11 14:29:00+05:30,125.0,126.9,125.0,126.9,200,58350
2899,2022-05-11 14:30:00+05:30,126.9,126.9,126.9,126.9,0,58350
2900,2022-05-11 14:31:00+05:30,126.9,136.8,126.9,134.6,200,58650
2901,2022-05-11 14:32:00+05:30,141.5,142.5,134.6,140.0,350,58650
2902,2022-05-11 14:33:00+05:30,140.0,140.95,137.05,139.45,700,58700
2903,2022-05-11 14:34:00+05:30,138.8,138.8,138.8,138.8,100,58700
2904,2022-05-11 14:35:00+05:30,138.8,139.3,135.75,137.45,150,58700
2905,2022-05-11 14:36:00+05:30,136.3,136.3,134.05,134.05,200,58600
2906,2022-05-11 14:37:00+05:30,127.8,134.05,126.9,127.5,400,58600
2907,2022-05-11 14:38:00+05:30,127.5,132.2,127.5,132.2,100,58600
2908,2022-05-11 14:39:00+05:30,132.2,132.2,127.3,127.3,200,58900
2909,2022-05-11 14:40:00+05:30,127.3,127.3,117.7,118.4,900,58900
2910,2022-05-11 14:41:00+05:30,118.4,118.4,114.8,114.8,550,58900
2911,2022-05-11 14:42:00+05:30,114.8,115.45,114.45,115.3,250,58900
2912,2022-05-11 14:43:00+05:30,115.3,116.45,114.05,116.45,50,59400
2913,2022-05-11 14:44:00+05:30,116.45,116.45,115.75,116.2,400,59400
2914,2022-05-11 14:45:00+05:30,116.2,118.8,115.95,118.8,450,59200
2915,2022-05-11 14:46:00+05:30,118.8,118.8,118.8,118.8,0,59200
2916,2022-05-11 14:47:00+05:30,118.8,118.8,117.75,117.75,200,59200
2917,2022-05-11 14:48:00+05:30,117.75,117.75,117.75,117.75,0,59200
2918,2022-05-11 14:49:00+05:30,117.75,121.55,117.75,121.55,100,59550
2919,2022-05-11 14:50:00+05:30,121.55,121.55,121.55,121.55,0,59550
2920,2022-05-11 14:51:00+05:30,121.55,121.55,113.05,113.8,700,59250
2921,2022-05-11 14:52:00+05:30,113.25,114.4,111.7,114.4,1250,59250
2922,2022-05-11 14:53:00+05:30,114.25,115.3,111.8,115.3,300,59250
2923,2022-05-11 14:54:00+05:30,115.3,122.75,115.3,122.75,650,59600
2924,2022-05-11 14:55:00+05:30,122.75,124.25,117.35,121.85,2100,59600
2925,2022-05-11 14:56:00+05:30,121.85,124.85,121.15,124.85,500,59600
2926,2022-05-11 14:57:00+05:30,122.55,122.55,121.2,121.85,250,59600
2927,2022-05-11 14:58:00+05:30,121.85,121.85,118.25,118.85,650,58250
2928,2022-05-11 14:59:00+05:30,118.85,120.75,118.85,120.75,50,58250
2929,2022-05-11 15:00:00+05:30,122.6,128.9,119.75,128.85,550,58700
2930,2022-05-11 15:01:00+05:30,128.85,128.85,124.55,128.15,1100,58700
2931,2022-05-11 15:02:00+05:30,130.0,135.0,130.0,134.85,550,58700
2932,2022-05-11 15:03:00+05:30,134.2,134.2,131.15,134.05,750,58100
2933,2022-05-11 15:04:00+05:30,134.05,134.05,132.05,132.05,500,58100
2934,2022-05-11 15:05:00+05:30,132.05,132.05,125.95,127.05,450,58100
2935,2022-05-11 15:06:00+05:30,127.05,127.05,123.85,125.45,200,58350
2936,2022-05-11 15:07:00+05:30,125.45,125.45,125.0,125.3,350,58350
2937,2022-05-11 15:08:00+05:30,125.3,130.0,125.3,130.0,300,58350
2938,2022-05-11 15:09:00+05:30,130.0,130.0,127.2,127.2,50,58050
2939,2022-05-11 15:10:00+05:30,127.2,128.9,122.0,128.55,1450,58050
2940,2022-05-11 15:11:00+05:30,128.55,128.55,125.0,125.0,100,58050
2941,2022-05-11 15:12:00+05:30,125.0,125.45,125.0,125.45,50,58050
2942,2022-05-11 15:13:00+05:30,125.45,129.25,125.45,129.25,150,57250
2943,2022-05-11 15:14:00+05:30,128.65,129.25,126.6,126.95,500,57250
2944,2022-05-11 15:15:00+05:30,126.05,126.05,125.4,125.65,450,57200
2945,2022-05-11 15:16:00+05:30,125.65,125.65,125.65,125.65,100,57200
2946,2022-05-11 15:17:00+05:30,125.65,125.65,125.45,125.45,50,57200
2947,2022-05-11 15:18:00+05:30,123.75,125.95,123.75,125.95,500,57100
2948,2022-05-11 15:19:00+05:30,125.95,125.95,123.05,123.05,1100,57100
2949,2022-05-11 15:20:00+05:30,123.05,123.8,122.25,123.15,650,57100
2950,2022-05-11 15:21:00+05:30,123.15,123.15,120.5,120.5,650,57700
2951,2022-05-11 15:22:00+05:30,120.4,120.4,118.0,119.95,650,57700
2952,2022-05-11 15:23:00+05:30,119.95,120.25,119.65,119.65,650,57700
2953,2022-05-11 15:24:00+05:30,119.65,119.65,117.35,117.35,1100,57450
2954,2022-05-11 15:25:00+05:30,116.9,119.5,116.9,119.5,950,57450
2955,2022-05-11 15:26:00+05:30,119.5,119.8,118.4,118.4,350,57450
2956,2022-05-11 15:27:00+05:30,118.4,118.4,117.15,117.15,150,58100
2957,2022-05-11 15:28:00+05:30,117.15,117.15,116.5,116.7,250,58100
2958,2022-05-11 15:29:00+05:30,116.0,116.0,114.35,115.1,950,58100
2959,2022-05-12 09:15:00+05:30,172.95,176.5,172.95,174.5,450,55250
2960,2022-05-12 09:16:00+05:30,174.5,176.7,174.05,176.7,2650,55250
2961,2022-05-12 09:17:00+05:30,176.7,191.5,176.7,191.5,1400,52250
2962,2022-05-12 09:18:00+05:30,191.5,192.45,189.25,189.25,950,52250
2963,2022-05-12 09:19:00+05:30,192.4,192.4,185.8,185.8,150,52250
2964,2022-05-12 09:20:00+05:30,185.8,194.9,185.8,192.8,600,51500
2965,2022-05-12 09:21:00+05:30,192.8,202.4,192.8,201.95,1200,51500
2966,2022-05-12 09:22:00+05:30,201.95,201.95,197.0,201.05,1450,51500
2967,2022-05-12 09:23:00+05:30,201.05,201.05,194.25,195.55,500,51450
2968,2022-05-12 09:24:00+05:30,195.55,201.05,195.55,201.05,300,51450
2969,2022-05-12 09:25:00+05:30,201.05,204.25,199.7,199.7,600,51450
2970,2022-05-12 09:26:00+05:30,200.0,202.55,200.0,202.55,400,51800
2971,2022-05-12 09:27:00+05:30,202.55,208.0,202.55,207.5,800,51800
2972,2022-05-12 09:28:00+05:30,209.0,210.6,209.0,210.05,850,51800
2973,2022-05-12 09:29:00+05:30,210.05,215.0,210.05,211.0,400,51800
2974,2022-05-12 09:30:00+05:30,215.0,221.0,215.0,221.0,250,51750
2975,2022-05-12 09:31:00+05:30,221.0,227.2,219.8,220.0,750,51750
2976,2022-05-12 09:32:00+05:30,216.75,216.75,211.25,211.25,100,51750
2977,2022-05-12 09:33:00+05:30,211.25,212.8,209.05,209.05,450,51650
2978,2022-05-12 09:34:00+05:30,209.05,218.8,209.05,215.8,600,51650
2979,2022-05-12 09:35:00+05:30,215.8,218.45,215.8,218.45,150,51800
2980,2022-05-12 09:36:00+05:30,218.45,222.3,217.25,222.3,200,51800
2981,2022-05-12 09:37:00+05:30,222.3,231.05,222.3,231.05,2350,51800
2982,2022-05-12 09:38:00+05:30,231.05,237.6,230.5,230.5,1500,51050
2983,2022-05-12 09:39:00+05:30,230.5,240.65,230.5,240.65,1350,51050
2984,2022-05-12 09:40:00+05:30,240.65,240.65,232.8,234.95,900,51050
2985,2022-05-12 09:41:00+05:30,234.95,240.2,234.95,240.2,500,50500
2986,2022-05-12 09:42:00+05:30,240.2,244.65,237.75,239.95,1000,50500
2987,2022-05-12 09:43:00+05:30,239.95,239.95,234.0,238.7,1550,50500
2988,2022-05-12 09:44:00+05:30,238.7,238.7,233.0,234.5,1250,51100
2989,2022-05-12 09:45:00+05:30,231.45,235.35,231.25,231.25,450,51100
2990,2022-05-12 09:46:00+05:30,231.25,234.1,225.35,228.0,1200,51100
2991,2022-05-12 09:47:00+05:30,225.0,225.35,224.0,225.15,700,52150
2992,2022-05-12 09:48:00+05:30,223.6,225.15,222.0,222.0,700,52150
2993,2022-05-12 09:49:00+05:30,222.0,224.1,221.7,222.8,350,52150
2994,2022-05-12 09:50:00+05:30,222.8,226.45,222.8,226.35,250,51900
2995,2022-05-12 09:51:00+05:30,226.35,229.45,226.05,229.45,150,51900
2996,2022-05-12 09:52:00+05:30,229.45,229.45,226.3,227.2,200,51900
2997,2022-05-12 09:53:00+05:30,227.2,229.35,227.2,229.35,150,51900
2998,2022-05-12 09:54:00+05:30,229.35,229.95,226.35,229.95,200,51850
2999,2022-05-12 09:55:00+05:30,229.95,232.55,229.95,232.55,50,51850
3000,2022-05-12 09:56:00+05:30,232.55,232.55,230.1,230.1,200,51900
3001,2022-05-12 09:57:00+05:30,230.1,230.1,225.0,225.0,100,51900
3002,2022-05-12 09:58:00+05:30,225.0,225.0,225.0,225.0,0,51900
3003,2022-05-12 09:59:00+05:30,225.0,225.0,223.95,224.65,2850,53100
3004,2022-05-12 10:00:00+05:30,224.65,228.45,224.65,228.45,250,53100
3005,2022-05-12 10:01:00+05:30,228.45,228.45,227.65,227.65,150,53100
3006,2022-05-12 10:02:00+05:30,227.65,227.65,223.0,223.0,50,53100
3007,2022-05-12 10:03:00+05:30,223.0,223.0,214.9,214.9,650,53100
3008,2022-05-12 10:04:00+05:30,214.9,218.3,213.25,218.3,450,53100
3009,2022-05-12 10:05:00+05:30,218.3,219.25,218.3,219.25,50,53100
3010,2022-05-12 10:06:00+05:30,219.25,221.15,219.25,220.45,200,53200
3011,2022-05-12 10:07:00+05:30,221.8,223.95,221.8,223.95,300,53200
3012,2022-05-12 10:08:00+05:30,223.95,223.95,222.45,222.45,150,53250
3013,2022-05-12 10:09:00+05:30,222.45,222.45,220.1,221.2,400,53250
3014,2022-05-12 10:10:00+05:30,221.2,225.5,221.2,225.5,350,53250
3015,2022-05-12 10:11:00+05:30,225.5,225.5,225.5,225.5,0,53250
3016,2022-05-12 10:12:00+05:30,225.5,230.0,225.5,230.0,50,52950
3017,2022-05-12 10:13:00+05:30,230.0,232.7,230.0,230.7,150,52950
3018,2022-05-12 10:14:00+05:30,230.7,230.7,229.2,229.2,200,52950
3019,2022-05-12 10:15:00+05:30,234.0,238.1,234.0,235.0,1150,52950
3020,2022-05-12 10:16:00+05:30,235.0,235.0,230.0,230.0,450,52950
3021,2022-05-12 10:17:00+05:30,230.0,232.3,230.0,230.9,850,52950
3022,2022-05-12 10:18:00+05:30,230.9,231.15,228.85,228.85,250,52550
3023,2022-05-12 10:19:00+05:30,228.85,228.85,225.0,225.0,100,52550
3024,2022-05-12 10:20:00+05:30,225.0,225.95,224.05,224.1,650,52600
3025,2022-05-12 10:21:00+05:30,224.1,224.1,219.65,220.2,200,52600
3026,2022-05-12 10:22:00+05:30,220.2,221.85,220.2,221.85,700,52600
3027,2022-05-12 10:23:00+05:30,221.85,221.85,221.85,221.85,0,52600
3028,2022-05-12 10:24:00+05:30,221.85,226.2,221.85,223.1,650,52700
3029,2022-05-12 10:25:00+05:30,223.1,225.6,223.1,223.25,150,52700
3030,2022-05-12 10:26:00+05:30,223.25,223.25,223.25,223.25,0,52700
3031,2022-05-12 10:27:00+05:30,223.25,223.25,222.35,222.35,50,53150
3032,2022-05-12 10:28:00+05:30,222.35,222.35,221.0,221.0,150,53150
3033,2022-05-12 10:29:00+05:30,221.0,221.0,215.4,215.4,200,53150
3034,2022-05-12 10:30:00+05:30,215.4,220.05,214.6,220.05,750,53350
3035,2022-05-12 10:31:00+05:30,220.05,225.45,220.05,223.8,350,53350
3036,2022-05-12 10:32:00+05:30,223.8,223.9,217.8,217.8,1000,53350
3037,2022-05-12 10:33:00+05:30,217.8,217.8,207.85,208.05,400,54200
3038,2022-05-12 10:34:00+05:30,208.05,212.95,207.45,210.9,750,54200
3039,2022-05-12 10:35:00+05:30,210.9,214.05,210.9,214.05,50,54750
3040,2022-05-12 10:36:00+05:30,214.05,215.45,214.05,215.45,100,54750
3041,2022-05-12 10:37:00+05:30,215.45,215.45,215.45,215.45,0,54750
3042,2022-05-12 10:38:00+05:30,215.45,215.75,214.15,214.15,350,54750
3043,2022-05-12 10:39:00+05:30,214.15,214.15,211.65,211.65,100,55050
3044,2022-05-12 10:40:00+05:30,211.65,212.3,211.65,212.3,150,55050
3045,2022-05-12 10:41:00+05:30,212.0,212.3,211.6,211.6,150,55050
3046,2022-05-12 10:42:00+05:30,211.6,218.8,211.6,218.8,200,55250
3047,2022-05-12 10:43:00+05:30,218.2,218.2,218.2,218.2,100,55250
3048,2022-05-12 10:44:00+05:30,218.2,221.05,217.4,221.05,150,55450
3049,2022-05-12 10:45:00+05:30,221.05,221.05,221.05,221.05,0,55450
3050,2022-05-12 10:46:00+05:30,221.05,225.05,221.05,224.05,300,55450
3051,2022-05-12 10:47:00+05:30,224.05,224.05,224.05,224.05,0,55450
3052,2022-05-12 10:48:00+05:30,222.8,223.9,222.8,223.8,650,55600
3053,2022-05-12 10:49:00+05:30,223.8,224.5,221.9,223.35,300,55600
3054,2022-05-12 10:50:00+05:30,223.35,223.35,219.6,223.2,500,55600
3055,2022-05-12 10:51:00+05:30,223.2,225.0,223.2,225.0,250,55350
3056,2022-05-12 10:52:00+05:30,225.0,227.85,225.0,225.15,1300,55350
3057,2022-05-12 10:53:00+05:30,225.15,228.3,225.15,228.0,450,55250
3058,2022-05-12 10:54:00+05:30,228.0,233.0,228.0,233.0,200,55250
3059,2022-05-12 10:55:00+05:30,233.0,233.95,231.45,231.45,300,55250
3060,2022-05-12 10:56:00+05:30,231.45,238.0,231.45,237.3,550,55350
3061,2022-05-12 10:57:00+05:30,237.3,240.0,237.3,238.65,400,55350
3062,2022-05-12 10:58:00+05:30,238.65,247.35,238.65,247.35,1250,55350
3063,2022-05-12 10:59:00+05:30,247.35,249.25,240.95,240.95,300,55350
3064,2022-05-12 11:00:00+05:30,240.95,246.95,240.95,246.95,200,54900
3065,2022-05-12 11:01:00+05:30,246.95,247.5,246.0,246.0,2100,54900
3066,2022-05-12 11:02:00+05:30,246.0,246.8,244.65,245.85,1000,56100
3067,2022-05-12 11:03:00+05:30,245.85,246.95,242.0,242.0,2000,56100
3068,2022-05-12 11:04:00+05:30,242.0,243.35,239.0,239.0,900,56100
3069,2022-05-12 11:05:00+05:30,239.0,242.0,239.0,239.0,2000,56100
3070,2022-05-12 11:06:00+05:30,239.0,239.0,239.0,239.0,0,56100
3071,2022-05-12 11:07:00+05:30,239.0,242.5,239.0,240.7,1250,59050
3072,2022-05-12 11:08:00+05:30,240.7,247.45,239.65,247.0,350,59050
3073,2022-05-12 11:09:00+05:30,247.0,251.45,247.0,248.1,700,59900
3074,2022-05-12 11:10:00+05:30,248.1,248.1,247.55,247.55,150,59900
3075,2022-05-12 11:11:00+05:30,247.55,247.55,244.6,244.6,50,59900
3076,2022-05-12 11:12:00+05:30,244.6,251.0,244.6,251.0,500,59950
3077,2022-05-12 11:13:00+05:30,251.0,252.0,250.75,252.0,200,59950
3078,2022-05-12 11:14:00+05:30,252.0,263.8,252.0,263.8,850,59950
3079,2022-05-12 11:15:00+05:30,263.8,266.1,263.6,265.0,350,59950
3080,2022-05-12 11:16:00+05:30,265.85,270.0,265.85,266.55,400,59950
3081,2022-05-12 11:17:00+05:30,266.55,266.55,263.35,263.35,750,59950
3082,2022-05-12 11:18:00+05:30,263.35,263.35,256.25,257.0,750,59850
3083,2022-05-12 11:19:00+05:30,257.0,258.3,257.0,258.3,50,59850
3084,2022-05-12 11:20:00+05:30,258.3,263.9,258.3,263.9,450,59850
3085,2022-05-12 11:21:00+05:30,263.9,268.4,263.9,266.55,1100,60000
3086,2022-05-12 11:22:00+05:30,266.55,266.55,262.55,262.95,450,60000
3087,2022-05-12 11:23:00+05:30,262.95,264.55,262.95,264.55,50,60000
3088,2022-05-12 11:24:00+05:30,263.8,264.55,263.8,264.2,100,59750
3089,2022-05-12 11:25:00+05:30,263.15,263.15,258.75,258.75,150,59750
3090,2022-05-12 11:26:00+05:30,258.75,258.75,251.15,252.0,1750,59750
3091,2022-05-12 11:27:00+05:30,252.0,252.0,252.0,252.0,0,59750
3092,2022-05-12 11:28:00+05:30,252.0,252.0,252.0,252.0,0,59750
3093,2022-05-12 11:29:00+05:30,252.0,255.25,252.0,255.25,50,59050
3094,2022-05-12 11:30:00+05:30,255.25,255.9,252.0,255.9,100,59100
3095,2022-05-12 11:31:00+05:30,255.9,255.9,250.4,253.75,350,59100
3096,2022-05-12 11:32:00+05:30,253.75,256.15,253.75,254.2,150,59100
3097,2022-05-12 11:33:00+05:30,254.2,254.2,250.45,250.45,100,59150
3098,2022-05-12 11:34:00+05:30,250.45,250.45,247.15,248.65,450,59150
3099,2022-05-12 11:35:00+05:30,248.5,248.5,246.25,246.25,100,59150
3100,2022-05-12 11:36:00+05:30,246.2,246.2,239.25,239.5,2650,59400
3101,2022-05-12 11:37:00+05:30,239.5,239.5,234.2,234.2,100,59400
3102,2022-05-12 11:38:00+05:30,234.2,234.2,230.0,230.0,150,59400
3103,2022-05-12 11:39:00+05:30,230.0,233.0,230.0,233.0,150,60000
3104,2022-05-12 11:40:00+05:30,233.0,233.0,229.0,229.0,50,60000
3105,2022-05-12 11:41:00+05:30,229.0,232.75,229.0,232.75,50,60000
3106,2022-05-12 11:42:00+05:30,232.75,233.2,231.5,232.2,500,60050
3107,2022-05-12 11:43:00+05:30,232.2,232.2,231.55,231.55,50,60050
3108,2022-05-12 11:44:00+05:30,231.55,233.95,231.55,233.95,150,60050
3109,2022-05-12 11:45:00+05:30,233.95,239.05,233.85,239.05,200,60450
3110,2022-05-12 11:46:00+05:30,239.05,239.9,239.05,239.9,50,60450
3111,2022-05-12 11:47:00+05:30,239.9,239.9,239.9,239.9,0,60450
3112,2022-05-12 11:48:00+05:30,239.9,248.4,239.9,246.2,500,60650
3113,2022-05-12 11:49:00+05:30,246.2,250.55,246.2,250.0,150,60650
3114,2022-05-12 11:50:00+05:30,250.0,252.5,249.95,252.0,750,60650
3115,2022-05-12 11:51:00+05:30,252.0,252.0,250.4,250.5,150,60250
3116,2022-05-12 11:52:00+05:30,250.5,250.5,244.3,244.3,50,60250
3117,2022-05-12 11:53:00+05:30,244.3,244.3,235.0,235.55,350,60250
3118,2022-05-12 11:54:00+05:30,235.55,235.55,235.1,235.1,50,60450
3119,2022-05-12 11:55:00+05:30,235.1,235.1,235.1,235.1,0,60450
3120,2022-05-12 11:56:00+05:30,235.1,235.1,235.1,235.1,0,60450
3121,2022-05-12 11:57:00+05:30,235.55,236.45,235.55,236.45,150,60350
3122,2022-05-12 11:58:00+05:30,236.45,239.5,235.8,239.5,250,60350
3123,2022-05-12 11:59:00+05:30,239.5,239.5,239.5,239.5,0,60350
3124,2022-05-12 12:00:00+05:30,239.5,241.95,239.5,241.95,50,60550
3125,2022-05-12 12:01:00+05:30,241.95,241.95,240.4,240.4,1150,60550
3126,2022-05-12 12:02:00+05:30,240.4,240.4,239.15,239.15,100,60550
3127,2022-05-12 12:03:00+05:30,239.15,243.7,239.15,242.45,2850,61100
3128,2022-05-12 12:04:00+05:30,242.45,242.45,241.15,241.15,50,61100
3129,2022-05-12 12:05:00+05:30,241.15,241.15,237.65,239.0,750,61100
3130,2022-05-12 12:06:00+05:30,239.0,239.0,235.6,235.6,100,62900
3131,2022-05-12 12:07:00+05:30,235.6,235.6,235.6,235.6,0,62900
3132,2022-05-12 12:08:00+05:30,235.6,239.35,235.6,239.35,50,62900
3133,2022-05-12 12:09:00+05:30,236.45,236.45,236.45,236.45,50,62900
3134,2022-05-12 12:10:00+05:30,236.45,239.75,236.45,239.75,100,62900
3135,2022-05-12 12:11:00+05:30,239.75,240.35,235.55,240.35,2900,62900
3136,2022-05-12 12:12:00+05:30,240.35,240.35,238.5,238.5,250,64350
3137,2022-05-12 12:13:00+05:30,238.5,238.5,234.75,234.75,150,64350
3138,2022-05-12 12:14:00+05:30,234.75,236.8,234.0,234.0,450,64350
3139,2022-05-12 12:15:00+05:30,234.0,238.0,232.85,236.5,200,64400
3140,2022-05-12 12:16:00+05:30,236.5,237.5,236.5,236.5,1000,64400
3141,2022-05-12 12:17:00+05:30,236.3,241.5,235.05,241.5,3000,64400
3142,2022-05-12 12:18:00+05:30,242.85,244.9,242.85,244.9,150,66700
3143,2022-05-12 12:19:00+05:30,244.9,244.95,243.25,243.25,3550,66700
3144,2022-05-12 12:20:00+05:30,243.25,244.5,242.45,244.45,1400,66700
3145,2022-05-12 12:21:00+05:30,243.0,244.8,241.4,243.0,1200,70100
3146,2022-05-12 12:22:00+05:30,243.0,248.35,243.0,248.35,100,70100
3147,2022-05-12 12:23:00+05:30,248.35,249.8,244.15,244.35,700,70100
3148,2022-05-12 12:24:00+05:30,244.35,250.5,244.35,249.7,1550,69700
3149,2022-05-12 12:25:00+05:30,249.7,253.4,249.7,249.9,150,69700
3150,2022-05-12 12:26:00+05:30,249.9,249.9,244.05,244.25,1150,69700
3151,2022-05-12 12:27:00+05:30,244.25,248.4,244.25,248.4,300,70850
3152,2022-05-12 12:28:00+05:30,248.4,254.2,248.4,254.2,100,70850
3153,2022-05-12 12:29:00+05:30,254.95,257.25,253.55,254.95,800,70850
3154,2022-05-12 12:30:00+05:30,254.95,265.2,254.95,257.95,3450,71050
3155,2022-05-12 12:31:00+05:30,261.15,266.1,261.15,266.1,250,71050
3156,2022-05-12 12:32:00+05:30,266.1,270.0,266.1,267.3,1750,71050
3157,2022-05-12 12:33:00+05:30,267.3,271.15,262.8,262.8,800,71000
3158,2022-05-12 12:34:00+05:30,262.9,263.0,257.45,263.0,750,71000
3159,2022-05-12 12:35:00+05:30,263.0,266.55,263.0,264.15,150,71000
3160,2022-05-12 12:36:00+05:30,264.15,266.7,264.15,264.3,1100,70950
3161,2022-05-12 12:37:00+05:30,264.3,264.3,262.5,262.5,200,70950
3162,2022-05-12 12:38:00+05:30,262.5,262.5,255.45,255.45,1850,70950
3163,2022-05-12 12:39:00+05:30,254.85,255.0,254.05,255.0,200,69800
3164,2022-05-12 12:40:00+05:30,255.0,257.1,255.0,257.1,0,69800
3165,2022-05-12 12:41:00+05:30,257.1,257.1,254.1,254.1,200,69800
3166,2022-05-12 12:42:00+05:30,254.1,254.1,254.1,254.1,200,69850
3167,2022-05-12 12:43:00+05:30,254.1,258.05,254.1,257.75,800,69850
3168,2022-05-12 12:44:00+05:30,257.75,257.75,251.05,251.75,1800,69850
3169,2022-05-12 12:45:00+05:30,251.75,255.6,251.75,255.6,350,70650
3170,2022-05-12 12:46:00+05:30,255.6,255.6,246.85,246.85,1500,70650
3171,2022-05-12 12:47:00+05:30,246.85,250.35,246.85,250.35,100,70650
3172,2022-05-12 12:48:00+05:30,250.35,252.65,250.35,252.65,100,70650
3173,2022-05-12 12:49:00+05:30,252.65,259.5,252.65,258.6,650,70300
3174,2022-05-12 12:50:00+05:30,258.6,270.0,258.6,269.5,1100,70300
3175,2022-05-12 12:51:00+05:30,269.5,269.9,266.95,269.0,300,70950
3176,2022-05-12 12:52:00+05:30,269.0,269.0,265.45,265.45,50,70950
3177,2022-05-12 12:53:00+05:30,265.45,269.0,265.45,265.65,200,70950
3178,2022-05-12 12:54:00+05:30,265.35,265.95,260.35,260.65,1350,70850
3179,2022-05-12 12:55:00+05:30,258.6,262.15,258.0,262.15,150,70850
3180,2022-05-12 12:56:00+05:30,262.15,262.15,255.0,257.55,450,70850
3181,2022-05-12 12:57:00+05:30,257.55,257.55,256.6,256.6,50,70300
3182,2022-05-12 12:58:00+05:30,256.6,257.85,256.6,257.85,50,70300
3183,2022-05-12 12:59:00+05:30,257.85,257.85,253.65,255.0,200,70300
3184,2022-05-12 13:00:00+05:30,255.0,260.1,255.0,260.1,100,70300
3185,2022-05-12 13:01:00+05:30,260.1,268.0,260.1,268.0,150,70300
3186,2022-05-12 13:02:00+05:30,268.0,268.0,264.55,265.5,750,70300
3187,2022-05-12 13:03:00+05:30,265.5,266.4,263.0,263.0,750,70550
3188,2022-05-12 13:04:00+05:30,263.0,263.95,259.85,259.85,800,70550
3189,2022-05-12 13:05:00+05:30,259.85,259.85,256.0,256.0,50,70550
3190,2022-05-12 13:06:00+05:30,256.0,259.1,256.0,258.6,400,70750
3191,2022-05-12 13:07:00+05:30,258.6,268.8,258.0,268.8,100,70750
3192,2022-05-12 13:08:00+05:30,268.8,268.8,261.9,261.9,200,70750
3193,2022-05-12 13:09:00+05:30,261.9,270.0,261.9,270.0,1150,71050
3194,2022-05-12 13:10:00+05:30,270.0,275.5,268.6,275.5,1000,71050
3195,2022-05-12 13:11:00+05:30,275.5,275.5,270.95,270.95,300,71050
3196,2022-05-12 13:12:00+05:30,270.95,270.95,263.05,263.05,1100,71100
3197,2022-05-12 13:13:00+05:30,263.05,265.05,261.35,264.05,600,71100
3198,2022-05-12 13:14:00+05:30,264.05,264.05,259.6,259.6,800,71100
3199,2022-05-12 13:15:00+05:30,259.6,259.6,254.1,255.45,250,71200
3200,2022-05-12 13:16:00+05:30,255.45,256.0,255.45,256.0,50,71200
3201,2022-05-12 13:17:00+05:30,256.0,256.0,240.0,240.0,850,71200
3202,2022-05-12 13:18:00+05:30,239.1,240.0,232.75,233.5,1750,70850
3203,2022-05-12 13:19:00+05:30,233.5,238.45,229.9,229.9,550,70850
3204,2022-05-12 13:20:00+05:30,229.9,237.05,227.8,237.05,400,70850
3205,2022-05-12 13:21:00+05:30,237.05,238.2,237.05,237.45,150,70550
3206,2022-05-12 13:22:00+05:30,237.45,239.7,237.45,239.7,50,70550
3207,2022-05-12 13:23:00+05:30,239.7,244.65,239.7,241.7,850,70550
3208,2022-05-12 13:24:00+05:30,241.7,241.9,239.0,241.9,1100,71500
3209,2022-05-12 13:25:00+05:30,241.9,241.9,241.9,241.9,0,71500
3210,2022-05-12 13:26:00+05:30,241.9,241.9,238.85,238.85,100,71500
3211,2022-05-12 13:27:00+05:30,238.85,242.15,238.85,242.15,0,71500
3212,2022-05-12 13:28:00+05:30,242.15,242.15,242.15,242.15,50,71500
3213,2022-05-12 13:29:00+05:30,242.15,242.15,235.35,235.35,750,71500
3214,2022-05-12 13:30:00+05:30,235.35,235.35,232.2,232.2,150,71500
3215,2022-05-12 13:31:00+05:30,232.2,237.9,228.9,237.9,1100,71200
3216,2022-05-12 13:32:00+05:30,237.9,241.75,237.9,239.3,150,71200
3217,2022-05-12 13:33:00+05:30,239.3,247.0,239.3,246.05,350,70750
3218,2022-05-12 13:34:00+05:30,245.6,249.85,245.05,247.7,400,70750
3219,2022-05-12 13:35:00+05:30,245.0,245.0,240.0,240.0,100,70750
3220,2022-05-12 13:36:00+05:30,240.0,247.7,240.0,245.35,150,70850
3221,2022-05-12 13:37:00+05:30,245.35,245.85,245.35,245.85,50,70850
3222,2022-05-12 13:38:00+05:30,245.85,248.0,245.85,248.0,100,70850
3223,2022-05-12 13:39:00+05:30,248.0,248.0,245.0,245.0,800,70800
3224,2022-05-12 13:40:00+05:30,245.0,245.0,245.0,245.0,0,70800
3225,2022-05-12 13:41:00+05:30,245.0,245.0,240.1,240.1,50,70800
3226,2022-05-12 13:42:00+05:30,240.1,240.1,240.1,240.1,0,70800
3227,2022-05-12 13:43:00+05:30,240.1,246.0,240.1,246.0,50,70750
3228,2022-05-12 13:44:00+05:30,246.0,247.0,245.5,245.5,100,70750
3229,2022-05-12 13:45:00+05:30,245.5,245.5,244.0,244.0,50,70550
3230,2022-05-12 13:46:00+05:30,244.0,248.4,244.0,248.4,300,70550
3231,2022-05-12 13:47:00+05:30,248.4,248.4,245.3,245.3,100,70550
3232,2022-05-12 13:48:00+05:30,245.3,250.8,245.3,250.8,200,70600
3233,2022-05-12 13:49:00+05:30,250.8,252.6,250.8,252.45,650,70600
3234,2022-05-12 13:50:00+05:30,252.45,265.2,252.45,265.2,250,70600
3235,2022-05-12 13:51:00+05:30,265.2,265.2,260.0,260.0,550,70550
3236,2022-05-12 13:52:00+05:30,260.0,262.15,260.0,262.15,50,70550
3237,2022-05-12 13:53:00+05:30,262.15,270.0,262.15,269.45,150,70550
3238,2022-05-12 13:54:00+05:30,269.45,269.45,264.6,265.25,900,70150
3239,2022-05-12 13:55:00+05:30,265.25,265.25,257.6,257.6,550,70150
3240,2022-05-12 13:56:00+05:30,257.6,264.2,257.6,264.2,100,70150
3241,2022-05-12 13:57:00+05:30,264.2,264.2,264.2,264.2,0,70150
3242,2022-05-12 13:58:00+05:30,264.2,267.05,264.2,267.05,1400,69400
3243,2022-05-12 13:59:00+05:30,267.05,270.0,265.85,265.85,500,69400
3244,2022-05-12 14:00:00+05:30,265.85,265.85,258.45,258.45,550,70150
3245,2022-05-12 14:01:00+05:30,258.45,263.1,258.45,263.1,50,70150
3246,2022-05-12 14:02:00+05:30,263.1,263.1,262.0,262.0,50,70150
3247,2022-05-12 14:03:00+05:30,262.0,262.0,262.0,262.0,0,70150
3248,2022-05-12 14:04:00+05:30,262.0,272.55,262.0,271.1,1400,69700
3249,2022-05-12 14:05:00+05:30,271.1,278.4,271.1,277.85,550,69700
3250,2022-05-12 14:06:00+05:30,277.85,285.7,277.85,284.8,1300,70500
3251,2022-05-12 14:07:00+05:30,284.8,286.8,278.15,280.25,2650,70500
3252,2022-05-12 14:08:00+05:30,280.25,280.25,277.95,279.0,3000,70500
3253,2022-05-12 14:09:00+05:30,279.0,279.0,273.85,275.15,1150,70150
3254,2022-05-12 14:10:00+05:30,275.15,277.85,267.75,267.75,50,70150
3255,2022-05-12 14:11:00+05:30,267.75,278.0,267.75,278.0,2200,70150
3256,2022-05-12 14:12:00+05:30,278.0,284.35,278.0,279.85,800,69000
3257,2022-05-12 14:13:00+05:30,279.85,282.55,278.25,278.25,500,69000
3258,2022-05-12 14:14:00+05:30,278.25,284.6,278.25,282.65,950,69000
3259,2022-05-12 14:15:00+05:30,282.65,286.1,282.55,283.25,350,69250
3260,2022-05-12 14:16:00+05:30,283.25,288.25,283.25,288.25,2150,69250
3261,2022-05-12 14:17:00+05:30,288.25,291.15,288.25,288.5,1650,69250
3262,2022-05-12 14:18:00+05:30,288.5,292.65,288.5,288.6,900,69900
3263,2022-05-12 14:19:00+05:30,288.85,291.5,285.6,290.0,2200,69900
3264,2022-05-12 14:20:00+05:30,290.0,292.2,285.0,285.0,5050,69900
3265,2022-05-12 14:21:00+05:30,285.1,287.5,282.8,284.0,1950,72000
3266,2022-05-12 14:22:00+05:30,284.0,285.0,280.0,280.0,2600,72000
3267,2022-05-12 14:23:00+05:30,276.1,278.3,272.75,273.35,2050,72000
3268,2022-05-12 14:24:00+05:30,273.35,273.35,270.0,270.9,1600,72000
3269,2022-05-12 14:25:00+05:30,276.3,276.3,271.0,273.3,950,72100
3270,2022-05-12 14:26:00+05:30,273.3,277.3,273.3,277.3,250,72100
3271,2022-05-12 14:27:00+05:30,277.3,281.3,275.75,281.3,1450,72250
3272,2022-05-12 14:28:00+05:30,281.3,284.8,276.7,276.7,650,72250
3273,2022-05-12 14:29:00+05:30,276.7,276.95,275.0,276.95,550,72250
3274,2022-05-12 14:30:00+05:30,278.75,279.55,274.15,275.9,200,71900
3275,2022-05-12 14:31:00+05:30,275.9,283.05,275.9,279.4,450,71900
3276,2022-05-12 14:32:00+05:30,279.4,288.25,279.4,288.25,1050,71900
3277,2022-05-12 14:33:00+05:30,288.25,296.8,287.35,294.8,2850,72200
3278,2022-05-12 14:34:00+05:30,293.25,299.1,290.3,297.4,1900,72200
3279,2022-05-12 14:35:00+05:30,297.6,298.75,291.75,298.2,2550,72200
3280,2022-05-12 14:36:00+05:30,298.2,299.1,292.6,292.8,2200,72750
3281,2022-05-12 14:37:00+05:30,292.8,295.75,291.9,293.25,1300,72750
3282,2022-05-12 14:38:00+05:30,293.1,293.1,289.7,292.15,950,72750
3283,2022-05-12 14:39:00+05:30,292.15,292.65,289.15,290.45,2250,73800
3284,2022-05-12 14:40:00+05:30,290.45,293.0,288.0,292.75,1800,73800
3285,2022-05-12 14:41:00+05:30,292.75,293.35,283.8,283.8,1450,73800
3286,2022-05-12 14:42:00+05:30,283.8,283.8,274.1,278.45,1050,73450
3287,2022-05-12 14:43:00+05:30,278.45,278.45,274.2,275.15,1400,73450
3288,2022-05-12 14:44:00+05:30,275.15,276.0,273.9,275.6,450,73450
3289,2022-05-12 14:45:00+05:30,275.6,277.0,273.1,273.95,2100,71650
3290,2022-05-12 14:46:00+05:30,275.4,275.55,273.0,273.9,2200,71650
3291,2022-05-12 14:47:00+05:30,274.5,274.5,272.05,273.65,300,71650
3292,2022-05-12 14:48:00+05:30,273.85,273.85,263.4,264.2,1150,71150
3293,2022-05-12 14:49:00+05:30,264.2,264.2,258.85,259.5,2300,71150
3294,2022-05-12 14:50:00+05:30,258.1,258.1,254.1,254.1,900,71150
3295,2022-05-12 14:51:00+05:30,254.1,254.1,250.0,253.0,300,70700
3296,2022-05-12 14:52:00+05:30,253.0,258.75,253.0,254.4,750,70700
3297,2022-05-12 14:53:00+05:30,254.4,255.2,254.4,255.2,650,70700
3298,2022-05-12 14:54:00+05:30,255.9,256.2,255.9,256.2,300,70700
3299,2022-05-12 14:55:00+05:30,256.2,260.2,256.2,259.15,1450,70050
3300,2022-05-12 14:56:00+05:30,257.5,257.5,253.8,257.5,300,70050
3301,2022-05-12 14:57:00+05:30,249.4,250.3,243.3,250.3,650,70050
3302,2022-05-12 14:58:00+05:30,247.5,259.7,247.5,259.7,2250,70050
3303,2022-05-12 14:59:00+05:30,259.7,259.7,256.4,256.6,350,70050
3304,2022-05-12 15:00:00+05:30,257.95,272.75,256.9,269.8,2350,71050
3305,2022-05-12 15:01:00+05:30,269.8,269.8,259.1,266.2,1650,71050
3306,2022-05-12 15:02:00+05:30,266.2,274.95,263.15,274.9,2250,71050
3307,2022-05-12 15:03:00+05:30,274.9,283.75,274.9,283.75,1800,71150
3308,2022-05-12 15:04:00+05:30,284.3,285.5,274.9,274.9,2000,71150
3309,2022-05-12 15:05:00+05:30,274.9,274.9,262.2,269.8,1350,71150
3310,2022-05-12 15:06:00+05:30,269.8,275.45,263.75,274.35,2400,73200
3311,2022-05-12 15:07:00+05:30,272.2,272.2,265.95,269.6,1300,73200
3312,2022-05-12 15:08:00+05:30,269.6,269.6,266.95,269.35,450,73200
3313,2022-05-12 15:09:00+05:30,269.35,269.35,263.15,267.95,850,73250
3314,2022-05-12 15:10:00+05:30,267.95,267.95,262.3,264.85,1550,73250
3315,2022-05-12 15:11:00+05:30,264.85,264.85,258.3,259.15,950,73250
3316,2022-05-12 15:12:00+05:30,259.15,259.15,255.0,255.15,750,73400
3317,2022-05-12 15:13:00+05:30,255.15,261.05,255.15,259.6,11200,73400
3318,2022-05-12 15:14:00+05:30,259.6,259.6,253.55,253.55,2700,73400
3319,2022-05-12 15:15:00+05:30,252.3,258.0,250.0,255.05,2350,78700
3320,2022-05-12 15:16:00+05:30,255.05,259.8,255.05,258.8,2400,78700
3321,2022-05-12 15:17:00+05:30,258.8,258.8,255.0,255.5,350,78700
3322,2022-05-12 15:18:00+05:30,255.5,260.3,255.0,257.75,950,79550
3323,2022-05-12 15:19:00+05:30,257.75,257.75,251.85,254.0,2350,79550
3324,2022-05-12 15:20:00+05:30,253.7,257.0,252.6,256.0,3350,79550
3325,2022-05-12 15:21:00+05:30,256.0,256.0,252.1,254.85,2950,81000
3326,2022-05-12 15:22:00+05:30,254.85,255.5,254.2,254.2,1950,81000
3327,2022-05-12 15:23:00+05:30,254.2,254.2,253.15,253.55,500,81000
3328,2022-05-12 15:24:00+05:30,254.1,254.1,252.6,253.05,800,80850
3329,2022-05-12 15:25:00+05:30,252.6,253.15,251.95,252.55,1950,80850
3330,2022-05-12 15:26:00+05:30,252.55,254.0,252.55,254.0,1450,80850
3331,2022-05-12 15:27:00+05:30,254.0,255.45,253.9,254.9,1950,80800
3332,2022-05-12 15:28:00+05:30,255.6,258.35,255.0,256.1,2200,80800
3333,2022-05-12 15:29:00+05:30,256.1,260.45,256.1,257.5,700,80800
3334,2022-05-13 09:15:00+05:30,159.55,185.35,159.55,169.0,1600,66100
3335,2022-05-13 09:16:00+05:30,164.05,175.55,163.65,173.85,2250,66100
3336,2022-05-13 09:17:00+05:30,174.2,175.1,168.75,175.1,1950,67550
3337,2022-05-13 09:18:00+05:30,174.55,177.55,172.75,177.55,4550,67550
3338,2022-05-13 09:19:00+05:30,177.55,192.8,177.55,191.25,1500,67550
3339,2022-05-13 09:20:00+05:30,191.25,194.85,186.75,186.75,1500,64450
3340,2022-05-13 09:21:00+05:30,186.75,186.75,181.35,182.2,300,64450
3341,2022-05-13 09:22:00+05:30,182.2,183.65,177.6,177.6,1050,64450
3342,2022-05-13 09:23:00+05:30,176.95,177.6,175.15,175.55,600,64500
3343,2022-05-13 09:24:00+05:30,175.55,180.35,175.55,179.65,1250,64500
3344,2022-05-13 09:25:00+05:30,179.65,179.65,170.45,171.45,1850,64500
3345,2022-05-13 09:26:00+05:30,171.45,171.45,162.5,163.85,1300,64450
3346,2022-05-13 09:27:00+05:30,163.85,167.95,163.85,167.95,1500,64450
3347,2022-05-13 09:28:00+05:30,167.95,168.75,167.0,167.0,400,64450
3348,2022-05-13 09:29:00+05:30,167.0,167.3,164.0,164.1,800,64600
3349,2022-05-13 09:30:00+05:30,164.1,164.1,156.9,158.05,2800,64600
3350,2022-05-13 09:31:00+05:30,158.05,161.6,157.85,161.6,650,64600
3351,2022-05-13 09:32:00+05:30,161.6,161.6,158.15,158.15,950,65350
3352,2022-05-13 09:33:00+05:30,158.15,159.3,157.85,157.85,950,65350
3353,2022-05-13 09:34:00+05:30,157.6,162.45,157.6,162.45,1650,65350
3354,2022-05-13 09:35:00+05:30,162.25,166.4,161.0,166.4,900,65450
3355,2022-05-13 09:36:00+05:30,166.4,171.25,164.6,171.25,3200,65450
3356,2022-05-13 09:37:00+05:30,169.6,170.65,169.6,170.0,400,65450
3357,2022-05-13 09:38:00+05:30,170.0,177.1,170.0,176.55,550,66350
3358,2022-05-13 09:39:00+05:30,176.55,184.45,176.55,183.35,2250,66350
3359,2022-05-13 09:40:00+05:30,186.4,194.6,183.35,190.9,1400,66350
3360,2022-05-13 09:41:00+05:30,190.9,190.9,179.55,179.55,3500,66750
3361,2022-05-13 09:42:00+05:30,180.7,186.65,180.7,186.0,650,66750
3362,2022-05-13 09:43:00+05:30,186.0,186.0,177.2,177.2,750,66750
3363,2022-05-13 09:44:00+05:30,177.2,177.2,177.0,177.05,350,66750
3364,2022-05-13 09:45:00+05:30,181.0,188.25,177.05,186.85,2600,65200
3365,2022-05-13 09:46:00+05:30,186.85,187.35,186.2,187.3,350,65200
3366,2022-05-13 09:47:00+05:30,187.3,187.3,182.0,182.0,450,66300
3367,2022-05-13 09:48:00+05:30,182.0,190.35,182.0,189.1,650,66300
3368,2022-05-13 09:49:00+05:30,189.1,194.2,189.1,193.45,650,66300
3369,2022-05-13 09:50:00+05:30,193.45,193.45,185.8,186.75,150,66350
3370,2022-05-13 09:51:00+05:30,186.75,192.05,186.75,189.65,250,66350
3371,2022-05-13 09:52:00+05:30,189.65,189.65,182.9,184.8,1900,66350
3372,2022-05-13 09:53:00+05:30,184.8,187.2,184.8,186.55,450,65650
3373,2022-05-13 09:54:00+05:30,186.55,186.55,183.85,184.65,400,65650
3374,2022-05-13 09:55:00+05:30,184.65,194.9,184.65,190.8,650,65650
3375,2022-05-13 09:56:00+05:30,190.8,190.8,188.1,188.1,50,65650
3376,2022-05-13 09:57:00+05:30,188.1,199.2,188.1,198.9,200,65550
3377,2022-05-13 09:58:00+05:30,198.9,202.2,193.55,202.2,500,65550
3378,2022-05-13 09:59:00+05:30,202.2,203.45,196.85,201.0,850,65950
3379,2022-05-13 10:00:00+05:30,203.4,204.35,199.2,199.2,1150,65950
3380,2022-05-13 10:01:00+05:30,199.2,199.2,195.15,199.0,250,65950
3381,2022-05-13 10:02:00+05:30,199.0,199.0,194.35,197.65,950,65600
3382,2022-05-13 10:03:00+05:30,197.65,200.6,197.65,200.6,350,65600
3383,2022-05-13 10:04:00+05:30,200.6,202.25,200.6,202.25,150,65600
3384,2022-05-13 10:05:00+05:30,202.25,206.8,197.35,197.35,450,65650
3385,2022-05-13 10:06:00+05:30,197.35,201.6,196.25,201.6,250,65650
3386,2022-05-13 10:07:00+05:30,201.6,202.3,201.6,202.3,150,65650
3387,2022-05-13 10:08:00+05:30,202.3,202.8,200.8,200.8,150,65650
3388,2022-05-13 10:09:00+05:30,200.8,210.0,200.8,203.9,300,65700
3389,2022-05-13 10:10:00+05:30,203.9,207.6,203.9,206.35,1350,65700
3390,2022-05-13 10:11:00+05:30,206.35,208.95,205.8,208.95,300,66300
3391,2022-05-13 10:12:00+05:30,208.95,208.95,206.35,207.0,150,66300
3392,2022-05-13 10:13:00+05:30,207.0,214.7,207.0,209.95,1850,66300
3393,2022-05-13 10:14:00+05:30,209.95,214.75,209.95,214.75,1950,67900
3394,2022-05-13 10:15:00+05:30,214.75,216.7,211.05,212.35,1100,67900
3395,2022-05-13 10:16:00+05:30,212.35,212.85,205.1,206.6,450,67900
3396,2022-05-13 10:17:00+05:30,206.6,207.6,203.75,203.75,100,66950
3397,2022-05-13 10:18:00+05:30,203.75,203.75,198.0,200.25,400,66950
3398,2022-05-13 10:19:00+05:30,199.4,199.4,197.3,197.3,300,66950
3399,2022-05-13 10:20:00+05:30,197.3,197.3,190.55,193.25,500,67050
3400,2022-05-13 10:21:00+05:30,193.25,193.25,187.35,190.35,550,67050
3401,2022-05-13 10:22:00+05:30,190.35,190.35,188.0,188.0,50,67050
3402,2022-05-13 10:23:00+05:30,188.0,188.0,184.8,185.3,550,67000
3403,2022-05-13 10:24:00+05:30,183.2,188.1,183.2,188.1,150,67000
3404,2022-05-13 10:25:00+05:30,188.1,188.1,185.2,186.35,350,67000
3405,2022-05-13 10:26:00+05:30,185.0,186.35,185.0,186.35,200,66950
3406,2022-05-13 10:27:00+05:30,186.35,186.35,185.55,185.55,100,66950
3407,2022-05-13 10:28:00+05:30,185.55,189.3,185.55,189.15,250,66950
3408,2022-05-13 10:29:00+05:30,189.15,189.95,188.5,188.5,200,66950
3409,2022-05-13 10:30:00+05:30,188.5,188.5,184.7,184.7,350,67300
3410,2022-05-13 10:31:00+05:30,184.7,184.7,184.7,184.7,0,67300
3411,2022-05-13 10:32:00+05:30,184.7,184.7,174.55,175.3,900,67300
3412,2022-05-13 10:33:00+05:30,175.3,181.1,175.3,181.1,550,67300
3413,2022-05-13 10:34:00+05:30,181.1,181.1,176.0,176.1,1350,67300
3414,2022-05-13 10:35:00+05:30,176.1,178.15,173.55,177.8,1000,68800
3415,2022-05-13 10:36:00+05:30,177.8,180.05,176.0,180.05,2200,68800
3416,2022-05-13 10:37:00+05:30,180.05,180.05,176.8,176.8,400,68800
3417,2022-05-13 10:38:00+05:30,176.8,177.25,175.0,177.25,800,70650
3418,2022-05-13 10:39:00+05:30,177.25,179.4,176.5,176.5,400,70650
3419,2022-05-13 10:40:00+05:30,176.5,179.05,176.3,179.05,150,70650
3420,2022-05-13 10:41:00+05:30,179.05,180.45,177.8,180.45,250,70600
3421,2022-05-13 10:42:00+05:30,180.45,182.85,180.45,182.15,150,70600
3422,2022-05-13 10:43:00+05:30,182.15,182.15,177.25,177.25,1800,70600
3423,2022-05-13 10:44:00+05:30,177.25,178.15,177.25,178.15,50,70600
3424,2022-05-13 10:45:00+05:30,178.15,178.15,174.3,174.3,1600,71400
3425,2022-05-13 10:46:00+05:30,174.3,182.8,174.3,182.8,600,71400
3426,2022-05-13 10:47:00+05:30,182.8,182.8,174.3,174.8,550,70500
3427,2022-05-13 10:48:00+05:30,174.8,174.8,172.3,174.0,700,70500
3428,2022-05-13 10:49:00+05:30,174.0,174.0,174.0,174.0,0,70500
3429,2022-05-13 10:50:00+05:30,174.0,174.0,170.0,172.45,1000,70650
3430,2022-05-13 10:51:00+05:30,172.45,172.8,170.4,172.8,150,70650
3431,2022-05-13 10:52:00+05:30,172.8,173.5,172.8,173.5,1200,70650
3432,2022-05-13 10:53:00+05:30,173.5,173.5,170.0,170.0,50,70750
3433,2022-05-13 10:54:00+05:30,170.0,170.0,168.4,168.4,200,70750
3434,2022-05-13 10:55:00+05:30,168.4,170.4,168.4,170.4,400,70750
3435,2022-05-13 10:56:00+05:30,170.4,174.85,170.2,174.85,550,70700
3436,2022-05-13 10:57:00+05:30,174.85,176.5,174.85,176.5,700,70700
3437,2022-05-13 10:58:00+05:30,176.5,176.5,173.05,173.05,200,70700
3438,2022-05-13 10:59:00+05:30,173.05,173.75,172.0,172.0,250,70700
3439,2022-05-13 11:00:00+05:30,173.65,173.65,172.0,173.65,50,70850
3440,2022-05-13 11:01:00+05:30,173.65,173.65,165.0,165.0,150,70850
3441,2022-05-13 11:02:00+05:30,165.0,165.0,163.55,163.55,650,70850
3442,2022-05-13 11:03:00+05:30,163.55,165.95,163.55,165.95,1250,71450
3443,2022-05-13 11:04:00+05:30,165.95,166.0,165.25,166.0,450,71450
3444,2022-05-13 11:05:00+05:30,166.0,166.3,164.85,166.3,850,72750
3445,2022-05-13 11:06:00+05:30,166.3,168.5,166.3,168.4,1250,72750
3446,2022-05-13 11:07:00+05:30,168.4,168.4,167.0,167.0,850,72750
3447,2022-05-13 11:08:00+05:30,167.0,168.75,166.95,166.95,800,72800
3448,2022-05-13 11:09:00+05:30,166.95,166.95,164.4,164.4,1050,72800
3449,2022-05-13 11:10:00+05:30,164.4,168.2,164.4,168.2,400,72800
3450,2022-05-13 11:11:00+05:30,168.2,168.2,167.05,167.05,150,71150
3451,2022-05-13 11:12:00+05:30,167.05,167.05,167.05,167.05,0,71150
3452,2022-05-13 11:13:00+05:30,167.05,167.05,167.05,167.05,0,71150
3453,2022-05-13 11:14:00+05:30,167.05,167.05,165.0,165.0,100,71150
3454,2022-05-13 11:15:00+05:30,165.0,165.35,163.5,165.35,150,71250
3455,2022-05-13 11:16:00+05:30,165.35,170.0,165.35,170.0,50,71250
3456,2022-05-13 11:17:00+05:30,170.0,172.75,169.0,172.6,400,71300
3457,2022-05-13 11:18:00+05:30,172.6,172.6,169.7,169.7,500,71300
3458,2022-05-13 11:19:00+05:30,169.7,170.55,169.7,170.55,50,71300
3459,2022-05-13 11:20:00+05:30,170.55,170.55,169.0,169.6,650,71250
3460,2022-05-13 11:21:00+05:30,169.6,171.55,169.6,171.55,400,71250
3461,2022-05-13 11:22:00+05:30,171.55,173.0,171.55,173.0,200,71250
3462,2022-05-13 11:23:00+05:30,173.0,176.45,173.0,176.45,500,71500
3463,2022-05-13 11:24:00+05:30,176.45,176.45,174.15,174.15,450,71500
3464,2022-05-13 11:25:00+05:30,174.15,176.55,172.45,172.55,250,71500
3465,2022-05-13 11:26:00+05:30,172.55,172.55,171.55,171.55,50,71350
3466,2022-05-13 11:27:00+05:30,171.55,171.55,169.85,169.85,200,71350
3467,2022-05-13 11:28:00+05:30,169.85,169.85,168.15,169.7,200,71350
3468,2022-05-13 11:29:00+05:30,169.7,172.65,169.7,170.4,250,71300
3469,2022-05-13 11:30:00+05:30,170.4,170.4,168.5,168.5,100,71300
3470,2022-05-13 11:31:00+05:30,168.5,168.5,167.7,168.35,150,71300
3471,2022-05-13 11:32:00+05:30,168.25,168.35,168.25,168.25,0,71300
3472,2022-05-13 11:33:00+05:30,168.25,168.25,167.85,167.85,500,71400
3473,2022-05-13 11:34:00+05:30,167.85,168.75,165.35,165.35,700,71400
3474,2022-05-13 11:35:00+05:30,165.35,167.7,165.35,167.7,700,71400
3475,2022-05-13 11:36:00+05:30,167.7,167.7,165.7,165.7,50,72650
3476,2022-05-13 11:37:00+05:30,165.7,165.7,160.8,161.05,900,72650
3477,2022-05-13 11:38:00+05:30,161.05,161.05,159.55,159.55,2800,72650
3478,2022-05-13 11:39:00+05:30,159.55,160.15,159.55,160.15,50,70600
3479,2022-05-13 11:40:00+05:30,160.15,160.25,159.0,160.25,300,70600
3480,2022-05-13 11:41:00+05:30,160.25,161.95,160.25,161.95,300,70600
3481,2022-05-13 11:42:00+05:30,161.95,162.65,161.95,162.65,150,70600
3482,2022-05-13 11:43:00+05:30,162.65,163.4,162.65,163.4,550,70600
3483,2022-05-13 11:44:00+05:30,163.4,164.95,163.4,164.95,350,70750
3484,2022-05-13 11:45:00+05:30,164.95,167.6,164.95,165.85,250,70750
3485,2022-05-13 11:46:00+05:30,165.85,167.55,165.65,165.65,2550,70750
3486,2022-05-13 11:47:00+05:30,165.65,165.65,162.95,162.95,400,73100
3487,2022-05-13 11:48:00+05:30,162.95,162.95,162.95,162.95,0,73100
3488,2022-05-13 11:49:00+05:30,162.95,162.95,162.0,162.0,100,73100
3489,2022-05-13 11:50:00+05:30,162.0,162.0,154.4,154.4,550,73000
3490,2022-05-13 11:51:00+05:30,154.4,154.4,147.9,153.1,4500,73000
3491,2022-05-13 11:52:00+05:30,153.1,153.1,150.95,150.95,1350,73000
3492,2022-05-13 11:53:00+05:30,150.95,151.85,150.45,150.45,100,71600
3493,2022-05-13 11:54:00+05:30,152.8,153.8,150.45,153.8,200,71600
3494,2022-05-13 11:55:00+05:30,153.8,153.8,153.8,153.8,0,71600
3495,2022-05-13 11:56:00+05:30,153.8,153.8,148.85,148.85,2150,71800
3496,2022-05-13 11:57:00+05:30,148.85,151.35,148.85,151.35,250,71800
3497,2022-05-13 11:58:00+05:30,151.35,154.65,151.35,154.65,50,71800
3498,2022-05-13 11:59:00+05:30,153.55,157.55,153.55,157.55,350,72800
3499,2022-05-13 12:00:00+05:30,157.55,160.85,156.55,160.85,650,72800
3500,2022-05-13 12:01:00+05:30,159.45,160.65,159.45,159.45,250,72800
3501,2022-05-13 12:02:00+05:30,159.45,159.45,158.0,159.25,100,72450
3502,2022-05-13 12:03:00+05:30,159.25,159.25,155.85,155.85,750,72450
3503,2022-05-13 12:04:00+05:30,155.85,155.85,154.35,154.35,50,72450
3504,2022-05-13 12:05:00+05:30,154.35,155.7,154.35,155.15,250,72600
3505,2022-05-13 12:06:00+05:30,155.15,155.4,154.0,155.4,300,72600
3506,2022-05-13 12:07:00+05:30,156.45,160.0,156.45,160.0,2500,72600
3507,2022-05-13 12:08:00+05:30,160.0,160.7,160.0,160.0,350,72600
3508,2022-05-13 12:09:00+05:30,160.0,160.0,160.0,160.0,50,74600
3509,2022-05-13 12:10:00+05:30,160.0,160.0,157.3,157.3,50,74600
3510,2022-05-13 12:11:00+05:30,157.3,157.3,157.3,157.3,0,74600
3511,2022-05-13 12:12:00+05:30,157.3,162.6,157.3,161.5,2850,74500
3512,2022-05-13 12:13:00+05:30,161.5,161.7,161.5,161.7,3000,74500
3513,2022-05-13 12:14:00+05:30,161.7,161.7,160.4,160.4,50,74500
3514,2022-05-13 12:15:00+05:30,160.4,160.4,160.4,160.4,0,74500
3515,2022-05-13 12:16:00+05:30,160.4,162.75,160.4,162.75,300,74800
3516,2022-05-13 12:17:00+05:30,162.75,165.4,162.75,163.35,350,74900
3517,2022-05-13 12:18:00+05:30,163.35,163.35,159.55,159.55,50,74900
3518,2022-05-13 12:19:00+05:30,159.55,159.55,156.35,156.35,350,74900
3519,2022-05-13 12:20:00+05:30,154.0,154.0,150.75,151.5,3650,74650
3520,2022-05-13 12:21:00+05:30,151.5,153.5,151.5,153.5,250,74650
3521,2022-05-13 12:22:00+05:30,153.5,153.5,152.15,152.15,200,74650
3522,2022-05-13 12:23:00+05:30,152.15,152.15,152.15,152.15,0,74650
3523,2022-05-13 12:24:00+05:30,152.15,156.7,152.15,156.7,300,72400
3524,2022-05-13 12:25:00+05:30,156.7,157.4,156.7,157.4,50,72400
3525,2022-05-13 12:26:00+05:30,157.4,158.8,157.25,158.8,100,72450
3526,2022-05-13 12:27:00+05:30,158.8,160.0,158.0,160.0,250,72450
3527,2022-05-13 12:28:00+05:30,160.0,160.0,160.0,160.0,0,72450
3528,2022-05-13 12:29:00+05:30,160.0,160.0,160.0,160.0,0,72450
3529,2022-05-13 12:30:00+05:30,160.0,165.15,160.0,163.7,2150,72200
3530,2022-05-13 12:31:00+05:30,163.7,163.7,157.4,157.4,200,72200
3531,2022-05-13 12:32:00+05:30,157.4,165.9,157.4,165.9,900,74050
3532,2022-05-13 12:33:00+05:30,165.9,167.6,165.9,167.6,100,74050
3533,2022-05-13 12:34:00+05:30,167.6,168.4,166.55,166.55,700,74050
3534,2022-05-13 12:35:00+05:30,167.95,170.05,167.85,169.65,300,74050
3535,2022-05-13 12:36:00+05:30,169.65,169.65,164.5,164.9,1000,74100
3536,2022-05-13 12:37:00+05:30,164.9,167.1,164.9,166.5,150,74100
3537,2022-05-13 12:38:00+05:30,166.5,168.0,166.5,167.65,650,74100
3538,2022-05-13 12:39:00+05:30,167.65,168.4,165.5,165.8,650,74500
3539,2022-05-13 12:40:00+05:30,165.0,165.8,158.8,158.8,850,74500
3540,2022-05-13 12:41:00+05:30,158.8,158.8,154.25,155.4,1100,74500
3541,2022-05-13 12:42:00+05:30,155.4,155.4,154.2,154.2,100,73300
3542,2022-05-13 12:43:00+05:30,154.2,158.0,154.2,158.0,150,73300
3543,2022-05-13 12:44:00+05:30,158.0,158.0,158.0,158.0,0,73300
3544,2022-05-13 12:45:00+05:30,158.0,158.0,154.0,154.0,150,73350
3545,2022-05-13 12:46:00+05:30,154.0,155.9,154.0,155.7,200,73350
3546,2022-05-13 12:47:00+05:30,155.7,158.75,155.7,158.75,50,73350
3547,2022-05-13 12:48:00+05:30,158.75,158.75,158.75,158.75,0,73350
3548,2022-05-13 12:49:00+05:30,158.75,163.05,158.75,163.05,50,73200
3549,2022-05-13 12:50:00+05:30,163.05,163.05,162.05,162.05,100,73200
3550,2022-05-13 12:51:00+05:30,162.05,165.05,162.05,162.8,300,73150
3551,2022-05-13 12:52:00+05:30,162.8,163.65,160.9,163.65,100,73150
3552,2022-05-13 12:53:00+05:30,163.65,163.65,157.95,157.95,1100,72350
3553,2022-05-13 12:54:00+05:30,157.95,157.95,153.55,154.6,150,72350
3554,2022-05-13 12:55:00+05:30,154.6,154.6,154.6,154.6,0,72350
3555,2022-05-13 12:56:00+05:30,154.6,154.6,154.6,154.6,0,72350
3556,2022-05-13 12:57:00+05:30,154.6,161.35,154.6,161.3,100,72300
3557,2022-05-13 12:58:00+05:30,161.3,161.3,157.25,157.25,350,72300
3558,2022-05-13 12:59:00+05:30,157.25,157.25,155.0,155.0,150,72300
3559,2022-05-13 13:00:00+05:30,155.0,155.55,152.85,155.55,600,72100
3560,2022-05-13 13:01:00+05:30,155.55,155.55,154.9,154.9,50,72100
3561,2022-05-13 13:02:00+05:30,154.9,155.45,154.65,155.45,150,72300
3562,2022-05-13 13:03:00+05:30,155.45,157.2,154.65,154.65,1300,72300
3563,2022-05-13 13:04:00+05:30,155.05,155.65,155.05,155.65,250,72300
3564,2022-05-13 13:05:00+05:30,155.65,155.65,155.65,155.65,0,72300
3565,2022-05-13 13:06:00+05:30,154.35,155.65,152.65,152.65,100,71750
3566,2022-05-13 13:07:00+05:30,152.65,154.15,152.65,154.15,50,71750
3567,2022-05-13 13:08:00+05:30,154.15,154.15,154.15,154.15,0,71750
3568,2022-05-13 13:09:00+05:30,154.15,154.15,154.15,154.15,0,71750
3569,2022-05-13 13:10:00+05:30,154.15,154.15,154.15,154.15,0,71750
3570,2022-05-13 13:11:00+05:30,154.15,154.15,153.4,153.4,50,71800
3571,2022-05-13 13:12:00+05:30,153.4,156.35,153.4,154.4,150,71800
3572,2022-05-13 13:13:00+05:30,154.4,154.4,143.3,144.25,1500,71800
3573,2022-05-13 13:14:00+05:30,144.25,145.25,141.3,145.25,500,71800
3574,2022-05-13 13:15:00+05:30,145.25,145.7,141.9,144.8,4700,70900
3575,2022-05-13 13:16:00+05:30,144.8,144.8,143.9,144.25,300,70900
3576,2022-05-13 13:17:00+05:30,144.25,144.25,144.25,144.25,0,70900
3577,2022-05-13 13:18:00+05:30,144.25,144.25,140.4,141.6,550,70750
3578,2022-05-13 13:19:00+05:30,141.6,147.0,141.6,147.0,250,70750
3579,2022-05-13 13:20:00+05:30,147.0,147.0,146.7,146.7,200,70750
3580,2022-05-13 13:21:00+05:30,146.7,146.7,145.7,146.05,250,70900
3581,2022-05-13 13:22:00+05:30,146.05,150.3,144.2,150.3,300,70900
3582,2022-05-13 13:23:00+05:30,149.7,151.45,149.7,151.45,500,70900
3583,2022-05-13 13:24:00+05:30,151.45,153.65,150.0,150.6,1000,70850
3584,2022-05-13 13:25:00+05:30,150.6,150.6,145.6,150.5,250,70850
3585,2022-05-13 13:26:00+05:30,150.5,155.3,148.25,154.35,1200,70850
3586,2022-05-13 13:27:00+05:30,154.35,154.35,153.4,153.4,100,70900
3587,2022-05-13 13:28:00+05:30,156.4,157.1,155.35,156.0,500,70900
3588,2022-05-13 13:29:00+05:30,156.0,156.0,155.35,155.35,100,70900
3589,2022-05-13 13:30:00+05:30,155.35,156.35,153.5,155.25,650,71000
3590,2022-05-13 13:31:00+05:30,155.25,156.75,155.25,156.75,150,71000
3591,2022-05-13 13:32:00+05:30,152.6,152.6,151.35,151.35,550,71000
3592,2022-05-13 13:33:00+05:30,151.35,151.35,151.35,151.35,0,71000
3593,2022-05-13 13:34:00+05:30,151.35,151.35,147.8,147.8,150,71650
3594,2022-05-13 13:35:00+05:30,147.8,147.8,142.95,143.45,1050,71650
3595,2022-05-13 13:36:00+05:30,144.45,146.4,142.7,146.4,1250,71400
3596,2022-05-13 13:37:00+05:30,146.4,146.4,141.6,141.6,250,71400
3597,2022-05-13 13:38:00+05:30,141.6,148.55,141.6,148.55,400,71400
3598,2022-05-13 13:39:00+05:30,148.55,148.55,148.4,148.55,100,71650
3599,2022-05-13 13:40:00+05:30,148.55,149.55,147.3,149.55,1700,71650
3600,2022-05-13 13:41:00+05:30,149.55,150.3,147.0,147.0,3300,71650
3601,2022-05-13 13:42:00+05:30,147.0,148.15,147.0,148.0,1050,70750
3602,2022-05-13 13:43:00+05:30,148.0,150.6,148.0,150.6,200,70750
3603,2022-05-13 13:44:00+05:30,150.6,154.6,148.5,154.25,600,70750
3604,2022-05-13 13:45:00+05:30,154.25,154.25,153.7,153.7,50,70750
3605,2022-05-13 13:46:00+05:30,153.7,154.25,153.7,154.25,50,70000
3606,2022-05-13 13:47:00+05:30,154.25,155.35,151.85,151.85,300,70000
3607,2022-05-13 13:48:00+05:30,151.85,152.8,150.2,152.8,100,69950
3608,2022-05-13 13:49:00+05:30,152.8,153.25,152.8,153.25,100,69950
3609,2022-05-13 13:50:00+05:30,153.25,156.0,153.25,156.0,150,69950
3610,2022-05-13 13:51:00+05:30,156.0,156.0,154.85,154.85,50,69950
3611,2022-05-13 13:52:00+05:30,154.85,158.0,154.85,158.0,200,69950
3612,2022-05-13 13:53:00+05:30,158.0,158.0,153.5,153.5,150,69950
3613,2022-05-13 13:54:00+05:30,153.5,153.5,152.2,152.2,300,69800
3614,2022-05-13 13:55:00+05:30,152.2,152.2,148.6,148.7,300,69800
3615,2022-05-13 13:56:00+05:30,148.7,154.4,147.6,154.4,6350,69800
3616,2022-05-13 13:57:00+05:30,154.4,157.0,153.9,157.0,350,66700
3617,2022-05-13 13:58:00+05:30,157.0,157.0,156.3,156.3,100,66700
3618,2022-05-13 13:59:00+05:30,156.3,160.5,156.3,159.25,750,66700
3619,2022-05-13 14:00:00+05:30,159.25,159.25,156.4,156.9,900,67400
3620,2022-05-13 14:01:00+05:30,156.9,163.0,156.9,163.0,50,67400
3621,2022-05-13 14:02:00+05:30,163.0,164.5,160.0,163.85,1000,67400
3622,2022-05-13 14:03:00+05:30,162.3,163.85,160.6,163.75,1200,67600
3623,2022-05-13 14:04:00+05:30,164.0,165.4,162.0,162.35,500,67600
3624,2022-05-13 14:05:00+05:30,162.35,162.45,158.55,159.15,450,67600
3625,2022-05-13 14:06:00+05:30,159.15,159.15,154.4,154.4,100,67500
3626,2022-05-13 14:07:00+05:30,154.4,172.75,154.4,169.45,3050,67500
3627,2022-05-13 14:08:00+05:30,169.45,176.05,169.45,175.05,3350,67500
3628,2022-05-13 14:09:00+05:30,175.05,180.3,175.05,176.95,4550,69100
3629,2022-05-13 14:10:00+05:30,176.95,183.15,176.15,183.05,3250,69100
3630,2022-05-13 14:11:00+05:30,183.05,188.6,183.05,186.05,3500,69100
3631,2022-05-13 14:12:00+05:30,184.5,186.05,184.3,185.25,850,71700
3632,2022-05-13 14:13:00+05:30,185.25,190.25,185.25,187.45,2400,71700
3633,2022-05-13 14:14:00+05:30,187.45,190.85,184.6,190.85,2750,71700
3634,2022-05-13 14:15:00+05:30,190.85,195.15,184.15,187.35,6150,70850
3635,2022-05-13 14:16:00+05:30,188.75,198.15,187.35,198.15,2800,70850
3636,2022-05-13 14:17:00+05:30,198.15,200.15,196.75,197.75,2150,70850
3637,2022-05-13 14:18:00+05:30,197.75,209.3,197.75,206.8,3400,70450
3638,2022-05-13 14:19:00+05:30,206.8,218.5,206.8,217.7,2450,70450
3639,2022-05-13 14:20:00+05:30,220.9,220.9,202.7,202.7,5100,70450
3640,2022-05-13 14:21:00+05:30,202.7,211.5,200.0,207.5,2750,68400
3641,2022-05-13 14:22:00+05:30,205.85,219.2,205.85,217.0,2700,68400
3642,2022-05-13 14:23:00+05:30,220.75,221.85,212.05,212.05,3100,68400
3643,2022-05-13 14:24:00+05:30,214.35,215.35,200.0,200.0,1250,67900
3644,2022-05-13 14:25:00+05:30,200.0,213.7,200.0,207.5,950,67900
3645,2022-05-13 14:26:00+05:30,207.5,214.25,207.5,212.65,1050,67900
3646,2022-05-13 14:27:00+05:30,213.5,213.5,212.65,213.15,100,68550
3647,2022-05-13 14:28:00+05:30,213.15,216.9,211.9,211.9,1850,68550
3648,2022-05-13 14:29:00+05:30,211.9,221.9,211.9,221.9,700,68550
3649,2022-05-13 14:30:00+05:30,221.85,221.9,206.8,206.9,1200,68700
3650,2022-05-13 14:31:00+05:30,206.75,213.35,206.75,212.0,400,68700
3651,2022-05-13 14:32:00+05:30,212.0,225.0,212.0,225.0,250,68700
3652,2022-05-13 14:33:00+05:30,225.2,231.2,223.3,231.2,2700,67900
3653,2022-05-13 14:34:00+05:30,231.75,231.75,223.25,226.25,1850,67900
3654,2022-05-13 14:35:00+05:30,226.25,228.25,216.5,228.25,1900,67900
3655,2022-05-13 14:36:00+05:30,228.25,230.95,225.4,226.8,1450,68000
3656,2022-05-13 14:37:00+05:30,226.8,232.65,226.8,232.0,400,68000
3657,2022-05-13 14:38:00+05:30,231.55,231.55,216.35,216.35,4450,68000
3658,2022-05-13 14:39:00+05:30,216.35,222.05,210.1,215.0,2700,66200
3659,2022-05-13 14:40:00+05:30,215.0,215.0,206.1,212.15,1650,66200
3660,2022-05-13 14:41:00+05:30,212.15,213.0,207.8,211.8,550,66200
3661,2022-05-13 14:42:00+05:30,211.95,219.45,211.8,219.45,1150,67100
3662,2022-05-13 14:43:00+05:30,219.45,222.0,217.45,220.0,750,67100
3663,2022-05-13 14:44:00+05:30,220.0,226.0,220.0,226.0,250,67100
3664,2022-05-13 14:45:00+05:30,226.0,230.0,219.8,230.0,1500,67050
3665,2022-05-13 14:46:00+05:30,229.15,230.0,220.75,221.6,450,67050
3666,2022-05-13 14:47:00+05:30,221.6,222.45,219.55,219.55,200,67050
3667,2022-05-13 14:48:00+05:30,219.55,219.55,211.0,211.95,350,66700
3668,2022-05-13 14:49:00+05:30,211.95,216.4,211.95,216.3,1200,66700
3669,2022-05-13 14:50:00+05:30,216.3,220.0,211.8,220.0,750,66700
3670,2022-05-13 14:51:00+05:30,220.0,224.05,220.0,221.55,200,67100
3671,2022-05-13 14:52:00+05:30,221.55,224.0,220.15,223.65,1500,67100
3672,2022-05-13 14:53:00+05:30,223.65,223.65,216.5,216.5,750,67100
3673,2022-05-13 14:54:00+05:30,216.5,224.0,216.5,224.0,700,67050
3674,2022-05-13 14:55:00+05:30,225.0,233.0,222.5,231.5,2200,67050
3675,2022-05-13 14:56:00+05:30,231.5,234.25,227.2,228.75,950,67050
3676,2022-05-13 14:57:00+05:30,228.75,230.0,217.9,220.35,1850,66450
3677,2022-05-13 14:58:00+05:30,220.35,229.65,220.35,229.65,100,66450
3678,2022-05-13 14:59:00+05:30,229.65,231.45,220.0,220.0,350,66450
3679,2022-05-13 15:00:00+05:30,220.0,220.0,211.2,215.55,2750,65050
3680,2022-05-13 15:01:00+05:30,215.55,232.05,215.55,231.05,1950,65050
3681,2022-05-13 15:02:00+05:30,231.05,241.1,231.05,238.2,3950,65050
3682,2022-05-13 15:03:00+05:30,238.2,245.0,238.0,244.7,1550,66200
3683,2022-05-13 15:04:00+05:30,244.7,246.0,237.15,239.95,3900,66200
3684,2022-05-13 15:05:00+05:30,241.15,247.65,239.95,243.0,1600,66200
3685,2022-05-13 15:06:00+05:30,243.85,247.45,241.15,245.4,650,67000
3686,2022-05-13 15:07:00+05:30,245.4,251.05,243.45,251.05,3450,67000
3687,2022-05-13 15:08:00+05:30,251.05,251.05,244.0,244.4,2650,67000
3688,2022-05-13 15:09:00+05:30,247.85,252.25,245.95,250.15,2850,67200
3689,2022-05-13 15:10:00+05:30,250.15,255.2,246.15,254.45,1600,67200
3690,2022-05-13 15:11:00+05:30,254.45,264.35,254.45,263.4,2600,67200
3691,2022-05-13 15:12:00+05:30,263.4,271.1,261.3,264.85,4050,67700
3692,2022-05-13 15:13:00+05:30,264.85,266.15,257.75,265.55,3500,67700
3693,2022-05-13 15:14:00+05:30,265.55,265.95,260.65,264.25,1100,67700
3694,2022-05-13 15:15:00+05:30,264.25,264.25,254.85,255.25,3100,68700
3695,2022-05-13 15:16:00+05:30,255.0,255.25,247.4,251.05,5850,68700
3696,2022-05-13 15:17:00+05:30,251.05,251.05,245.6,249.7,2150,68700
3697,2022-05-13 15:18:00+05:30,249.7,251.85,247.5,248.6,2450,65600
3698,2022-05-13 15:19:00+05:30,248.6,250.0,245.2,250.0,1600,65600
3699,2022-05-13 15:20:00+05:30,245.2,245.75,243.0,244.8,3450,65600
3700,2022-05-13 15:21:00+05:30,244.8,244.8,237.85,238.8,1250,66050
3701,2022-05-13 15:22:00+05:30,238.8,247.55,238.8,246.75,5050,66050
3702,2022-05-13 15:23:00+05:30,246.75,250.0,246.75,247.7,1950,66050
3703,2022-05-13 15:24:00+05:30,247.7,250.25,247.7,249.0,650,68250
3704,2022-05-13 15:25:00+05:30,249.0,249.0,247.5,248.55,550,68250
3705,2022-05-13 15:26:00+05:30,248.55,250.6,248.55,250.55,750,68250
3706,2022-05-13 15:27:00+05:30,250.55,252.3,250.35,252.3,4950,67700
3707,2022-05-13 15:28:00+05:30,252.45,256.5,252.3,255.5,3650,67700
3708,2022-05-13 15:29:00+05:30,253.85,259.95,249.4,259.9,4000,67700
3709,2022-05-16 09:15:00+05:30,222.85,237.95,222.85,229.0,2400,68500
3710,2022-05-16 09:16:00+05:30,229.5,243.9,229.0,237.55,3600,68500
3711,2022-05-16 09:17:00+05:30,237.55,246.7,233.0,246.7,1700,69150
3712,2022-05-16 09:18:00+05:30,246.65,260.75,245.1,260.75,3250,69150
3713,2022-05-16 09:19:00+05:30,261.95,265.7,247.95,248.0,4800,69150
3714,2022-05-16 09:20:00+05:30,247.0,247.0,223.75,223.75,7300,69150
3715,2022-05-16 09:21:00+05:30,223.75,223.75,203.05,208.35,4600,69150
3716,2022-05-16 09:22:00+05:30,206.05,208.35,204.05,204.05,350,69150
3717,2022-05-16 09:23:00+05:30,204.05,210.15,204.05,205.3,250,70200
3718,2022-05-16 09:24:00+05:30,205.3,206.15,203.55,203.85,550,70200
3719,2022-05-16 09:25:00+05:30,203.85,205.35,198.9,205.35,1250,70200
3720,2022-05-16 09:26:00+05:30,205.35,206.0,197.1,197.1,1950,70300
3721,2022-05-16 09:27:00+05:30,197.1,197.6,193.0,193.0,2050,70300
3722,2022-05-16 09:28:00+05:30,193.0,197.15,193.0,196.6,250,70300
3723,2022-05-16 09:29:00+05:30,196.6,199.15,195.05,199.15,750,68950
3724,2022-05-16 09:30:00+05:30,195.0,199.15,192.0,192.55,2550,68950
3725,2022-05-16 09:31:00+05:30,190.2,192.55,188.0,190.4,3750,68950
3726,2022-05-16 09:32:00+05:30,190.4,190.4,186.0,186.1,650,68950
3727,2022-05-16 09:33:00+05:30,186.1,192.4,186.1,190.4,400,69500
3728,2022-05-16 09:34:00+05:30,190.4,190.4,186.5,186.5,1400,69500
3729,2022-05-16 09:35:00+05:30,186.5,186.5,181.65,181.65,1050,70200
3730,2022-05-16 09:36:00+05:30,181.65,181.65,178.8,180.65,1400,70200
3731,2022-05-16 09:37:00+05:30,180.65,180.65,177.0,178.1,200,70200
3732,2022-05-16 09:38:00+05:30,178.1,179.35,176.5,177.85,200,71000
3733,2022-05-16 09:39:00+05:30,176.65,177.85,174.5,174.5,650,71000
3734,2022-05-16 09:40:00+05:30,174.5,176.55,172.65,173.5,1200,71000
3735,2022-05-16 09:41:00+05:30,173.5,176.6,172.45,172.45,150,71300
3736,2022-05-16 09:42:00+05:30,172.45,174.6,172.45,174.5,200,71300
3737,2022-05-16 09:43:00+05:30,174.5,179.85,174.5,178.45,250,71300
3738,2022-05-16 09:44:00+05:30,178.45,178.45,174.65,178.05,400,71400
3739,2022-05-16 09:45:00+05:30,178.05,183.05,177.1,183.05,300,71400
3740,2022-05-16 09:46:00+05:30,183.05,183.3,180.4,180.4,700,71400
3741,2022-05-16 09:47:00+05:30,180.4,180.4,175.25,175.95,350,71100
3742,2022-05-16 09:48:00+05:30,175.95,176.65,170.0,170.35,1600,71100
3743,2022-05-16 09:49:00+05:30,170.35,170.35,165.3,165.65,950,71100
3744,2022-05-16 09:50:00+05:30,164.35,168.35,163.9,166.0,1750,71300
3745,2022-05-16 09:51:00+05:30,164.95,168.25,164.7,168.0,900,71300
3746,2022-05-16 09:52:00+05:30,168.0,168.0,165.7,166.4,200,71300
3747,2022-05-16 09:53:00+05:30,166.4,170.5,166.4,168.85,2200,73150
3748,2022-05-16 09:54:00+05:30,168.85,169.0,166.0,166.0,550,73150
3749,2022-05-16 09:55:00+05:30,166.0,166.0,161.95,163.65,2300,73150
3750,2022-05-16 09:56:00+05:30,163.85,169.5,163.85,169.5,1000,74500
3751,2022-05-16 09:57:00+05:30,169.5,174.8,167.2,169.3,900,74500
3752,2022-05-16 09:58:00+05:30,170.5,175.7,169.3,175.7,450,74500
3753,2022-05-16 09:59:00+05:30,175.7,175.7,174.9,175.65,250,74500
3754,2022-05-16 10:00:00+05:30,175.65,175.65,173.75,174.3,250,74450
3755,2022-05-16 10:01:00+05:30,174.3,176.6,171.5,171.85,200,74450
3756,2022-05-16 10:02:00+05:30,171.85,174.45,171.7,172.25,700,74200
3757,2022-05-16 10:03:00+05:30,173.05,173.05,171.7,171.7,150,74200
3758,2022-05-16 10:04:00+05:30,171.7,180.05,171.7,178.05,550,74200
3759,2022-05-16 10:05:00+05:30,178.05,178.05,170.05,170.05,100,73800
3760,2022-05-16 10:06:00+05:30,170.0,170.45,167.75,170.35,950,73800
3761,2022-05-16 10:07:00+05:30,170.55,171.15,168.75,171.15,600,73800
3762,2022-05-16 10:08:00+05:30,171.15,171.6,171.15,171.6,100,73800
3763,2022-05-16 10:09:00+05:30,171.6,171.6,171.6,171.6,0,73800
3764,2022-05-16 10:10:00+05:30,171.6,173.25,171.45,173.25,250,73200
3765,2022-05-16 10:11:00+05:30,173.25,173.25,169.85,169.85,2300,72050
3766,2022-05-16 10:12:00+05:30,169.85,172.5,169.85,172.5,200,72050
3767,2022-05-16 10:13:00+05:30,172.5,173.7,166.95,173.05,800,72050
3768,2022-05-16 10:14:00+05:30,173.05,178.05,173.05,175.4,1350,71700
3769,2022-05-16 10:15:00+05:30,175.4,179.5,175.1,179.5,850,71700
3770,2022-05-16 10:16:00+05:30,179.5,179.5,179.35,179.5,150,71700
3771,2022-05-16 10:17:00+05:30,179.5,182.8,178.8,182.8,2000,73050
3772,2022-05-16 10:18:00+05:30,182.8,185.6,182.8,183.85,1400,73050
3773,2022-05-16 10:19:00+05:30,183.85,183.85,182.4,182.9,650,73050
3774,2022-05-16 10:20:00+05:30,182.05,182.05,177.35,177.35,300,72900
3775,2022-05-16 10:21:00+05:30,176.0,179.2,176.0,179.2,300,72900
3776,2022-05-16 10:22:00+05:30,179.2,179.3,177.2,179.3,350,72900
3777,2022-05-16 10:23:00+05:30,179.3,185.6,179.3,184.85,850,72450
3778,2022-05-16 10:24:00+05:30,184.85,184.85,181.3,181.3,300,72450
3779,2022-05-16 10:25:00+05:30,181.3,182.4,180.0,180.0,250,72450
3780,2022-05-16 10:26:00+05:30,180.0,180.55,179.05,179.05,150,72450
3781,2022-05-16 10:27:00+05:30,179.05,179.05,179.05,179.05,0,72450
3782,2022-05-16 10:28:00+05:30,179.05,183.15,179.05,182.55,150,72500
3783,2022-05-16 10:29:00+05:30,182.55,183.15,181.2,183.15,150,72450
3784,2022-05-16 10:30:00+05:30,183.15,185.1,182.4,182.4,200,72450
3785,2022-05-16 10:31:00+05:30,182.4,182.4,181.0,181.0,300,72450
3786,2022-05-16 10:32:00+05:30,181.0,183.25,181.0,183.25,450,72450
3787,2022-05-16 10:33:00+05:30,183.25,184.65,183.0,183.0,200,72450
3788,2022-05-16 10:34:00+05:30,183.0,183.0,180.7,180.7,150,72450
3789,2022-05-16 10:35:00+05:30,180.7,184.15,180.7,184.15,150,72450
3790,2022-05-16 10:36:00+05:30,184.15,184.15,183.95,183.95,100,72450
3791,2022-05-16 10:37:00+05:30,183.95,183.95,183.25,183.25,50,72450
3792,2022-05-16 10:38:00+05:30,183.25,183.25,176.25,176.25,150,72400
3793,2022-05-16 10:39:00+05:30,176.25,177.25,175.0,177.25,200,72400
3794,2022-05-16 10:40:00+05:30,177.25,177.25,169.75,171.5,1000,72400
3795,2022-05-16 10:41:00+05:30,170.85,170.85,167.8,167.8,150,72700
3796,2022-05-16 10:42:00+05:30,167.8,172.3,167.8,172.3,400,72700
3797,2022-05-16 10:43:00+05:30,172.3,172.4,171.0,172.2,600,72700
3798,2022-05-16 10:44:00+05:30,172.8,178.3,172.2,178.3,500,72850
3799,2022-05-16 10:45:00+05:30,178.3,179.6,174.85,179.6,450,72850
3800,2022-05-16 10:46:00+05:30,179.6,182.7,179.45,182.7,150,72850
3801,2022-05-16 10:47:00+05:30,182.7,182.7,180.25,181.95,350,72850
3802,2022-05-16 10:48:00+05:30,181.95,181.95,180.65,180.65,150,72600
3803,2022-05-16 10:49:00+05:30,180.65,181.45,180.65,180.65,150,72600
3804,2022-05-16 10:50:00+05:30,180.65,180.65,179.4,179.4,150,72600
3805,2022-05-16 10:51:00+05:30,179.4,182.05,179.4,182.05,200,72650
3806,2022-05-16 10:52:00+05:30,182.05,182.05,181.6,181.6,150,72650
3807,2022-05-16 10:53:00+05:30,181.6,182.35,181.6,182.35,150,72650
3808,2022-05-16 10:54:00+05:30,182.35,188.0,182.35,188.0,550,72400
3809,2022-05-16 10:55:00+05:30,189.0,189.65,187.6,188.8,1100,72400
3810,2022-05-16 10:56:00+05:30,188.8,194.0,188.8,193.0,1400,71800
3811,2022-05-16 10:57:00+05:30,193.0,195.0,190.25,190.25,650,71800
3812,2022-05-16 10:58:00+05:30,190.25,190.25,184.6,184.6,500,71800
3813,2022-05-16 10:59:00+05:30,184.6,185.0,183.6,185.0,600,71600
3814,2022-05-16 11:00:00+05:30,185.0,185.25,185.0,185.25,50,71600
3815,2022-05-16 11:01:00+05:30,185.25,185.25,179.55,179.55,300,71600
3816,2022-05-16 11:02:00+05:30,179.55,184.15,179.55,184.15,150,71500
3817,2022-05-16 11:03:00+05:30,184.15,184.15,180.8,180.8,200,71500
3818,2022-05-16 11:04:00+05:30,180.8,181.15,179.55,179.8,2300,71500
3819,2022-05-16 11:05:00+05:30,179.8,182.65,179.8,182.65,100,71500
3820,2022-05-16 11:06:00+05:30,182.65,182.65,179.0,179.0,50,71300
3821,2022-05-16 11:07:00+05:30,179.0,179.0,179.0,179.0,0,71300
3822,2022-05-16 11:08:00+05:30,179.0,179.0,175.35,175.35,150,71350
3823,2022-05-16 11:09:00+05:30,175.35,175.35,171.85,174.25,300,71350
3824,2022-05-16 11:10:00+05:30,174.25,175.6,172.75,172.9,500,71350
3825,2022-05-16 11:11:00+05:30,172.9,178.8,172.9,178.45,300,71500
3826,2022-05-16 11:12:00+05:30,178.45,179.3,177.7,177.7,100,71500
3827,2022-05-16 11:13:00+05:30,177.7,178.45,177.0,178.45,200,71500
3828,2022-05-16 11:14:00+05:30,178.45,178.45,178.45,178.45,0,71500
3829,2022-05-16 11:15:00+05:30,178.45,178.45,174.25,175.05,150,71500
3830,2022-05-16 11:16:00+05:30,180.0,180.0,179.0,179.0,200,71500
3831,2022-05-16 11:17:00+05:30,179.0,179.0,179.0,179.0,0,71500
3832,2022-05-16 11:18:00+05:30,179.0,179.0,179.0,179.0,0,71500
3833,2022-05-16 11:19:00+05:30,179.0,179.0,179.0,179.0,0,71500
3834,2022-05-16 11:20:00+05:30,179.0,180.85,179.0,180.45,400,71500
3835,2022-05-16 11:21:00+05:30,180.45,186.5,180.45,186.5,250,71550
3836,2022-05-16 11:22:00+05:30,186.5,188.0,186.5,188.0,50,71550
3837,2022-05-16 11:23:00+05:30,188.0,193.35,188.0,190.45,400,71550
3838,2022-05-16 11:24:00+05:30,190.45,190.45,185.15,187.2,450,71500
3839,2022-05-16 11:25:00+05:30,187.2,191.65,187.2,191.6,250,71500
3840,2022-05-16 11:26:00+05:30,191.6,191.6,189.4,191.0,300,71550
3841,2022-05-16 11:27:00+05:30,191.0,191.0,185.15,185.15,850,71550
3842,2022-05-16 11:28:00+05:30,185.15,186.5,185.15,186.5,350,71550
3843,2022-05-16 11:29:00+05:30,186.5,191.5,186.5,191.5,100,71050
3844,2022-05-16 11:30:00+05:30,191.5,191.5,189.6,189.6,150,71050
3845,2022-05-16 11:31:00+05:30,189.6,190.6,189.6,189.6,100,71050
3846,2022-05-16 11:32:00+05:30,189.6,189.6,188.35,188.35,50,71050
3847,2022-05-16 11:33:00+05:30,188.35,188.35,188.35,188.35,0,71050
3848,2022-05-16 11:34:00+05:30,188.35,188.35,188.35,188.35,0,71050
3849,2022-05-16 11:35:00+05:30,188.35,198.9,188.35,193.95,750,71000
3850,2022-05-16 11:36:00+05:30,196.85,197.95,196.85,197.25,250,70750
3851,2022-05-16 11:37:00+05:30,197.25,200.0,196.8,196.8,650,70750
3852,2022-05-16 11:38:00+05:30,196.8,198.3,196.75,196.75,550,70750
3853,2022-05-16 11:39:00+05:30,196.75,201.1,196.75,201.1,250,70300
3854,2022-05-16 11:40:00+05:30,200.55,207.9,200.55,204.95,950,70300
3855,2022-05-16 11:41:00+05:30,204.95,207.4,204.6,204.8,3950,71550
3856,2022-05-16 11:42:00+05:30,205.0,209.0,205.0,209.0,3650,71550
3857,2022-05-16 11:43:00+05:30,208.15,214.75,206.05,210.8,1250,71550
3858,2022-05-16 11:44:00+05:30,210.8,211.0,205.2,205.2,500,71550
3859,2022-05-16 11:45:00+05:30,205.2,210.5,205.2,208.0,1400,72550
3860,2022-05-16 11:46:00+05:30,208.0,208.0,205.0,205.0,500,72550
3861,2022-05-16 11:47:00+05:30,205.0,205.6,198.35,198.35,1800,72250
3862,2022-05-16 11:48:00+05:30,198.35,202.95,198.3,202.95,800,72250
3863,2022-05-16 11:49:00+05:30,202.95,210.2,202.95,209.55,5350,72250
3864,2022-05-16 11:50:00+05:30,208.0,209.55,206.2,207.0,150,72250
3865,2022-05-16 11:51:00+05:30,207.0,207.0,201.35,205.9,100,73450
3866,2022-05-16 11:52:00+05:30,205.9,205.9,204.0,204.0,200,73450
3867,2022-05-16 11:53:00+05:30,204.0,207.65,203.25,207.65,700,73450
3868,2022-05-16 11:54:00+05:30,207.4,214.7,207.4,214.7,900,73650
3869,2022-05-16 11:55:00+05:30,214.7,215.05,209.85,210.35,4150,73650
3870,2022-05-16 11:56:00+05:30,210.35,210.35,205.1,207.35,550,73650
3871,2022-05-16 11:57:00+05:30,207.35,210.95,205.75,210.65,300,74600
3872,2022-05-16 11:58:00+05:30,210.65,210.65,208.8,208.8,200,74600
3873,2022-05-16 11:59:00+05:30,208.8,211.95,208.8,211.95,500,74600
3874,2022-05-16 12:00:00+05:30,211.95,216.7,211.45,211.45,2050,74400
3875,2022-05-16 12:01:00+05:30,211.45,214.3,208.8,214.3,400,74400
3876,2022-05-16 12:02:00+05:30,212.5,214.3,210.65,212.4,2000,74400
3877,2022-05-16 12:03:00+05:30,212.4,216.1,212.4,215.4,700,75650
3878,2022-05-16 12:04:00+05:30,215.4,224.65,215.4,223.05,2050,75650
3879,2022-05-16 12:05:00+05:30,223.05,227.55,223.05,226.2,2700,75650
3880,2022-05-16 12:06:00+05:30,226.2,229.3,216.55,216.55,2750,76900
3881,2022-05-16 12:07:00+05:30,216.55,222.0,211.2,212.3,1550,76900
3882,2022-05-16 12:08:00+05:30,212.3,219.95,212.3,219.0,550,76900
3883,2022-05-16 12:09:00+05:30,220.0,222.95,218.1,218.1,1350,77450
3884,2022-05-16 12:10:00+05:30,218.1,221.5,218.0,221.5,2000,77450
3885,2022-05-16 12:11:00+05:30,221.5,224.2,220.1,223.35,2950,77450
3886,2022-05-16 12:12:00+05:30,223.35,223.45,221.2,221.2,450,76900
3887,2022-05-16 12:13:00+05:30,221.2,226.25,221.2,225.05,2500,76900
3888,2022-05-16 12:14:00+05:30,225.05,229.15,224.0,224.0,1150,76900
3889,2022-05-16 12:15:00+05:30,224.0,228.35,224.0,224.6,1250,78550
3890,2022-05-16 12:16:00+05:30,224.6,225.6,215.5,220.0,1950,78550
3891,2022-05-16 12:17:00+05:30,220.0,220.0,218.1,218.3,600,78550
3892,2022-05-16 12:18:00+05:30,218.3,218.3,210.4,210.4,250,77950
3893,2022-05-16 12:19:00+05:30,210.4,212.15,209.4,211.15,600,77950
3894,2022-05-16 12:20:00+05:30,211.15,215.0,211.15,213.0,300,77950
3895,2022-05-16 12:21:00+05:30,213.0,213.0,200.2,200.2,100,77850
3896,2022-05-16 12:22:00+05:30,201.5,206.95,200.2,206.95,300,77850
3897,2022-05-16 12:23:00+05:30,205.0,206.95,201.2,201.2,450,77850
3898,2022-05-16 12:24:00+05:30,201.2,204.2,201.2,203.7,100,77750
3899,2022-05-16 12:25:00+05:30,203.7,206.2,203.7,204.0,300,77750
3900,2022-05-16 12:26:00+05:30,204.0,208.75,204.0,208.75,200,77750
3901,2022-05-16 12:27:00+05:30,208.75,208.75,204.0,207.7,150,77900
3902,2022-05-16 12:28:00+05:30,207.7,215.25,207.7,209.65,300,77900
3903,2022-05-16 12:29:00+05:30,209.65,216.9,209.65,212.65,2100,77900
3904,2022-05-16 12:30:00+05:30,212.65,217.1,212.65,217.1,300,78000
3905,2022-05-16 12:31:00+05:30,217.1,217.1,213.55,214.25,250,78000
3906,2022-05-16 12:32:00+05:30,214.25,214.25,205.5,207.0,2250,78000
3907,2022-05-16 12:33:00+05:30,207.0,207.0,202.55,203.65,550,78000
3908,2022-05-16 12:34:00+05:30,203.65,203.65,203.6,203.6,100,78000
3909,2022-05-16 12:35:00+05:30,203.6,203.6,200.95,202.5,750,78000
3910,2022-05-16 12:36:00+05:30,202.5,207.7,202.5,207.7,50,78400
3911,2022-05-16 12:37:00+05:30,207.7,217.0,207.7,215.75,1950,78400
3912,2022-05-16 12:38:00+05:30,215.75,221.4,215.75,217.45,850,78400
3913,2022-05-16 12:39:00+05:30,217.45,219.9,217.3,219.1,500,78400
3914,2022-05-16 12:40:00+05:30,219.1,230.4,219.1,230.4,4150,78400
3915,2022-05-16 12:41:00+05:30,232.0,237.15,229.75,231.15,5050,78400
3916,2022-05-16 12:42:00+05:30,231.15,240.3,231.15,232.5,2100,81700
3917,2022-05-16 12:43:00+05:30,232.5,240.0,232.5,237.2,3600,81700
3918,2022-05-16 12:44:00+05:30,237.2,238.95,232.6,233.55,1600,81700
3919,2022-05-16 12:45:00+05:30,236.9,242.85,233.55,242.85,2300,81200
3920,2022-05-16 12:46:00+05:30,238.1,242.3,236.2,241.85,3050,81200
3921,2022-05-16 12:47:00+05:30,241.65,243.1,239.2,243.05,1150,81200
3922,2022-05-16 12:48:00+05:30,245.0,245.0,241.2,243.05,4550,81100
3923,2022-05-16 12:49:00+05:30,243.05,245.0,239.4,241.5,3350,81100
3924,2022-05-16 12:50:00+05:30,241.5,244.25,238.0,238.0,2250,81100
3925,2022-05-16 12:51:00+05:30,238.0,238.0,227.9,230.95,1950,80600
3926,2022-05-16 12:52:00+05:30,227.55,230.95,223.8,230.65,1500,80600
3927,2022-05-16 12:53:00+05:30,230.65,230.65,227.0,228.75,250,80600
3928,2022-05-16 12:54:00+05:30,228.75,230.0,227.2,230.0,300,80050
3929,2022-05-16 12:55:00+05:30,227.95,227.95,221.65,221.65,1550,80050
3930,2022-05-16 12:56:00+05:30,221.65,221.65,217.15,218.25,2600,80050
3931,2022-05-16 12:57:00+05:30,218.25,218.25,211.25,212.0,500,79250
3932,2022-05-16 12:58:00+05:30,212.0,212.0,208.0,209.75,650,79250
3933,2022-05-16 12:59:00+05:30,209.75,215.6,209.75,214.0,2650,79250
3934,2022-05-16 13:00:00+05:30,214.0,214.0,211.05,211.05,850,79750
3935,2022-05-16 13:01:00+05:30,211.05,221.5,211.05,220.5,1550,79750
3936,2022-05-16 13:02:00+05:30,219.55,220.75,213.5,213.5,750,79750
3937,2022-05-16 13:03:00+05:30,210.75,213.5,206.55,209.55,350,80000
3938,2022-05-16 13:04:00+05:30,209.55,214.15,209.0,214.15,250,80000
3939,2022-05-16 13:05:00+05:30,214.15,216.05,214.15,216.0,300,80000
3940,2022-05-16 13:06:00+05:30,216.0,220.95,216.0,220.7,550,80050
3941,2022-05-16 13:07:00+05:30,220.7,223.45,216.4,216.4,3000,80050
3942,2022-05-16 13:08:00+05:30,216.4,218.7,215.0,217.35,600,80050
3943,2022-05-16 13:09:00+05:30,217.35,222.65,215.0,222.5,300,81200
3944,2022-05-16 13:10:00+05:30,222.5,223.75,216.3,216.3,1200,81200
3945,2022-05-16 13:11:00+05:30,216.3,221.1,216.3,220.35,1250,81200
3946,2022-05-16 13:12:00+05:30,220.35,220.9,220.35,220.9,200,80600
3947,2022-05-16 13:13:00+05:30,220.9,220.9,214.0,215.9,800,80600
3948,2022-05-16 13:14:00+05:30,215.9,221.7,215.45,220.65,850,80600
3949,2022-05-16 13:15:00+05:30,220.65,220.65,217.65,217.65,400,80600
3950,2022-05-16 13:16:00+05:30,217.65,227.0,217.65,223.45,2250,80600
3951,2022-05-16 13:17:00+05:30,223.45,223.45,215.15,217.35,700,80600
3952,2022-05-16 13:18:00+05:30,217.35,217.35,206.45,207.95,700,81000
3953,2022-05-16 13:19:00+05:30,207.95,210.85,207.95,209.95,250,81000
3954,2022-05-16 13:20:00+05:30,209.95,213.3,209.95,210.0,700,81000
3955,2022-05-16 13:21:00+05:30,210.0,212.4,209.2,212.4,250,80950
3956,2022-05-16 13:22:00+05:30,212.4,212.4,209.7,211.2,500,80950
3957,2022-05-16 13:23:00+05:30,211.2,211.45,209.0,211.45,850,80950
3958,2022-05-16 13:24:00+05:30,211.45,213.4,211.45,213.25,150,81300
3959,2022-05-16 13:25:00+05:30,213.25,215.0,211.0,215.0,250,81300
3960,2022-05-16 13:26:00+05:30,215.0,215.0,215.0,215.0,0,81300
3961,2022-05-16 13:27:00+05:30,215.0,215.9,212.85,214.5,550,81350
3962,2022-05-16 13:28:00+05:30,214.5,217.8,214.5,216.05,400,81350
3963,2022-05-16 13:29:00+05:30,216.05,216.05,213.1,214.9,250,81350
3964,2022-05-16 13:30:00+05:30,214.9,214.9,210.2,210.2,150,81450
3965,2022-05-16 13:31:00+05:30,210.2,210.2,202.0,202.0,1550,81450
3966,2022-05-16 13:32:00+05:30,202.0,204.55,201.15,203.25,600,81450
3967,2022-05-16 13:33:00+05:30,203.25,203.25,198.0,199.15,1300,81200
3968,2022-05-16 13:34:00+05:30,199.15,201.65,199.15,201.65,850,81200
3969,2022-05-16 13:35:00+05:30,201.65,207.95,201.65,206.9,400,81200
3970,2022-05-16 13:36:00+05:30,208.3,209.8,206.9,209.8,100,80750
3971,2022-05-16 13:37:00+05:30,209.8,210.1,206.0,206.25,400,80750
3972,2022-05-16 13:38:00+05:30,206.25,210.0,206.25,206.75,250,80750
3973,2022-05-16 13:39:00+05:30,206.75,206.75,202.15,202.15,250,80750
3974,2022-05-16 13:40:00+05:30,202.15,202.15,195.0,196.0,400,80750
3975,2022-05-16 13:41:00+05:30,196.35,196.35,194.25,195.25,450,80750
3976,2022-05-16 13:42:00+05:30,195.25,195.25,190.7,190.7,1000,80800
3977,2022-05-16 13:43:00+05:30,190.1,194.95,190.1,194.95,900,80800
3978,2022-05-16 13:44:00+05:30,194.95,194.95,193.0,194.1,350,80800
3979,2022-05-16 13:45:00+05:30,194.1,194.1,187.0,187.75,750,80600
3980,2022-05-16 13:46:00+05:30,187.3,190.8,185.0,190.8,500,80600
3981,2022-05-16 13:47:00+05:30,190.8,194.95,190.8,194.05,500,80600
3982,2022-05-16 13:48:00+05:30,193.55,194.05,191.3,192.3,750,81350
3983,2022-05-16 13:49:00+05:30,192.3,193.2,192.3,193.2,150,81350
3984,2022-05-16 13:50:00+05:30,193.2,198.95,192.8,198.85,450,81350
3985,2022-05-16 13:51:00+05:30,198.85,202.95,198.1,200.3,1100,82000
3986,2022-05-16 13:52:00+05:30,200.3,200.3,198.0,198.0,250,82000
3987,2022-05-16 13:53:00+05:30,198.0,198.0,196.45,196.45,50,82000
3988,2022-05-16 13:54:00+05:30,196.45,196.45,190.15,190.15,200,82050
3989,2022-05-16 13:55:00+05:30,190.15,194.15,188.25,194.15,900,82050
3990,2022-05-16 13:56:00+05:30,194.15,211.05,194.15,208.6,7300,82050
3991,2022-05-16 13:57:00+05:30,208.6,208.75,200.0,200.7,600,84100
3992,2022-05-16 13:58:00+05:30,200.7,200.7,189.1,189.1,250,84100
3993,2022-05-16 13:59:00+05:30,189.1,197.65,189.1,196.35,300,84100
3994,2022-05-16 14:00:00+05:30,196.35,196.55,192.6,194.6,200,84200
3995,2022-05-16 14:01:00+05:30,194.6,194.6,189.0,189.05,550,84200
3996,2022-05-16 14:02:00+05:30,189.05,193.15,188.0,191.05,600,84200
3997,2022-05-16 14:03:00+05:30,191.05,191.75,188.5,188.95,750,84450
3998,2022-05-16 14:04:00+05:30,188.95,189.5,178.35,180.15,2750,84450
3999,2022-05-16 14:05:00+05:30,180.15,181.3,179.7,180.5,1100,84450
4000,2022-05-16 14:06:00+05:30,180.5,181.1,178.95,181.1,350,84450
4001,2022-05-16 14:07:00+05:30,181.1,185.5,179.65,183.85,600,84100
4002,2022-05-16 14:08:00+05:30,183.85,183.85,181.85,183.05,350,84100
4003,2022-05-16 14:09:00+05:30,183.05,183.05,178.65,181.7,400,84200
4004,2022-05-16 14:10:00+05:30,181.7,185.6,181.7,185.6,300,84200
4005,2022-05-16 14:11:00+05:30,190.2,192.6,185.6,188.1,500,84200
4006,2022-05-16 14:12:00+05:30,188.1,194.95,188.1,191.35,1100,84050
4007,2022-05-16 14:13:00+05:30,191.35,193.3,189.3,189.3,500,84050
4008,2022-05-16 14:14:00+05:30,189.3,189.3,189.3,189.3,0,84050
4009,2022-05-16 14:15:00+05:30,189.3,192.45,189.3,190.0,200,84300
4010,2022-05-16 14:16:00+05:30,190.0,192.0,190.0,192.0,100,84300
4011,2022-05-16 14:17:00+05:30,192.0,192.0,188.2,189.4,150,84300
4012,2022-05-16 14:18:00+05:30,189.4,189.4,189.4,189.4,50,84450
4013,2022-05-16 14:19:00+05:30,189.4,191.4,189.4,191.4,0,84450
4014,2022-05-16 14:20:00+05:30,191.4,200.15,191.4,200.15,1300,84450
4015,2022-05-16 14:21:00+05:30,200.15,209.0,200.15,204.5,3900,84350
4016,2022-05-16 14:22:00+05:30,204.5,204.5,191.65,191.65,250,84350
4017,2022-05-16 14:23:00+05:30,191.65,191.65,185.0,185.2,200,84350
4018,2022-05-16 14:24:00+05:30,185.2,188.2,182.65,182.65,750,86750
4019,2022-05-16 14:25:00+05:30,182.95,184.3,180.05,182.2,3400,86750
4020,2022-05-16 14:26:00+05:30,182.2,185.25,179.8,179.8,1550,86750
4021,2022-05-16 14:27:00+05:30,179.8,188.55,179.8,184.6,1800,85900
4022,2022-05-16 14:28:00+05:30,184.6,188.15,183.2,183.2,250,85900
4023,2022-05-16 14:29:00+05:30,183.2,186.85,183.2,186.3,350,85900
4024,2022-05-16 14:30:00+05:30,185.4,185.4,183.75,183.8,250,85750
4025,2022-05-16 14:31:00+05:30,183.8,189.0,183.8,188.95,300,85750
4026,2022-05-16 14:32:00+05:30,188.45,188.45,185.15,185.15,150,85750
4027,2022-05-16 14:33:00+05:30,185.15,191.75,185.15,188.65,500,86000
4028,2022-05-16 14:34:00+05:30,188.65,189.95,187.35,189.95,100,86000
4029,2022-05-16 14:35:00+05:30,189.95,195.35,189.95,190.45,650,86000
4030,2022-05-16 14:36:00+05:30,190.45,190.45,186.95,187.75,1000,85600
4031,2022-05-16 14:37:00+05:30,187.75,191.6,187.75,191.6,550,85600
4032,2022-05-16 14:38:00+05:30,191.6,191.6,189.3,189.3,150,85600
4033,2022-05-16 14:39:00+05:30,189.3,189.3,189.3,189.3,0,85600
4034,2022-05-16 14:40:00+05:30,189.3,197.05,188.95,190.1,400,85500
4035,2022-05-16 14:41:00+05:30,190.1,193.2,188.05,188.05,2000,85500
4036,2022-05-16 14:42:00+05:30,188.05,188.05,184.0,185.0,250,85100
4037,2022-05-16 14:43:00+05:30,185.0,185.0,185.0,185.0,0,85100
4038,2022-05-16 14:44:00+05:30,185.0,186.6,185.0,185.0,100,85100
4039,2022-05-16 14:45:00+05:30,185.0,188.8,183.75,184.85,650,85000
4040,2022-05-16 14:46:00+05:30,184.85,196.05,183.6,196.05,1100,85000
4041,2022-05-16 14:47:00+05:30,195.15,196.05,189.95,191.7,650,85000
4042,2022-05-16 14:48:00+05:30,191.7,191.7,187.5,187.5,50,85400
4043,2022-05-16 14:49:00+05:30,187.5,195.05,187.5,195.05,300,85400
4044,2022-05-16 14:50:00+05:30,195.05,198.45,194.0,198.45,400,85400
4045,2022-05-16 14:51:00+05:30,198.4,201.65,195.55,195.55,850,85400
4046,2022-05-16 14:52:00+05:30,195.0,195.55,193.85,195.2,500,85800
4047,2022-05-16 14:53:00+05:30,195.2,195.6,193.65,194.15,150,85800
4048,2022-05-16 14:54:00+05:30,194.15,195.0,194.15,195.0,50,85800
4049,2022-05-16 14:55:00+05:30,195.0,195.0,195.0,195.0,0,85800
4050,2022-05-16 14:56:00+05:30,195.0,203.0,195.0,203.0,100,85900
4051,2022-05-16 14:57:00+05:30,203.0,206.3,203.0,203.0,300,85900
4052,2022-05-16 14:58:00+05:30,203.0,206.4,203.0,206.4,350,85850
4053,2022-05-16 14:59:00+05:30,206.4,206.4,201.45,201.45,400,85850
4054,2022-05-16 15:00:00+05:30,201.45,210.0,201.45,210.0,1800,86000
4055,2022-05-16 15:01:00+05:30,210.0,214.4,207.8,207.8,1000,86000
4056,2022-05-16 15:02:00+05:30,207.8,207.8,197.85,206.35,1800,86000
4057,2022-05-16 15:03:00+05:30,206.35,212.5,206.35,210.25,1000,85650
4058,2022-05-16 15:04:00+05:30,210.25,210.75,206.6,206.6,350,85650
4059,2022-05-16 15:05:00+05:30,206.6,211.5,206.6,211.5,2300,85650
4060,2022-05-16 15:06:00+05:30,211.5,211.5,206.8,206.8,600,85900
4061,2022-05-16 15:07:00+05:30,206.8,210.8,206.8,209.45,250,85900
4062,2022-05-16 15:08:00+05:30,209.45,210.5,209.45,210.45,1450,85900
4063,2022-05-16 15:09:00+05:30,210.45,216.75,210.45,216.75,450,87000
4064,2022-05-16 15:10:00+05:30,216.75,219.0,214.4,218.3,2650,87000
4065,2022-05-16 15:11:00+05:30,218.3,220.5,215.4,215.75,1150,87000
4066,2022-05-16 15:12:00+05:30,215.75,215.75,208.35,213.0,1000,86650
4067,2022-05-16 15:13:00+05:30,213.0,213.0,209.5,211.3,2550,86650
4068,2022-05-16 15:14:00+05:30,211.3,216.0,211.25,216.0,850,86650
4069,2022-05-16 15:15:00+05:30,216.0,216.0,210.75,211.3,350,86650
4070,2022-05-16 15:16:00+05:30,212.85,214.25,209.0,209.0,1200,85200
4071,2022-05-16 15:17:00+05:30,208.0,209.0,200.0,200.4,1900,85200
4072,2022-05-16 15:18:00+05:30,200.4,203.85,200.4,201.2,2800,87100
4073,2022-05-16 15:19:00+05:30,201.2,201.2,197.4,197.8,600,87100
4074,2022-05-16 15:20:00+05:30,197.8,201.0,197.8,199.35,4050,87100
4075,2022-05-16 15:21:00+05:30,200.0,201.2,199.65,199.65,1350,85700
4076,2022-05-16 15:22:00+05:30,199.65,199.65,197.7,198.2,700,85700
4077,2022-05-16 15:23:00+05:30,198.2,198.45,196.05,196.75,2000,85700
4078,2022-05-16 15:24:00+05:30,196.75,197.65,196.7,197.5,1000,85700
4079,2022-05-16 15:25:00+05:30,197.5,199.45,197.5,198.85,1450,85700
4080,2022-05-16 15:26:00+05:30,198.85,199.95,198.85,199.95,2450,85700
4081,2022-05-16 15:27:00+05:30,199.95,199.95,198.35,198.55,1200,84250
4082,2022-05-16 15:28:00+05:30,198.55,199.95,198.35,198.7,1500,84250
4083,2022-05-16 15:29:00+05:30,198.7,199.0,193.4,193.4,1350,84250
4084,2022-05-17 09:15:00+05:30,168.8,168.8,162.0,165.95,4200,84350
4085,2022-05-17 09:16:00+05:30,165.0,165.3,159.6,160.55,2500,84350
4086,2022-05-17 09:17:00+05:30,160.55,161.25,157.5,158.0,1700,83350
4087,2022-05-17 09:18:00+05:30,158.0,161.15,157.75,161.15,550,83350
4088,2022-05-17 09:19:00+05:30,161.15,161.45,158.8,160.0,1850,83350
4089,2022-05-17 09:20:00+05:30,160.0,160.0,155.0,158.6,600,83050
4090,2022-05-17 09:21:00+05:30,158.6,158.75,151.85,153.4,1500,83050
4091,2022-05-17 09:22:00+05:30,153.4,154.65,151.35,154.65,850,83050
4092,2022-05-17 09:23:00+05:30,154.65,155.9,153.2,155.9,550,83100
4093,2022-05-17 09:24:00+05:30,155.9,155.9,154.35,154.35,150,83100
4094,2022-05-17 09:25:00+05:30,154.35,154.35,149.8,151.2,2000,83100
4095,2022-05-17 09:26:00+05:30,151.2,152.65,149.0,152.55,450,83900
4096,2022-05-17 09:27:00+05:30,152.55,154.35,151.35,154.35,300,83900
4097,2022-05-17 09:28:00+05:30,154.35,156.0,154.35,156.0,1900,83900
4098,2022-05-17 09:29:00+05:30,156.0,157.85,153.85,153.85,450,84900
4099,2022-05-17 09:30:00+05:30,152.0,155.55,147.9,155.55,5300,84900
4100,2022-05-17 09:31:00+05:30,153.9,156.05,153.7,153.7,500,84900
4101,2022-05-17 09:32:00+05:30,153.7,153.7,152.0,153.5,150,87500
4102,2022-05-17 09:33:00+05:30,153.5,154.8,152.8,154.65,900,87500
4103,2022-05-17 09:34:00+05:30,155.2,155.4,153.5,155.0,450,87500
4104,2022-05-17 09:35:00+05:30,155.0,156.0,154.65,155.0,350,88300
4105,2022-05-17 09:36:00+05:30,155.0,157.75,154.6,157.75,1800,88300
4106,2022-05-17 09:37:00+05:30,157.75,158.6,157.0,158.1,850,88300
4107,2022-05-17 09:38:00+05:30,158.1,159.4,158.1,158.45,200,87300
4108,2022-05-17 09:39:00+05:30,158.45,158.45,154.85,156.4,400,87300
4109,2022-05-17 09:40:00+05:30,156.4,157.4,153.8,157.4,950,87300
4110,2022-05-17 09:41:00+05:30,157.4,157.4,153.8,153.8,150,88100
4111,2022-05-17 09:42:00+05:30,153.8,155.65,153.8,154.85,2900,88100
4112,2022-05-17 09:43:00+05:30,154.85,156.95,154.85,155.5,1050,88100
4113,2022-05-17 09:44:00+05:30,155.5,155.5,152.45,152.7,300,90450
4114,2022-05-17 09:45:00+05:30,152.7,155.05,152.0,154.9,400,90450
4115,2022-05-17 09:46:00+05:30,154.75,158.0,154.75,157.55,250,90450
4116,2022-05-17 09:47:00+05:30,157.55,160.0,157.55,159.6,1800,90100
4117,2022-05-17 09:48:00+05:30,159.6,160.2,158.55,159.1,850,90100
4118,2022-05-17 09:49:00+05:30,159.1,163.0,159.1,163.0,750,90100
4119,2022-05-17 09:50:00+05:30,163.0,167.85,163.0,166.95,600,90350
4120,2022-05-17 09:51:00+05:30,166.95,168.0,164.8,164.8,2350,90350
4121,2022-05-17 09:52:00+05:30,164.8,166.4,164.0,164.0,1850,90350
4122,2022-05-17 09:53:00+05:30,164.0,164.0,160.0,160.9,300,93000
4123,2022-05-17 09:54:00+05:30,160.15,161.7,160.0,161.7,700,93000
4124,2022-05-17 09:55:00+05:30,161.7,162.0,159.45,159.9,2250,93000
4125,2022-05-17 09:56:00+05:30,159.9,161.35,159.4,161.35,150,93800
4126,2022-05-17 09:57:00+05:30,161.35,163.35,160.35,163.35,600,93800
4127,2022-05-17 09:58:00+05:30,163.35,165.45,163.2,163.2,150,93800
4128,2022-05-17 09:59:00+05:30,163.2,163.2,160.55,161.25,3050,94600
4129,2022-05-17 10:00:00+05:30,161.25,161.85,158.0,158.0,2250,94600
4130,2022-05-17 10:01:00+05:30,158.0,158.0,154.0,154.0,350,94600
4131,2022-05-17 10:02:00+05:30,154.0,154.0,150.0,152.2,2350,97500
4132,2022-05-17 10:03:00+05:30,152.2,156.85,152.2,156.85,600,97500
4133,2022-05-17 10:04:00+05:30,156.85,160.0,156.85,160.0,2300,97500
4134,2022-05-17 10:05:00+05:30,159.75,162.75,159.75,162.75,700,96250
4135,2022-05-17 10:06:00+05:30,162.95,164.3,160.95,161.65,750,96250
4136,2022-05-17 10:07:00+05:30,161.65,161.8,161.65,161.8,50,96250
4137,2022-05-17 10:08:00+05:30,161.8,161.8,158.8,161.15,2600,97900
4138,2022-05-17 10:09:00+05:30,161.15,161.15,159.8,160.3,100,97900
4139,2022-05-17 10:10:00+05:30,160.3,160.3,156.05,156.05,0,97900
4140,2022-05-17 10:11:00+05:30,156.05,156.05,156.05,156.05,0,97900
4141,2022-05-17 10:12:00+05:30,156.05,156.35,156.05,156.35,150,97800
4142,2022-05-17 10:13:00+05:30,156.35,156.35,152.6,152.6,2850,97800
4143,2022-05-17 10:14:00+05:30,152.35,152.6,146.0,147.4,5150,97900
4144,2022-05-17 10:15:00+05:30,146.0,146.4,142.1,144.2,4600,97900
4145,2022-05-17 10:16:00+05:30,144.2,147.0,144.2,147.0,3300,97900
4146,2022-05-17 10:17:00+05:30,147.0,148.0,146.0,147.25,2650,101200
4147,2022-05-17 10:18:00+05:30,147.0,147.5,145.45,146.0,3750,101200
4148,2022-05-17 10:19:00+05:30,146.0,146.0,140.0,140.1,2300,101200
4149,2022-05-17 10:20:00+05:30,140.1,141.2,138.0,140.45,1150,105900
4150,2022-05-17 10:21:00+05:30,140.45,140.45,136.0,138.2,800,105900
4151,2022-05-17 10:22:00+05:30,138.2,138.2,135.7,138.05,10100,105900
4152,2022-05-17 10:23:00+05:30,138.05,138.25,135.8,136.1,900,110100
4153,2022-05-17 10:24:00+05:30,136.1,137.95,136.1,137.7,650,110100
4154,2022-05-17 10:25:00+05:30,137.7,138.5,137.05,138.5,400,110100
4155,2022-05-17 10:26:00+05:30,138.5,138.5,135.2,135.2,600,110100
4156,2022-05-17 10:27:00+05:30,135.2,136.6,135.2,135.8,550,110100
4157,2022-05-17 10:28:00+05:30,135.8,136.25,135.75,135.75,250,110100
4158,2022-05-17 10:29:00+05:30,135.75,137.0,135.75,137.0,50,110100
4159,2022-05-17 10:30:00+05:30,137.0,137.55,133.05,137.55,6150,110450
4160,2022-05-17 10:31:00+05:30,137.55,137.85,136.6,136.6,900,110450
4161,2022-05-17 10:32:00+05:30,136.6,136.95,136.55,136.6,200,110450
4162,2022-05-17 10:33:00+05:30,136.6,136.6,131.95,132.25,1450,111800
4163,2022-05-17 10:34:00+05:30,132.25,132.25,131.1,131.85,1650,111800
4164,2022-05-17 10:35:00+05:30,131.85,132.3,130.5,130.5,1500,111000
4165,2022-05-17 10:36:00+05:30,130.5,131.2,129.3,131.2,2050,111000
4166,2022-05-17 10:37:00+05:30,131.2,131.2,129.4,129.4,750,111000
4167,2022-05-17 10:38:00+05:30,129.4,130.2,128.35,128.35,6550,115600
4168,2022-05-17 10:39:00+05:30,128.35,130.65,128.35,130.4,450,115600
4169,2022-05-17 10:40:00+05:30,130.6,130.6,127.9,127.95,3350,115600
4170,2022-05-17 10:41:00+05:30,127.95,128.65,127.95,128.55,200,117350
4171,2022-05-17 10:42:00+05:30,128.55,129.2,126.35,126.35,400,117350
4172,2022-05-17 10:43:00+05:30,126.35,126.65,126.0,126.6,250,117350
4173,2022-05-17 10:44:00+05:30,126.6,126.6,124.45,125.0,1550,117350
4174,2022-05-17 10:45:00+05:30,125.0,125.5,123.8,125.45,700,117350
4175,2022-05-17 10:46:00+05:30,125.65,126.0,124.95,126.0,1200,117350
4176,2022-05-17 10:47:00+05:30,126.0,126.0,123.1,123.1,650,117350
4177,2022-05-17 10:48:00+05:30,123.1,123.95,122.75,123.95,450,117950
4178,2022-05-17 10:49:00+05:30,124.45,125.25,123.95,124.4,750,117950
4179,2022-05-17 10:50:00+05:30,124.4,124.75,123.45,124.75,400,117950
4180,2022-05-17 10:51:00+05:30,124.75,126.75,124.75,125.65,300,118350
4181,2022-05-17 10:52:00+05:30,125.65,126.4,125.6,125.6,2700,118350
4182,2022-05-17 10:53:00+05:30,125.6,125.6,123.0,123.0,950,118700
4183,2022-05-17 10:54:00+05:30,122.5,123.0,121.4,121.6,4450,118700
4184,2022-05-17 10:55:00+05:30,121.6,121.6,118.5,119.1,6000,118700
4185,2022-05-17 10:56:00+05:30,119.1,120.4,118.5,118.95,1650,118300
4186,2022-05-17 10:57:00+05:30,118.95,118.95,116.7,117.4,1650,118300
4187,2022-05-17 10:58:00+05:30,117.4,118.95,116.85,118.95,1250,118300
4188,2022-05-17 10:59:00+05:30,118.95,120.55,118.9,120.55,450,116900
4189,2022-05-17 11:00:00+05:30,120.7,120.7,118.0,118.0,600,116900
4190,2022-05-17 11:01:00+05:30,118.0,119.95,118.0,119.95,200,116900
4191,2022-05-17 11:02:00+05:30,119.95,121.7,117.75,121.7,550,115200
4192,2022-05-17 11:03:00+05:30,121.95,124.95,121.65,124.55,300,115200
4193,2022-05-17 11:04:00+05:30,124.55,126.0,124.3,126.0,1600,115200
4194,2022-05-17 11:05:00+05:30,126.0,126.0,125.25,125.4,250,115200
4195,2022-05-17 11:06:00+05:30,125.4,126.5,125.1,126.0,400,115350
4196,2022-05-17 11:07:00+05:30,126.0,126.0,124.65,125.4,400,115350
4197,2022-05-17 11:08:00+05:30,125.4,125.4,123.85,124.75,150,115350
4198,2022-05-17 11:09:00+05:30,124.75,127.75,124.75,126.4,350,115100
4199,2022-05-17 11:10:00+05:30,126.4,126.4,124.7,124.7,100,115100
4200,2022-05-17 11:11:00+05:30,124.7,124.7,124.7,124.7,0,115100
4201,2022-05-17 11:12:00+05:30,124.7,126.6,124.7,126.0,750,115150
4202,2022-05-17 11:13:00+05:30,126.0,126.0,126.0,126.0,0,115150
4203,2022-05-17 11:14:00+05:30,126.0,127.65,126.0,126.7,350,115400
4204,2022-05-17 11:15:00+05:30,126.7,128.25,125.45,125.5,500,115400
4205,2022-05-17 11:16:00+05:30,125.5,125.7,125.5,125.7,250,115400
4206,2022-05-17 11:17:00+05:30,126.0,126.3,125.7,125.7,500,115400
4207,2022-05-17 11:18:00+05:30,125.7,125.7,122.55,122.55,200,115200
4208,2022-05-17 11:19:00+05:30,122.55,122.55,121.5,121.5,100,115200
4209,2022-05-17 11:20:00+05:30,121.5,122.0,119.6,120.0,800,115200
4210,2022-05-17 11:21:00+05:30,120.0,120.0,120.0,120.0,0,115200
4211,2022-05-17 11:22:00+05:30,120.0,123.0,120.0,122.4,150,115300
4212,2022-05-17 11:23:00+05:30,122.4,122.4,121.0,121.05,800,115300
4213,2022-05-17 11:24:00+05:30,121.05,121.05,116.7,116.7,700,114850
4214,2022-05-17 11:25:00+05:30,116.3,116.8,113.5,113.5,5300,114850
4215,2022-05-17 11:26:00+05:30,113.5,113.5,111.05,112.95,400,114850
4216,2022-05-17 11:27:00+05:30,112.95,114.45,112.05,114.45,400,116150
4217,2022-05-17 11:28:00+05:30,114.45,116.15,114.45,115.0,3950,116150
4218,2022-05-17 11:29:00+05:30,115.0,115.0,113.65,113.65,1400,118800
4219,2022-05-17 11:30:00+05:30,113.85,114.85,112.8,113.1,550,118800
4220,2022-05-17 11:31:00+05:30,113.1,113.1,111.75,113.1,1700,118800
4221,2022-05-17 11:32:00+05:30,113.1,113.1,112.75,112.75,650,117600
4222,2022-05-17 11:33:00+05:30,112.75,113.3,112.75,113.25,2100,117600
4223,2022-05-17 11:34:00+05:30,113.25,113.7,111.45,111.45,1650,117600
4224,2022-05-17 11:35:00+05:30,111.45,114.0,111.45,113.0,1300,118350
4225,2022-05-17 11:36:00+05:30,113.0,113.0,112.65,112.65,200,118350
4226,2022-05-17 11:37:00+05:30,112.65,113.5,110.4,110.4,1100,118350
4227,2022-05-17 11:38:00+05:30,110.4,112.0,110.4,112.0,150,118350
4228,2022-05-17 11:39:00+05:30,112.0,112.0,108.9,108.9,950,119000
4229,2022-05-17 11:40:00+05:30,108.9,110.1,108.9,109.0,450,119000
4230,2022-05-17 11:41:00+05:30,109.0,109.0,108.45,108.45,100,119000
4231,2022-05-17 11:42:00+05:30,108.45,108.45,107.25,107.25,1100,118900
4232,2022-05-17 11:43:00+05:30,107.25,108.0,106.65,108.0,3000,118900
4233,2022-05-17 11:44:00+05:30,108.0,108.5,108.0,108.5,150,118900
4234,2022-05-17 11:45:00+05:30,108.55,108.55,108.3,108.3,700,118750
4235,2022-05-17 11:46:00+05:30,108.3,112.15,108.3,112.15,1650,118750
4236,2022-05-17 11:47:00+05:30,112.45,113.0,111.45,112.1,850,119800
4237,2022-05-17 11:48:00+05:30,112.1,112.1,109.75,109.75,3650,119800
4238,2022-05-17 11:49:00+05:30,109.75,109.75,109.15,109.6,150,119800
4239,2022-05-17 11:50:00+05:30,109.6,111.5,109.6,110.85,200,119800
4240,2022-05-17 11:51:00+05:30,110.85,110.85,109.4,109.4,300,122450
4241,2022-05-17 11:52:00+05:30,109.4,109.4,109.25,109.25,850,122450
4242,2022-05-17 11:53:00+05:30,109.25,110.85,109.25,110.85,600,122450
4243,2022-05-17 11:54:00+05:30,110.85,111.55,110.1,111.55,400,122250
4244,2022-05-17 11:55:00+05:30,112.3,112.3,110.3,110.7,1600,122250
4245,2022-05-17 11:56:00+05:30,110.7,111.45,110.7,111.45,50,122250
4246,2022-05-17 11:57:00+05:30,111.45,111.75,111.0,111.5,950,121800
4247,2022-05-17 11:58:00+05:30,111.5,111.5,110.85,110.9,200,121800
4248,2022-05-17 11:59:00+05:30,110.9,112.2,110.9,112.0,1350,121800
4249,2022-05-17 12:00:00+05:30,112.0,112.0,111.0,111.0,400,121250
4250,2022-05-17 12:01:00+05:30,111.0,111.35,111.0,111.35,100,121250
4251,2022-05-17 12:02:00+05:30,111.35,111.35,110.75,110.8,3100,121250
4252,2022-05-17 12:03:00+05:30,110.8,112.5,110.8,111.95,1200,123750
4253,2022-05-17 12:04:00+05:30,111.95,112.85,111.9,111.95,1050,123750
4254,2022-05-17 12:05:00+05:30,111.95,112.5,110.0,110.85,1550,123750
4255,2022-05-17 12:06:00+05:30,111.05,111.55,109.25,109.6,800,122350
4256,2022-05-17 12:07:00+05:30,109.6,109.6,108.15,109.35,1600,122350
4257,2022-05-17 12:08:00+05:30,109.35,109.35,108.55,108.75,150,122350
4258,2022-05-17 12:09:00+05:30,108.75,108.75,108.75,108.75,0,122350
4259,2022-05-17 12:10:00+05:30,108.75,112.15,108.75,112.15,1100,121150
4260,2022-05-17 12:11:00+05:30,112.15,112.15,111.1,111.1,2200,121150
4261,2022-05-17 12:12:00+05:30,111.1,112.25,111.1,111.95,350,118800
4262,2022-05-17 12:13:00+05:30,111.95,111.95,111.6,111.6,50,118800
4263,2022-05-17 12:14:00+05:30,111.65,112.45,111.4,112.3,900,118800
4264,2022-05-17 12:15:00+05:30,112.3,112.55,112.05,112.05,200,118850
4265,2022-05-17 12:16:00+05:30,112.05,113.1,110.5,110.5,300,118850
4266,2022-05-17 12:17:00+05:30,110.5,112.9,110.5,111.45,300,118850
4267,2022-05-17 12:18:00+05:30,111.45,111.45,108.0,108.0,100,118850
4268,2022-05-17 12:19:00+05:30,108.0,109.5,108.0,109.5,150,118850
4269,2022-05-17 12:20:00+05:30,109.5,109.5,108.0,108.0,300,118850
4270,2022-05-17 12:21:00+05:30,108.0,108.0,108.0,108.0,0,118850
4271,2022-05-17 12:22:00+05:30,108.0,109.05,108.0,109.05,50,118900
4272,2022-05-17 12:23:00+05:30,109.05,109.05,109.05,109.05,0,118900
4273,2022-05-17 12:24:00+05:30,109.05,109.25,109.05,109.25,100,118900
4274,2022-05-17 12:25:00+05:30,109.25,109.25,108.65,108.65,150,118900
4275,2022-05-17 12:26:00+05:30,108.65,109.0,108.65,109.0,200,118900
4276,2022-05-17 12:27:00+05:30,109.0,109.0,109.0,109.0,0,118900
4277,2022-05-17 12:28:00+05:30,106.25,109.8,106.25,108.65,800,118950
4278,2022-05-17 12:29:00+05:30,108.65,108.95,108.0,108.0,550,118950
4279,2022-05-17 12:30:00+05:30,108.0,108.1,108.0,108.1,50,118800
4280,2022-05-17 12:31:00+05:30,108.1,108.4,108.1,108.35,150,118800
4281,2022-05-17 12:32:00+05:30,108.35,108.35,108.15,108.15,100,118800
4282,2022-05-17 12:33:00+05:30,108.15,108.3,107.55,107.65,200,118600
4283,2022-05-17 12:34:00+05:30,107.65,107.65,104.75,105.15,950,118600
4284,2022-05-17 12:35:00+05:30,105.15,105.45,105.0,105.0,200,118600
4285,2022-05-17 12:36:00+05:30,105.0,105.95,105.0,105.4,450,118150
4286,2022-05-17 12:37:00+05:30,105.4,106.4,105.4,105.95,300,118150
4287,2022-05-17 12:38:00+05:30,105.95,105.95,104.8,104.8,50,118150
4288,2022-05-17 12:39:00+05:30,104.8,104.8,104.8,104.8,0,118150
4289,2022-05-17 12:40:00+05:30,104.8,107.5,104.8,107.5,200,118150
4290,2022-05-17 12:41:00+05:30,107.5,109.65,107.5,109.65,50,118150
4291,2022-05-17 12:42:00+05:30,109.65,109.65,109.15,109.15,250,118300
4292,2022-05-17 12:43:00+05:30,109.15,109.15,109.0,109.0,550,118300
4293,2022-05-17 12:44:00+05:30,109.0,109.0,108.1,108.1,100,118300
4294,2022-05-17 12:45:00+05:30,108.1,108.7,108.1,108.7,150,118350
4295,2022-05-17 12:46:00+05:30,108.7,108.7,107.5,107.5,50,118350
4296,2022-05-17 12:47:00+05:30,107.5,107.5,105.0,105.0,250,118350
4297,2022-05-17 12:48:00+05:30,105.0,105.0,102.45,102.45,700,118550
4298,2022-05-17 12:49:00+05:30,102.45,102.75,100.65,100.65,350,118550
4299,2022-05-17 12:50:00+05:30,100.65,101.9,100.65,101.9,100,118550
4300,2022-05-17 12:51:00+05:30,102.3,102.4,101.1,102.2,1650,118800
4301,2022-05-17 12:52:00+05:30,102.2,103.4,100.8,100.8,1050,118800
4302,2022-05-17 12:53:00+05:30,100.75,101.75,99.6,100.4,3550,118800
4303,2022-05-17 12:54:00+05:30,100.4,101.05,100.25,101.0,1400,122150
4304,2022-05-17 12:55:00+05:30,101.0,102.4,101.0,101.0,450,122150
4305,2022-05-17 12:56:00+05:30,101.0,102.5,100.55,102.5,700,122150
4306,2022-05-17 12:57:00+05:30,102.5,103.85,102.5,102.75,550,122450
4307,2022-05-17 12:58:00+05:30,102.75,105.2,102.75,104.4,450,122450
4308,2022-05-17 12:59:00+05:30,104.4,104.55,103.75,104.2,450,122450
4309,2022-05-17 13:00:00+05:30,104.2,104.2,102.45,102.45,200,122650
4310,2022-05-17 13:01:00+05:30,102.45,102.65,102.0,102.35,550,122650
4311,2022-05-17 13:02:00+05:30,102.35,102.35,100.9,101.3,500,122650
4312,2022-05-17 13:03:00+05:30,101.3,101.3,99.65,99.9,300,122300
4313,2022-05-17 13:04:00+05:30,99.9,102.45,99.9,102.45,300,122300
4314,2022-05-17 13:05:00+05:30,102.45,103.5,102.45,103.5,1150,122300
4315,2022-05-17 13:06:00+05:30,103.5,103.5,101.2,101.55,200,122350
4316,2022-05-17 13:07:00+05:30,101.55,103.3,101.55,103.3,200,122350
4317,2022-05-17 13:08:00+05:30,103.3,103.8,102.95,103.2,300,122350
4318,2022-05-17 13:09:00+05:30,103.2,103.2,102.05,102.05,950,122350
4319,2022-05-17 13:10:00+05:30,102.0,102.25,100.35,102.25,1200,122350
4320,2022-05-17 13:11:00+05:30,102.25,102.35,102.15,102.35,100,122350
4321,2022-05-17 13:12:00+05:30,102.35,104.5,102.35,104.3,100,122450
4322,2022-05-17 13:13:00+05:30,104.3,104.3,101.45,101.8,1300,122450
4323,2022-05-17 13:14:00+05:30,101.8,102.2,98.3,98.3,1600,122450
4324,2022-05-17 13:15:00+05:30,98.0,100.0,97.9,98.1,2200,122350
4325,2022-05-17 13:16:00+05:30,98.1,98.25,96.0,98.25,400,122350
4326,2022-05-17 13:17:00+05:30,98.25,99.2,98.2,99.0,650,122350
4327,2022-05-17 13:18:00+05:30,99.0,101.35,99.0,101.35,450,122800
4328,2022-05-17 13:19:00+05:30,101.35,101.35,99.2,99.85,350,122800
4329,2022-05-17 13:20:00+05:30,99.85,101.2,99.85,101.2,250,122800
4330,2022-05-17 13:21:00+05:30,101.2,102.7,101.2,102.45,400,123000
4331,2022-05-17 13:22:00+05:30,102.45,103.85,102.45,103.85,250,123000
4332,2022-05-17 13:23:00+05:30,103.85,103.85,102.55,103.3,2450,123000
4333,2022-05-17 13:24:00+05:30,103.3,104.35,103.3,104.35,600,124350
4334,2022-05-17 13:25:00+05:30,104.35,105.3,104.2,105.0,3600,124350
4335,2022-05-17 13:26:00+05:30,105.0,107.75,105.0,107.25,700,124350
4336,2022-05-17 13:27:00+05:30,107.25,107.85,105.0,105.3,750,125300
4337,2022-05-17 13:28:00+05:30,105.3,105.3,104.15,104.25,150,125300
4338,2022-05-17 13:29:00+05:30,104.25,104.25,103.2,104.05,300,125300
4339,2022-05-17 13:30:00+05:30,104.05,104.35,102.3,103.3,700,125050
4340,2022-05-17 13:31:00+05:30,103.3,103.8,103.1,103.3,650,125050
4341,2022-05-17 13:32:00+05:30,103.3,103.3,103.05,103.2,250,125050
4342,2022-05-17 13:33:00+05:30,103.2,103.2,100.9,101.95,1150,125350
4343,2022-05-17 13:34:00+05:30,101.95,101.95,100.35,100.35,50,125350
4344,2022-05-17 13:35:00+05:30,100.35,100.75,99.5,100.75,400,125350
4345,2022-05-17 13:36:00+05:30,100.75,100.75,97.9,98.1,950,124200
4346,2022-05-17 13:37:00+05:30,98.1,98.6,98.1,98.6,200,124200
4347,2022-05-17 13:38:00+05:30,98.6,98.95,98.0,98.0,150,124200
4348,2022-05-17 13:39:00+05:30,98.0,99.0,98.0,98.5,300,124300
4349,2022-05-17 13:40:00+05:30,98.5,98.5,98.5,98.5,50,124300
4350,2022-05-17 13:41:00+05:30,98.5,99.3,98.5,98.9,300,124300
4351,2022-05-17 13:42:00+05:30,98.9,100.15,98.9,99.6,450,124400
4352,2022-05-17 13:43:00+05:30,99.6,101.3,99.6,101.0,450,124400
4353,2022-05-17 13:44:00+05:30,101.0,101.0,100.95,100.95,100,124400
4354,2022-05-17 13:45:00+05:30,100.95,100.95,100.15,100.15,50,124250
4355,2022-05-17 13:46:00+05:30,100.15,100.15,99.65,99.65,250,124250
4356,2022-05-17 13:47:00+05:30,99.65,102.55,99.65,101.95,150,124250
4357,2022-05-17 13:48:00+05:30,101.95,101.95,101.95,101.95,0,124250
4358,2022-05-17 13:49:00+05:30,101.95,102.45,101.3,101.3,150,124250
4359,2022-05-17 13:50:00+05:30,101.3,103.8,101.3,103.15,250,124250
4360,2022-05-17 13:51:00+05:30,103.15,103.15,102.05,102.05,150,124000
4361,2022-05-17 13:52:00+05:30,102.05,102.3,101.9,101.9,150,124000
4362,2022-05-17 13:53:00+05:30,101.9,102.0,100.0,100.0,300,124000
4363,2022-05-17 13:54:00+05:30,100.0,100.8,99.25,100.8,150,124100
4364,2022-05-17 13:55:00+05:30,100.8,102.35,100.8,101.7,100,124100
4365,2022-05-17 13:56:00+05:30,101.7,101.7,101.7,101.7,0,124100
4366,2022-05-17 13:57:00+05:30,101.7,101.7,99.25,99.45,850,124000
4367,2022-05-17 13:58:00+05:30,99.45,99.45,93.1,94.55,3900,124000
4368,2022-05-17 13:59:00+05:30,94.65,95.15,93.7,93.7,600,124000
4369,2022-05-17 14:00:00+05:30,93.7,94.9,92.0,92.15,1150,125200
4370,2022-05-17 14:01:00+05:30,92.15,92.35,90.0,91.15,3450,125200
4371,2022-05-17 14:02:00+05:30,91.15,92.75,91.15,91.75,550,125200
4372,2022-05-17 14:03:00+05:30,91.75,91.75,91.75,91.75,0,125200
4373,2022-05-17 14:04:00+05:30,91.75,91.9,90.45,91.25,600,123400
4374,2022-05-17 14:05:00+05:30,90.85,91.75,90.35,91.75,750,123400
4375,2022-05-17 14:06:00+05:30,91.75,92.0,90.7,90.7,600,123350
4376,2022-05-17 14:07:00+05:30,90.7,90.7,90.0,90.0,1050,123350
4377,2022-05-17 14:08:00+05:30,90.0,90.25,89.0,89.0,1300,123350
4378,2022-05-17 14:09:00+05:30,89.0,89.0,86.95,88.6,1600,124550
4379,2022-05-17 14:10:00+05:30,88.6,89.7,88.6,89.7,2950,124550
4380,2022-05-17 14:11:00+05:30,89.55,91.0,89.55,91.0,350,124550
4381,2022-05-17 14:12:00+05:30,91.0,91.6,90.4,91.6,300,123000
4382,2022-05-17 14:13:00+05:30,91.6,91.6,89.25,89.25,850,123000
4383,2022-05-17 14:14:00+05:30,89.25,89.25,85.8,86.3,1900,123000
4384,2022-05-17 14:15:00+05:30,86.3,88.2,85.8,88.2,3700,123600
4385,2022-05-17 14:16:00+05:30,88.2,88.4,86.8,87.8,2200,123600
4386,2022-05-17 14:17:00+05:30,87.8,88.6,87.8,88.55,750,123600
4387,2022-05-17 14:18:00+05:30,88.55,88.55,87.6,88.5,2250,125300
4388,2022-05-17 14:19:00+05:30,88.5,88.5,87.4,87.6,1750,125300
4389,2022-05-17 14:20:00+05:30,87.55,90.9,87.55,90.35,3000,125300
4390,2022-05-17 14:21:00+05:30,90.35,90.45,89.0,90.05,1050,128550
4391,2022-05-17 14:22:00+05:30,90.05,90.05,88.0,88.35,1350,128550
4392,2022-05-17 14:23:00+05:30,88.35,88.9,87.55,87.6,1250,128550
4393,2022-05-17 14:24:00+05:30,87.6,87.6,83.25,83.55,8400,131350
4394,2022-05-17 14:25:00+05:30,83.65,84.9,83.55,84.6,7250,131350
4395,2022-05-17 14:26:00+05:30,84.6,84.6,83.0,84.6,2650,131350
4396,2022-05-17 14:27:00+05:30,84.55,86.65,84.55,85.9,2100,129750
4397,2022-05-17 14:28:00+05:30,85.9,86.8,85.25,85.45,2100,129750
4398,2022-05-17 14:29:00+05:30,85.15,86.45,85.0,85.15,4550,129750
4399,2022-05-17 14:30:00+05:30,85.15,86.85,85.15,86.25,650,133200
4400,2022-05-17 14:31:00+05:30,86.25,87.95,86.25,87.75,1800,133200
4401,2022-05-17 14:32:00+05:30,87.75,88.0,87.3,87.3,850,133200
4402,2022-05-17 14:33:00+05:30,87.3,87.3,85.75,85.75,1650,134200
4403,2022-05-17 14:34:00+05:30,85.75,86.3,83.65,83.8,2850,134200
4404,2022-05-17 14:35:00+05:30,83.8,84.4,83.8,84.15,250,134200
4405,2022-05-17 14:36:00+05:30,84.15,84.15,82.55,83.7,1350,133950
4406,2022-05-17 14:37:00+05:30,83.7,85.25,83.7,85.25,400,133950
4407,2022-05-17 14:38:00+05:30,85.25,86.35,85.25,85.7,400,133950
4408,2022-05-17 14:39:00+05:30,85.7,87.25,85.6,87.25,1250,135100
4409,2022-05-17 14:40:00+05:30,87.25,91.25,87.25,88.35,3000,135100
4410,2022-05-17 14:41:00+05:30,88.35,88.35,85.6,85.6,800,135100
4411,2022-05-17 14:42:00+05:30,85.6,85.95,81.8,81.8,1550,137500
4412,2022-05-17 14:43:00+05:30,81.8,81.8,78.6,78.75,3900,137500
4413,2022-05-17 14:44:00+05:30,78.75,80.65,78.75,80.65,6300,137500
4414,2022-05-17 14:45:00+05:30,80.6,81.4,79.65,80.9,5800,136300
4415,2022-05-17 14:46:00+05:30,80.9,81.15,80.5,80.7,3650,136300
4416,2022-05-17 14:47:00+05:30,80.7,81.2,79.1,79.1,1500,136300
4417,2022-05-17 14:48:00+05:30,78.5,79.25,77.35,78.1,6950,139550
4418,2022-05-17 14:49:00+05:30,78.1,78.65,77.0,77.0,3500,139550
4419,2022-05-17 14:50:00+05:30,77.0,77.2,75.75,76.15,2500,139550
4420,2022-05-17 14:51:00+05:30,76.15,77.6,76.15,76.6,9850,144250
4421,2022-05-17 14:52:00+05:30,76.95,78.45,76.95,77.6,4450,144250
4422,2022-05-17 14:53:00+05:30,77.6,77.6,76.0,76.15,8100,144250
4423,2022-05-17 14:54:00+05:30,76.15,76.7,75.2,75.2,900,142700
4424,2022-05-17 14:55:00+05:30,75.2,75.9,72.7,72.95,3400,142700
4425,2022-05-17 14:56:00+05:30,73.0,75.0,72.9,74.2,9700,142700
4426,2022-05-17 14:57:00+05:30,74.2,75.0,73.3,73.5,4700,142150
4427,2022-05-17 14:58:00+05:30,73.5,74.0,73.4,73.55,3700,142150
4428,2022-05-17 14:59:00+05:30,73.55,73.55,72.3,72.5,9000,142150
4429,2022-05-17 15:00:00+05:30,72.3,73.5,68.35,68.45,5200,140650
4430,2022-05-17 15:01:00+05:30,68.85,69.6,68.45,68.95,10850,140650
4431,2022-05-17 15:02:00+05:30,69.2,71.0,68.95,70.75,6850,140650
4432,2022-05-17 15:03:00+05:30,70.75,70.75,68.9,69.45,6050,141450
4433,2022-05-17 15:04:00+05:30,69.45,70.15,69.15,69.3,3000,141450
4434,2022-05-17 15:05:00+05:30,69.3,70.15,69.0,70.15,13650,141450
4435,2022-05-17 15:06:00+05:30,70.1,70.25,68.95,69.6,3700,140650
4436,2022-05-17 15:07:00+05:30,69.6,70.35,68.85,69.9,7950,140650
4437,2022-05-17 15:08:00+05:30,69.9,70.4,69.5,70.1,11100,140650
4438,2022-05-17 15:09:00+05:30,70.15,72.25,70.15,72.25,3400,131400
4439,2022-05-17 15:10:00+05:30,72.25,72.9,70.0,70.05,4400,131400
4440,2022-05-17 15:11:00+05:30,70.05,71.7,69.3,69.3,1100,131400
4441,2022-05-17 15:12:00+05:30,69.3,70.1,68.35,70.1,4100,132850
4442,2022-05-17 15:13:00+05:30,70.1,70.95,69.65,69.65,5000,132850
4443,2022-05-17 15:14:00+05:30,69.65,70.05,67.9,69.55,1950,132850
4444,2022-05-17 15:15:00+05:30,69.55,70.05,66.0,66.05,2650,132600
4445,2022-05-17 15:16:00+05:30,66.0,67.25,66.0,67.0,3250,132600
4446,2022-05-17 15:17:00+05:30,67.0,67.0,65.5,65.5,4750,132600
4447,2022-05-17 15:18:00+05:30,65.5,65.8,63.2,63.2,1500,129050
4448,2022-05-17 15:19:00+05:30,63.2,63.6,62.85,62.85,1750,129050
4449,2022-05-17 15:20:00+05:30,62.85,63.05,61.65,62.25,4150,129050
4450,2022-05-17 15:21:00+05:30,62.25,63.0,62.25,63.0,1250,128500
4451,2022-05-17 15:22:00+05:30,63.0,64.3,63.0,64.3,1600,128500
4452,2022-05-17 15:23:00+05:30,64.3,64.3,63.75,63.85,2200,128500
4453,2022-05-17 15:24:00+05:30,64.1,64.15,63.0,63.0,6050,130400
4454,2022-05-17 15:25:00+05:30,63.35,64.15,63.35,64.0,2800,130400
4455,2022-05-17 15:26:00+05:30,64.0,64.6,63.35,63.55,2800,130400
4456,2022-05-17 15:27:00+05:30,63.55,63.8,63.3,63.6,3050,128650
4457,2022-05-17 15:28:00+05:30,63.6,63.6,62.55,62.7,3300,128650
4458,2022-05-17 15:29:00+05:30,62.25,63.7,61.75,62.0,5550,128650
4459,2022-05-18 09:15:00+05:30,62.05,63.1,52.7,54.75,8850,120000
4460,2022-05-18 09:16:00+05:30,54.95,55.3,52.35,55.2,5150,120000
4461,2022-05-18 09:17:00+05:30,55.1,55.15,52.1,52.4,3650,121600
4462,2022-05-18 09:18:00+05:30,52.4,53.35,51.65,52.8,3100,121600
4463,2022-05-18 09:19:00+05:30,52.45,52.45,51.2,51.2,2150,121600
4464,2022-05-18 09:20:00+05:30,51.0,52.45,50.0,52.45,4450,122000
4465,2022-05-18 09:21:00+05:30,52.45,53.6,52.45,53.55,2300,122000
4466,2022-05-18 09:22:00+05:30,53.55,53.85,52.0,52.6,1450,122000
4467,2022-05-18 09:23:00+05:30,51.85,52.6,49.6,49.6,2050,121700
4468,2022-05-18 09:24:00+05:30,49.6,50.7,49.6,50.3,4850,121700
4469,2022-05-18 09:25:00+05:30,50.3,51.1,50.0,50.85,2700,121700
4470,2022-05-18 09:26:00+05:30,50.85,50.85,48.55,48.95,3000,120250
4471,2022-05-18 09:27:00+05:30,48.95,50.5,48.95,50.5,5050,120250
4472,2022-05-18 09:28:00+05:30,50.75,51.2,50.5,51.1,2000,120250
4473,2022-05-18 09:29:00+05:30,51.25,51.3,49.95,50.45,5050,113600
4474,2022-05-18 09:30:00+05:30,50.45,50.95,50.2,50.7,4450,113600
4475,2022-05-18 09:31:00+05:30,50.7,52.05,50.7,51.85,7050,113600
4476,2022-05-18 09:32:00+05:30,51.85,53.5,51.85,52.35,2350,110550
4477,2022-05-18 09:33:00+05:30,52.35,52.5,51.2,51.2,400,110550
4478,2022-05-18 09:34:00+05:30,51.2,54.45,51.2,54.45,5200,110550
4479,2022-05-18 09:35:00+05:30,54.9,56.5,54.45,54.7,3600,112800
4480,2022-05-18 09:36:00+05:30,54.7,57.1,54.7,56.9,600,112800
4481,2022-05-18 09:37:00+05:30,56.9,56.9,54.9,54.9,1900,112800
4482,2022-05-18 09:38:00+05:30,54.9,54.9,53.65,53.65,1150,111950
4483,2022-05-18 09:39:00+05:30,53.8,54.05,53.15,54.05,700,111950
4484,2022-05-18 09:40:00+05:30,53.6,54.25,52.05,52.1,1450,111950
4485,2022-05-18 09:41:00+05:30,52.05,52.35,51.2,51.5,2350,112800
4486,2022-05-18 09:42:00+05:30,51.5,51.5,48.55,48.65,1750,112800
4487,2022-05-18 09:43:00+05:30,48.65,49.4,48.1,48.2,3900,112800
4488,2022-05-18 09:44:00+05:30,48.5,48.5,46.5,46.95,3100,112100
4489,2022-05-18 09:45:00+05:30,46.95,46.95,45.75,46.5,2050,112100
4490,2022-05-18 09:46:00+05:30,46.5,46.6,45.85,45.85,1050,112100
4491,2022-05-18 09:47:00+05:30,45.85,46.7,45.85,46.3,200,112100
4492,2022-05-18 09:48:00+05:30,46.3,46.85,46.3,46.5,550,112300
4493,2022-05-18 09:49:00+05:30,46.3,46.3,44.25,44.25,1650,112300
4494,2022-05-18 09:50:00+05:30,44.4,45.3,44.4,44.95,1800,111600
4495,2022-05-18 09:51:00+05:30,44.95,45.3,44.95,45.15,1950,111600
4496,2022-05-18 09:52:00+05:30,45.15,45.15,44.1,44.1,300,111600
4497,2022-05-18 09:53:00+05:30,44.1,45.2,44.05,44.9,1850,111650
4498,2022-05-18 09:54:00+05:30,44.15,44.6,44.0,44.6,950,111650
4499,2022-05-18 09:55:00+05:30,44.6,46.2,44.6,45.2,250,111650
4500,2022-05-18 09:56:00+05:30,45.2,46.55,45.2,46.35,1350,110400
4501,2022-05-18 09:57:00+05:30,46.35,46.75,45.85,45.85,1800,110400
4502,2022-05-18 09:58:00+05:30,45.85,46.85,45.85,46.55,1750,110400
4503,2022-05-18 09:59:00+05:30,46.55,47.05,46.15,46.9,3800,111050
4504,2022-05-18 10:00:00+05:30,46.95,47.4,46.7,46.85,4300,111050
4505,2022-05-18 10:01:00+05:30,46.85,48.25,46.85,47.85,1700,111050
4506,2022-05-18 10:02:00+05:30,47.85,48.15,47.85,48.15,100,112700
4507,2022-05-18 10:03:00+05:30,48.15,48.9,47.2,48.85,700,112700
4508,2022-05-18 10:04:00+05:30,48.85,50.0,48.85,49.4,500,112700
4509,2022-05-18 10:05:00+05:30,50.0,51.8,49.5,51.45,3300,113400
4510,2022-05-18 10:06:00+05:30,52.0,52.75,51.05,52.05,1150,113400
4511,2022-05-18 10:07:00+05:30,52.05,53.1,52.05,53.1,1100,113400
4512,2022-05-18 10:08:00+05:30,53.65,53.8,51.8,52.95,1600,113600
4513,2022-05-18 10:09:00+05:30,53.1,54.5,52.8,54.15,700,113600
4514,2022-05-18 10:10:00+05:30,54.15,54.15,49.15,49.95,1950,113600
4515,2022-05-18 10:11:00+05:30,49.95,51.65,49.4,51.65,2200,113050
4516,2022-05-18 10:12:00+05:30,52.0,53.6,50.95,51.1,2050,113050
4517,2022-05-18 10:13:00+05:30,51.1,52.8,51.1,51.75,1850,113050
4518,2022-05-18 10:14:00+05:30,51.75,51.8,51.5,51.65,1350,113000
4519,2022-05-18 10:15:00+05:30,51.65,53.8,51.35,53.45,1450,113000
4520,2022-05-18 10:16:00+05:30,53.45,55.45,53.45,55.45,1200,113000
4521,2022-05-18 10:17:00+05:30,55.8,56.05,54.9,55.0,2600,112200
4522,2022-05-18 10:18:00+05:30,54.65,54.7,53.4,53.65,1000,112200
4523,2022-05-18 10:19:00+05:30,53.65,53.65,51.85,53.6,600,112200
4524,2022-05-18 10:20:00+05:30,53.6,53.6,53.3,53.3,350,112200
4525,2022-05-18 10:21:00+05:30,53.3,53.3,50.1,53.15,2450,112100
4526,2022-05-18 10:22:00+05:30,53.15,55.5,52.75,53.4,1600,112100
4527,2022-05-18 10:23:00+05:30,53.35,53.85,52.45,52.95,550,112500
4528,2022-05-18 10:24:00+05:30,53.05,53.05,52.95,53.0,250,112500
4529,2022-05-18 10:25:00+05:30,53.0,53.25,52.7,53.25,1900,112500
4530,2022-05-18 10:26:00+05:30,53.25,53.25,50.9,50.9,1000,111850
4531,2022-05-18 10:27:00+05:30,50.9,50.95,50.2,50.2,600,111850
4532,2022-05-18 10:28:00+05:30,50.0,51.05,49.45,49.45,4350,111850
4533,2022-05-18 10:29:00+05:30,49.45,49.8,49.0,49.6,1150,112050
4534,2022-05-18 10:30:00+05:30,49.6,51.1,49.6,50.9,900,112050
4535,2022-05-18 10:31:00+05:30,50.9,50.9,49.85,49.85,500,112050
4536,2022-05-18 10:32:00+05:30,49.85,50.3,49.65,50.2,900,112200
4537,2022-05-18 10:33:00+05:30,50.2,50.2,47.4,47.8,1150,112200
4538,2022-05-18 10:34:00+05:30,47.8,47.9,45.55,45.55,800,112200
4539,2022-05-18 10:35:00+05:30,45.55,45.7,43.15,43.6,2700,112150
4540,2022-05-18 10:36:00+05:30,43.6,44.4,43.25,44.4,700,112150
4541,2022-05-18 10:37:00+05:30,44.4,44.4,43.9,43.9,250,112150
4542,2022-05-18 10:38:00+05:30,43.9,45.15,43.9,45.15,400,112150
4543,2022-05-18 10:39:00+05:30,45.15,45.95,44.3,45.4,500,112400
4544,2022-05-18 10:40:00+05:30,45.4,45.4,44.95,44.95,250,112400
4545,2022-05-18 10:41:00+05:30,44.95,45.85,44.95,45.2,1900,112700
4546,2022-05-18 10:42:00+05:30,45.2,45.5,44.7,45.5,550,112700
4547,2022-05-18 10:43:00+05:30,45.5,45.55,44.3,45.05,1000,112700
4548,2022-05-18 10:44:00+05:30,44.85,45.35,44.6,45.35,700,112700
4549,2022-05-18 10:45:00+05:30,45.35,46.9,45.35,46.9,550,113600
4550,2022-05-18 10:46:00+05:30,47.0,47.7,46.3,47.65,600,113600
4551,2022-05-18 10:47:00+05:30,47.65,47.65,46.6,46.85,300,113600
4552,2022-05-18 10:48:00+05:30,46.85,46.85,46.45,46.8,900,114400
4553,2022-05-18 10:49:00+05:30,46.8,46.8,45.8,45.8,700,114400
4554,2022-05-18 10:50:00+05:30,45.8,45.95,45.35,45.95,400,114200
4555,2022-05-18 10:51:00+05:30,45.95,46.9,45.75,46.9,450,114200
4556,2022-05-18 10:52:00+05:30,46.9,47.65,46.6,46.9,750,114200
4557,2022-05-18 10:53:00+05:30,46.9,47.05,46.05,47.05,150,114250
4558,2022-05-18 10:54:00+05:30,47.05,47.9,47.05,47.15,200,114250
4559,2022-05-18 10:55:00+05:30,47.15,47.15,46.4,46.75,450,114250
4560,2022-05-18 10:56:00+05:30,46.75,48.45,46.75,48.2,250,114250
4561,2022-05-18 10:57:00+05:30,48.2,48.8,48.1,48.55,3050,114350
4562,2022-05-18 10:58:00+05:30,48.55,48.65,47.75,47.75,850,114350
4563,2022-05-18 10:59:00+05:30,47.75,48.15,47.75,48.05,150,114350
4564,2022-05-18 11:00:00+05:30,48.05,48.1,47.35,47.85,200,115750
4565,2022-05-18 11:01:00+05:30,47.85,47.85,46.35,46.4,300,115750
4566,2022-05-18 11:02:00+05:30,46.4,47.8,46.4,47.8,700,115750
4567,2022-05-18 11:03:00+05:30,48.45,48.5,47.65,47.65,250,115350
4568,2022-05-18 11:04:00+05:30,47.65,47.65,46.7,46.7,700,115350
4569,2022-05-18 11:05:00+05:30,46.7,47.7,46.7,47.25,700,115350
4570,2022-05-18 11:06:00+05:30,47.25,47.25,47.25,47.25,0,115350
4571,2022-05-18 11:07:00+05:30,47.25,48.45,47.2,47.75,150,115500
4572,2022-05-18 11:08:00+05:30,47.75,48.45,47.75,47.75,400,115500
4573,2022-05-18 11:09:00+05:30,47.75,49.65,47.75,49.65,350,115550
4574,2022-05-18 11:10:00+05:30,49.65,50.0,49.55,49.7,900,115550
4575,2022-05-18 11:11:00+05:30,49.7,50.35,49.5,49.95,1200,115550
4576,2022-05-18 11:12:00+05:30,49.95,51.65,49.95,51.65,150,115350
4577,2022-05-18 11:13:00+05:30,51.65,51.65,47.55,48.6,900,115350
4578,2022-05-18 11:14:00+05:30,48.6,49.45,48.15,48.15,200,115350
4579,2022-05-18 11:15:00+05:30,48.15,49.95,48.15,49.05,850,115150
4580,2022-05-18 11:16:00+05:30,49.05,49.05,48.75,48.8,650,115150
4581,2022-05-18 11:17:00+05:30,48.8,48.8,48.2,48.2,100,115150
4582,2022-05-18 11:18:00+05:30,48.2,49.5,48.2,49.5,200,115000
4583,2022-05-18 11:19:00+05:30,49.5,49.5,48.35,48.35,450,115000
4584,2022-05-18 11:20:00+05:30,48.35,48.35,47.9,47.9,450,115000
4585,2022-05-18 11:21:00+05:30,47.9,48.8,47.5,48.7,400,115150
4586,2022-05-18 11:22:00+05:30,48.8,48.9,48.8,48.9,250,115150
4587,2022-05-18 11:23:00+05:30,48.9,49.65,48.65,49.5,400,115150
4588,2022-05-18 11:24:00+05:30,49.5,49.5,47.95,47.95,550,115300
4589,2022-05-18 11:25:00+05:30,47.95,47.95,46.25,46.25,550,115300
4590,2022-05-18 11:26:00+05:30,46.25,46.25,44.05,44.9,1300,115300
4591,2022-05-18 11:27:00+05:30,44.9,46.3,44.9,46.0,550,115700
4592,2022-05-18 11:28:00+05:30,45.75,45.8,45.3,45.8,450,115700
4593,2022-05-18 11:29:00+05:30,45.8,45.8,44.1,45.3,600,115700
4594,2022-05-18 11:30:00+05:30,45.3,45.65,44.7,44.7,650,116250
4595,2022-05-18 11:31:00+05:30,44.95,44.95,44.05,44.3,600,116250
4596,2022-05-18 11:32:00+05:30,43.75,44.05,43.75,44.05,750,116250
4597,2022-05-18 11:33:00+05:30,44.05,44.35,43.8,44.35,800,117500
4598,2022-05-18 11:34:00+05:30,44.35,44.7,44.2,44.5,450,117500
4599,2022-05-18 11:35:00+05:30,44.5,44.95,44.0,44.85,200,117500
4600,2022-05-18 11:36:00+05:30,44.85,45.35,44.85,45.35,900,118050
4601,2022-05-18 11:37:00+05:30,45.35,45.9,45.1,45.9,1000,118050
4602,2022-05-18 11:38:00+05:30,46.05,46.6,45.95,46.6,1250,118050
4603,2022-05-18 11:39:00+05:30,46.6,46.6,45.35,45.7,400,118400
4604,2022-05-18 11:40:00+05:30,45.7,47.05,45.7,47.0,1500,118400
4605,2022-05-18 11:41:00+05:30,47.0,48.1,46.65,47.8,1400,118400
4606,2022-05-18 11:42:00+05:30,47.8,47.8,46.9,47.3,1600,118500
4607,2022-05-18 11:43:00+05:30,47.3,47.55,47.05,47.1,400,118500
4608,2022-05-18 11:44:00+05:30,47.1,47.2,46.15,46.3,1000,118500
4609,2022-05-18 11:45:00+05:30,46.3,46.3,44.85,45.8,800,120050
4610,2022-05-18 11:46:00+05:30,45.45,46.0,45.15,45.25,750,120050
4611,2022-05-18 11:47:00+05:30,45.25,46.5,45.25,46.1,900,120050
4612,2022-05-18 11:48:00+05:30,46.1,46.6,46.1,46.6,350,121500
4613,2022-05-18 11:49:00+05:30,46.6,47.15,46.6,47.15,100,121500
4614,2022-05-18 11:50:00+05:30,47.15,47.15,44.85,46.55,400,121500
4615,2022-05-18 11:51:00+05:30,46.55,48.2,46.55,47.0,2600,121700
4616,2022-05-18 11:52:00+05:30,47.0,47.0,46.85,47.0,350,121700
4617,2022-05-18 11:53:00+05:30,47.0,47.2,46.25,47.2,450,121700
4618,2022-05-18 11:54:00+05:30,47.2,47.2,46.55,46.55,1550,121900
4619,2022-05-18 11:55:00+05:30,46.55,46.55,44.95,45.5,2550,121900
4620,2022-05-18 11:56:00+05:30,45.5,46.05,45.5,45.8,200,121900
4621,2022-05-18 11:57:00+05:30,45.8,45.9,45.5,45.5,300,123000
4622,2022-05-18 11:58:00+05:30,45.5,45.5,45.5,45.5,0,123000
4623,2022-05-18 11:59:00+05:30,45.5,45.7,44.95,45.7,750,123000
4624,2022-05-18 12:00:00+05:30,45.7,46.8,45.7,46.8,100,123150
4625,2022-05-18 12:01:00+05:30,46.8,46.8,44.95,45.5,2200,123150
4626,2022-05-18 12:02:00+05:30,45.9,45.9,45.5,45.8,450,123150
4627,2022-05-18 12:03:00+05:30,45.8,45.8,45.7,45.7,100,123000
4628,2022-05-18 12:04:00+05:30,45.7,46.8,45.5,46.8,400,123000
4629,2022-05-18 12:05:00+05:30,46.8,47.3,45.95,47.3,200,123000
4630,2022-05-18 12:06:00+05:30,47.3,47.55,46.75,47.15,700,123150
4631,2022-05-18 12:07:00+05:30,47.15,47.15,46.85,46.85,250,123150
4632,2022-05-18 12:08:00+05:30,46.85,46.85,45.65,45.8,950,123150
4633,2022-05-18 12:09:00+05:30,45.8,45.8,45.0,45.8,400,124150
4634,2022-05-18 12:10:00+05:30,45.8,46.9,45.8,46.9,450,124150
4635,2022-05-18 12:11:00+05:30,46.9,47.0,46.3,46.3,200,124150
4636,2022-05-18 12:12:00+05:30,46.3,46.3,45.6,46.2,450,124900
4637,2022-05-18 12:13:00+05:30,46.2,46.85,46.0,46.85,150,124900
4638,2022-05-18 12:14:00+05:30,46.85,48.9,46.85,47.75,2300,124900
4639,2022-05-18 12:15:00+05:30,47.75,50.3,47.75,49.7,2600,125350
4640,2022-05-18 12:16:00+05:30,49.7,51.15,49.2,49.2,400,125350
4641,2022-05-18 12:17:00+05:30,49.2,51.05,49.2,51.05,400,125350
4642,2022-05-18 12:18:00+05:30,50.55,52.1,50.4,50.4,2750,126000
4643,2022-05-18 12:19:00+05:30,50.4,53.0,50.4,53.0,400,126000
4644,2022-05-18 12:20:00+05:30,53.0,57.0,53.0,56.65,5450,126000
4645,2022-05-18 12:21:00+05:30,56.85,57.0,55.35,55.7,5900,127450
4646,2022-05-18 12:22:00+05:30,55.7,57.75,55.65,57.75,1400,127450
4647,2022-05-18 12:23:00+05:30,57.75,60.5,57.7,60.5,2000,127450
4648,2022-05-18 12:24:00+05:30,60.7,62.75,60.5,62.65,2150,129000
4649,2022-05-18 12:25:00+05:30,62.65,63.0,60.7,61.35,1700,129000
4650,2022-05-18 12:26:00+05:30,61.35,64.3,61.35,63.9,750,129000
4651,2022-05-18 12:27:00+05:30,63.9,66.1,63.9,66.1,1150,130100
4652,2022-05-18 12:28:00+05:30,66.1,66.1,59.9,60.15,900,130100
4653,2022-05-18 12:29:00+05:30,60.6,64.35,58.0,64.35,1150,130100
4654,2022-05-18 12:30:00+05:30,64.35,64.35,58.85,59.2,1350,130250
4655,2022-05-18 12:31:00+05:30,59.2,61.0,59.2,61.0,1250,130250
4656,2022-05-18 12:32:00+05:30,61.0,63.0,61.0,62.0,1050,130250
4657,2022-05-18 12:33:00+05:30,62.0,68.0,62.0,67.5,2650,128550
4658,2022-05-18 12:34:00+05:30,67.5,71.15,67.2,70.55,5750,128550
4659,2022-05-18 12:35:00+05:30,70.55,75.8,69.3,75.8,4600,128550
4660,2022-05-18 12:36:00+05:30,75.8,76.65,73.0,73.2,4550,131500
4661,2022-05-18 12:37:00+05:30,72.7,73.45,69.1,69.1,3100,131500
4662,2022-05-18 12:38:00+05:30,69.1,73.9,69.1,72.35,4550,131500
4663,2022-05-18 12:39:00+05:30,72.35,72.35,68.1,68.2,2900,135600
4664,2022-05-18 12:40:00+05:30,68.2,71.95,68.0,71.65,5150,135600
4665,2022-05-18 12:41:00+05:30,71.65,73.25,70.95,71.65,900,135600
4666,2022-05-18 12:42:00+05:30,71.65,75.95,71.65,75.9,2150,133550
4667,2022-05-18 12:43:00+05:30,76.0,77.3,74.9,75.8,3050,133550
4668,2022-05-18 12:44:00+05:30,75.8,76.4,75.0,76.05,3100,133550
4669,2022-05-18 12:45:00+05:30,76.75,76.95,75.35,76.65,5300,132550
4670,2022-05-18 12:46:00+05:30,76.65,77.65,76.05,77.65,900,132550
4671,2022-05-18 12:47:00+05:30,77.65,79.4,77.0,77.75,3000,132550
4672,2022-05-18 12:48:00+05:30,77.75,78.85,76.0,76.5,2200,132650
4673,2022-05-18 12:49:00+05:30,76.5,77.0,72.8,73.9,2650,132650
4674,2022-05-18 12:50:00+05:30,73.9,73.9,68.5,70.6,2550,132650
4675,2022-05-18 12:51:00+05:30,70.6,70.6,69.4,69.6,2550,133100
4676,2022-05-18 12:52:00+05:30,69.0,69.6,65.2,65.2,3300,133100
4677,2022-05-18 12:53:00+05:30,65.2,67.7,65.2,67.1,300,133100
4678,2022-05-18 12:54:00+05:30,67.1,68.85,67.1,67.6,700,127750
4679,2022-05-18 12:55:00+05:30,67.3,68.05,66.5,67.65,800,127750
4680,2022-05-18 12:56:00+05:30,67.65,68.25,65.2,65.2,1800,127750
4681,2022-05-18 12:57:00+05:30,66.25,66.9,65.4,65.55,400,127750
4682,2022-05-18 12:58:00+05:30,65.55,65.55,63.95,64.0,1800,127750
4683,2022-05-18 12:59:00+05:30,64.0,65.95,64.0,64.55,1700,127750
4684,2022-05-18 13:00:00+05:30,64.55,64.55,62.0,62.0,550,126500
4685,2022-05-18 13:01:00+05:30,62.0,62.9,60.4,62.9,2550,126500
4686,2022-05-18 13:02:00+05:30,62.9,66.75,62.9,66.75,450,126500
4687,2022-05-18 13:03:00+05:30,66.75,67.8,65.6,67.65,1000,125100
4688,2022-05-18 13:04:00+05:30,67.65,67.8,64.95,64.95,1950,125100
4689,2022-05-18 13:05:00+05:30,64.95,65.45,64.8,64.8,500,125100
4690,2022-05-18 13:06:00+05:30,64.8,65.35,64.6,64.95,200,125650
4691,2022-05-18 13:07:00+05:30,64.95,65.6,64.9,65.1,2350,125650
4692,2022-05-18 13:08:00+05:30,65.1,66.25,64.2,65.2,3850,125650
4693,2022-05-18 13:09:00+05:30,65.2,67.45,65.0,66.0,550,124600
4694,2022-05-18 13:10:00+05:30,66.0,67.65,65.85,65.85,950,124600
4695,2022-05-18 13:11:00+05:30,65.85,66.25,64.35,65.6,1200,124600
4696,2022-05-18 13:12:00+05:30,65.6,67.25,65.6,67.25,500,125300
4697,2022-05-18 13:13:00+05:30,67.25,67.25,64.9,65.25,1450,125300
4698,2022-05-18 13:14:00+05:30,65.25,65.65,62.65,62.65,400,125300
4699,2022-05-18 13:15:00+05:30,62.7,64.1,61.55,61.7,1400,125050
4700,2022-05-18 13:16:00+05:30,61.7,62.55,61.0,62.55,750,125050
4701,2022-05-18 13:17:00+05:30,62.55,63.7,62.55,63.7,150,125050
4702,2022-05-18 13:18:00+05:30,63.7,64.5,63.4,64.5,650,125300
4703,2022-05-18 13:19:00+05:30,64.5,64.95,63.4,63.9,350,125300
4704,2022-05-18 13:20:00+05:30,63.9,65.1,63.9,65.1,100,125300
4705,2022-05-18 13:21:00+05:30,65.1,65.2,64.6,65.0,400,124800
4706,2022-05-18 13:22:00+05:30,65.0,66.35,64.75,65.7,800,124800
4707,2022-05-18 13:23:00+05:30,65.7,66.5,65.05,66.5,700,124800
4708,2022-05-18 13:24:00+05:30,66.5,68.0,66.3,67.9,700,125000
4709,2022-05-18 13:25:00+05:30,67.9,68.05,66.5,66.5,350,125000
4710,2022-05-18 13:26:00+05:30,66.5,66.5,63.75,65.65,550,125000
4711,2022-05-18 13:27:00+05:30,65.65,65.65,63.75,63.75,50,125250
4712,2022-05-18 13:28:00+05:30,63.75,63.8,59.95,61.2,3000,125250
4713,2022-05-18 13:29:00+05:30,61.2,61.2,60.95,61.05,100,125250
4714,2022-05-18 13:30:00+05:30,61.05,62.35,61.05,62.35,50,125250
4715,2022-05-18 13:31:00+05:30,62.35,62.35,53.15,53.35,2150,125150
4716,2022-05-18 13:32:00+05:30,53.7,54.9,50.85,50.85,2550,125150
4717,2022-05-18 13:33:00+05:30,50.0,52.05,48.45,51.25,3500,124400
4718,2022-05-18 13:34:00+05:30,51.25,51.65,48.85,49.9,1600,124400
4719,2022-05-18 13:35:00+05:30,48.85,49.1,46.0,47.2,6650,124400
4720,2022-05-18 13:36:00+05:30,47.2,47.55,45.85,46.4,1600,122250
4721,2022-05-18 13:37:00+05:30,46.25,47.8,45.35,46.85,1600,122250
4722,2022-05-18 13:38:00+05:30,46.85,47.35,46.75,47.35,600,122250
4723,2022-05-18 13:39:00+05:30,47.35,47.95,47.35,47.95,50,121950
4724,2022-05-18 13:40:00+05:30,47.95,47.95,45.15,45.6,2350,121950
4725,2022-05-18 13:41:00+05:30,45.45,47.55,45.3,47.55,2300,121950
4726,2022-05-18 13:42:00+05:30,47.35,47.95,46.95,47.0,300,122450
4727,2022-05-18 13:43:00+05:30,47.0,48.0,47.0,47.35,1700,122450
4728,2022-05-18 13:44:00+05:30,47.35,47.65,46.25,47.65,250,122450
4729,2022-05-18 13:45:00+05:30,47.65,48.05,47.65,47.65,300,122400
4730,2022-05-18 13:46:00+05:30,47.65,48.8,47.65,47.95,850,122400
4731,2022-05-18 13:47:00+05:30,47.95,49.0,47.95,48.4,850,122400
4732,2022-05-18 13:48:00+05:30,48.4,48.55,47.25,48.5,450,122400
4733,2022-05-18 13:49:00+05:30,48.5,50.5,48.5,50.35,750,122400
4734,2022-05-18 13:50:00+05:30,50.35,50.6,50.0,50.0,250,122400
4735,2022-05-18 13:51:00+05:30,50.0,53.0,50.0,52.2,900,123500
4736,2022-05-18 13:52:00+05:30,52.2,54.0,52.2,53.55,250,123500
4737,2022-05-18 13:53:00+05:30,53.55,53.7,52.2,52.45,550,123500
4738,2022-05-18 13:54:00+05:30,52.45,54.0,52.45,53.35,550,123950
4739,2022-05-18 13:55:00+05:30,53.35,53.35,51.0,52.05,500,123950
4740,2022-05-18 13:56:00+05:30,52.05,52.35,50.0,50.3,250,123950
4741,2022-05-18 13:57:00+05:30,50.3,50.55,48.25,48.9,1150,124400
4742,2022-05-18 13:58:00+05:30,48.9,50.75,48.9,50.1,750,124400
4743,2022-05-18 13:59:00+05:30,50.1,50.1,50.0,50.0,50,124400
4744,2022-05-18 14:00:00+05:30,50.0,50.0,48.85,49.85,400,125000
4745,2022-05-18 14:01:00+05:30,49.85,50.45,49.85,50.45,100,125000
4746,2022-05-18 14:02:00+05:30,50.45,52.65,50.45,52.3,150,125000
4747,2022-05-18 14:03:00+05:30,52.3,52.3,52.3,52.3,100,125000
4748,2022-05-18 14:04:00+05:30,52.3,53.15,52.05,52.05,250,125000
4749,2022-05-18 14:05:00+05:30,52.05,53.2,51.6,51.6,300,125000
4750,2022-05-18 14:06:00+05:30,51.6,55.0,51.6,55.0,200,125050
4751,2022-05-18 14:07:00+05:30,55.0,61.0,55.0,61.0,4800,125050
4752,2022-05-18 14:08:00+05:30,61.0,64.95,60.6,60.6,5150,125050
4753,2022-05-18 14:09:00+05:30,60.55,63.8,60.4,62.75,2050,124450
4754,2022-05-18 14:10:00+05:30,62.75,65.0,60.5,64.65,3050,124450
4755,2022-05-18 14:11:00+05:30,64.6,64.6,61.15,61.15,1800,124450
4756,2022-05-18 14:12:00+05:30,61.15,65.1,60.8,64.85,1450,125150
4757,2022-05-18 14:13:00+05:30,64.85,64.85,61.65,62.45,2650,125150
4758,2022-05-18 14:14:00+05:30,62.45,63.75,61.2,61.2,1800,125150
4759,2022-05-18 14:15:00+05:30,61.0,63.0,60.2,61.35,1000,127650
4760,2022-05-18 14:16:00+05:30,61.35,61.35,58.4,61.2,2150,127650
4761,2022-05-18 14:17:00+05:30,61.2,65.95,61.2,63.7,1350,127650
4762,2022-05-18 14:18:00+05:30,63.7,67.0,63.7,66.05,2100,128600
4763,2022-05-18 14:19:00+05:30,65.45,66.15,63.0,63.0,2050,128600
4764,2022-05-18 14:20:00+05:30,63.0,65.4,62.6,63.25,5750,128600
4765,2022-05-18 14:21:00+05:30,63.25,63.25,59.15,59.8,3050,130750
4766,2022-05-18 14:22:00+05:30,59.8,59.8,57.1,57.75,3450,130750
4767,2022-05-18 14:23:00+05:30,57.75,58.2,55.75,58.2,1750,130750
4768,2022-05-18 14:24:00+05:30,58.8,62.2,58.2,62.2,3100,132000
4769,2022-05-18 14:25:00+05:30,62.45,62.65,60.85,61.15,750,132000
4770,2022-05-18 14:26:00+05:30,61.15,61.3,57.5,58.6,550,132000
4771,2022-05-18 14:27:00+05:30,58.95,60.7,58.6,60.7,650,131850
4772,2022-05-18 14:28:00+05:30,60.7,60.7,58.95,59.6,400,131850
4773,2022-05-18 14:29:00+05:30,59.6,59.9,59.05,59.05,200,131850
4774,2022-05-18 14:30:00+05:30,59.05,60.1,56.55,58.3,1350,131550
4775,2022-05-18 14:31:00+05:30,58.3,62.85,58.3,61.75,1450,131550
4776,2022-05-18 14:32:00+05:30,61.75,61.75,57.2,57.25,900,131550
4777,2022-05-18 14:33:00+05:30,57.15,60.3,57.15,59.6,1050,130500
4778,2022-05-18 14:34:00+05:30,59.6,62.0,59.6,62.0,50,130500
4779,2022-05-18 14:35:00+05:30,62.0,62.5,59.9,59.95,950,130500
4780,2022-05-18 14:36:00+05:30,59.95,59.95,58.65,59.55,1250,130500
4781,2022-05-18 14:37:00+05:30,59.55,60.95,59.55,60.95,50,131100
4782,2022-05-18 14:38:00+05:30,60.95,61.85,58.95,58.95,750,131100
4783,2022-05-18 14:39:00+05:30,58.95,59.5,56.2,58.8,2450,132500
4784,2022-05-18 14:40:00+05:30,58.8,58.8,54.95,55.15,1250,132500
4785,2022-05-18 14:41:00+05:30,55.15,57.6,55.15,57.45,2350,132500
4786,2022-05-18 14:42:00+05:30,57.45,57.9,56.4,56.4,250,132500
4787,2022-05-18 14:43:00+05:30,56.4,57.6,56.4,56.7,700,131550
4788,2022-05-18 14:44:00+05:30,56.7,57.05,56.7,57.05,200,131550
4789,2022-05-18 14:45:00+05:30,57.05,60.15,57.05,59.7,550,131750
4790,2022-05-18 14:46:00+05:30,59.7,59.85,58.55,58.95,2050,131750
4791,2022-05-18 14:47:00+05:30,58.95,59.6,50.6,58.55,7400,131750
4792,2022-05-18 14:48:00+05:30,58.55,66.0,58.55,65.5,1800,133150
4793,2022-05-18 14:49:00+05:30,65.5,65.85,62.2,64.75,1500,133150
4794,2022-05-18 14:50:00+05:30,64.45,65.55,63.25,63.9,2850,133150
4795,2022-05-18 14:51:00+05:30,63.9,64.95,61.4,63.4,950,133400
4796,2022-05-18 14:52:00+05:30,63.4,64.0,60.35,60.35,1750,133400
4797,2022-05-18 14:53:00+05:30,60.0,60.35,55.9,55.9,950,133400
4798,2022-05-18 14:54:00+05:30,57.35,58.8,55.9,57.9,2850,135150
4799,2022-05-18 14:55:00+05:30,57.9,58.25,56.85,58.0,600,135150
4800,2022-05-18 14:56:00+05:30,58.0,59.45,58.0,59.05,150,135150
4801,2022-05-18 14:57:00+05:30,59.05,59.5,56.6,56.6,650,135100
4802,2022-05-18 14:58:00+05:30,56.6,58.35,56.6,57.4,1900,135100
4803,2022-05-18 14:59:00+05:30,57.4,58.8,57.4,58.3,200,135100
4804,2022-05-18 15:00:00+05:30,58.3,63.05,58.3,63.05,3300,133500
4805,2022-05-18 15:01:00+05:30,62.4,64.8,60.5,62.45,3850,133500
4806,2022-05-18 15:02:00+05:30,62.45,62.8,60.35,60.35,850,133500
4807,2022-05-18 15:03:00+05:30,60.35,60.35,58.25,59.3,900,135300
4808,2022-05-18 15:04:00+05:30,59.3,60.55,58.15,59.25,500,135300
4809,2022-05-18 15:05:00+05:30,59.25,60.1,58.8,59.9,1700,135300
4810,2022-05-18 15:06:00+05:30,59.9,62.4,59.9,61.2,500,134450
4811,2022-05-18 15:07:00+05:30,60.0,60.0,56.4,57.0,1700,134450
4812,2022-05-18 15:08:00+05:30,57.0,57.0,55.45,55.8,2900,134450
4813,2022-05-18 15:09:00+05:30,55.8,58.5,55.8,57.65,1900,134450
4814,2022-05-18 15:10:00+05:30,57.65,58.2,56.85,57.0,1600,134300
4815,2022-05-18 15:11:00+05:30,57.0,57.8,55.8,57.8,550,134300
4816,2022-05-18 15:12:00+05:30,57.8,59.1,57.55,57.6,1450,133550
4817,2022-05-18 15:13:00+05:30,57.6,58.75,56.4,57.9,1400,133550
4818,2022-05-18 15:14:00+05:30,57.25,57.9,57.0,57.45,650,133550
4819,2022-05-18 15:15:00+05:30,57.5,58.35,57.0,58.3,1950,133550
4820,2022-05-18 15:16:00+05:30,58.3,58.3,56.7,57.65,3150,133550
4821,2022-05-18 15:17:00+05:30,57.65,57.65,55.95,56.6,1250,133550
4822,2022-05-18 15:18:00+05:30,56.6,56.6,56.0,56.4,600,133550
4823,2022-05-18 15:19:00+05:30,56.4,56.4,55.7,56.25,1850,135200
4824,2022-05-18 15:20:00+05:30,56.25,57.05,55.8,56.95,1350,135200
4825,2022-05-18 15:21:00+05:30,56.95,56.95,56.0,56.45,2400,135200
4826,2022-05-18 15:22:00+05:30,56.5,56.5,55.4,56.25,5050,134150
4827,2022-05-18 15:23:00+05:30,56.3,56.45,55.65,55.75,5700,134150
4828,2022-05-18 15:24:00+05:30,55.9,56.6,55.55,56.6,4200,139250
4829,2022-05-18 15:25:00+05:30,56.55,57.0,56.05,56.85,1850,139250
4830,2022-05-18 15:26:00+05:30,56.85,56.85,56.1,56.35,1350,139250
4831,2022-05-18 15:27:00+05:30,56.35,56.35,55.85,56.1,2850,140000
4832,2022-05-18 15:28:00+05:30,56.1,56.3,55.5,55.8,2100,140000
4833,2022-05-18 15:29:00+05:30,55.5,56.15,51.45,56.15,7350,140000
4834,2022-05-19 09:15:00+05:30,179.95,179.95,116.7,122.4,18850,140650
4835,2022-05-19 09:16:00+05:30,123.75,136.75,123.2,132.25,22850,140650
4836,2022-05-19 09:17:00+05:30,131.75,134.2,127.9,133.3,15000,137950
4837,2022-05-19 09:18:00+05:30,133.6,144.85,133.3,144.5,24850,137950
4838,2022-05-19 09:19:00+05:30,144.75,148.45,143.85,145.5,19000,137950
4839,2022-05-19 09:20:00+05:30,145.7,150.3,145.05,147.6,21400,126600
4840,2022-05-19 09:21:00+05:30,147.6,151.0,139.55,140.35,15500,126600
4841,2022-05-19 09:22:00+05:30,142.45,147.0,141.85,144.9,17100,126600
4842,2022-05-19 09:23:00+05:30,145.1,147.0,143.4,144.4,6900,126700
4843,2022-05-19 09:24:00+05:30,143.4,144.4,140.0,140.2,6100,126700
4844,2022-05-19 09:25:00+05:30,140.2,141.85,139.0,140.65,11850,126700
4845,2022-05-19 09:26:00+05:30,140.75,140.75,127.6,129.15,6750,130450
4846,2022-05-19 09:27:00+05:30,130.0,137.9,129.15,137.55,5600,130450
4847,2022-05-19 09:28:00+05:30,136.2,137.65,134.4,136.7,6850,130450
4848,2022-05-19 09:29:00+05:30,136.5,138.0,135.0,136.6,3800,132500
4849,2022-05-19 09:30:00+05:30,136.25,138.6,135.0,137.5,4350,132500
4850,2022-05-19 09:31:00+05:30,137.2,137.8,135.0,135.0,2050,132500
4851,2022-05-19 09:32:00+05:30,133.5,141.9,132.55,141.35,6600,130800
4852,2022-05-19 09:33:00+05:30,141.65,143.65,140.4,141.2,5050,130800
4853,2022-05-19 09:34:00+05:30,141.2,141.65,131.65,135.75,51900,130800
4854,2022-05-19 09:35:00+05:30,135.5,138.55,133.75,134.2,3850,160700
4855,2022-05-19 09:36:00+05:30,134.2,136.4,133.35,134.6,3750,160700
4856,2022-05-19 09:37:00+05:30,134.6,135.5,132.55,135.5,4550,160700
4857,2022-05-19 09:38:00+05:30,135.5,138.65,133.9,137.2,2850,155800
4858,2022-05-19 09:39:00+05:30,137.3,137.85,135.4,136.7,1650,155800
4859,2022-05-19 09:40:00+05:30,137.0,139.2,136.7,139.2,3150,155800
4860,2022-05-19 09:41:00+05:30,139.2,144.0,139.2,143.45,3550,154550
4861,2022-05-19 09:42:00+05:30,143.45,144.45,140.55,143.85,1500,154550
4862,2022-05-19 09:43:00+05:30,143.45,145.1,142.95,145.0,4900,154550
4863,2022-05-19 09:44:00+05:30,145.6,150.6,145.0,148.25,9100,153950
4864,2022-05-19 09:45:00+05:30,148.25,155.55,148.25,153.0,5250,153950
4865,2022-05-19 09:46:00+05:30,151.6,152.15,148.75,152.15,5700,153950
4866,2022-05-19 09:47:00+05:30,152.15,153.2,146.85,149.45,5300,147800
4867,2022-05-19 09:48:00+05:30,149.45,151.35,146.0,147.0,3200,147800
4868,2022-05-19 09:49:00+05:30,147.0,149.05,144.75,147.0,2000,147800
4869,2022-05-19 09:50:00+05:30,147.0,150.2,143.3,143.75,3250,143250
4870,2022-05-19 09:51:00+05:30,143.75,145.65,143.25,143.85,3400,143250
4871,2022-05-19 09:52:00+05:30,143.85,145.65,140.8,143.5,2550,143250
4872,2022-05-19 09:53:00+05:30,143.5,144.0,140.75,143.35,2800,141650
4873,2022-05-19 09:54:00+05:30,143.35,143.5,140.0,141.5,6400,141650
4874,2022-05-19 09:55:00+05:30,141.5,142.0,137.7,139.8,4400,141650
4875,2022-05-19 09:56:00+05:30,139.8,140.8,137.5,137.65,2350,140350
4876,2022-05-19 09:57:00+05:30,137.25,137.65,134.85,135.45,2750,140350
4877,2022-05-19 09:58:00+05:30,136.5,136.5,132.9,134.0,3100,140350
4878,2022-05-19 09:59:00+05:30,134.0,134.45,133.0,133.1,1700,140250
4879,2022-05-19 10:00:00+05:30,133.1,140.7,133.1,140.35,3050,140250
4880,2022-05-19 10:01:00+05:30,140.35,140.35,135.9,136.3,850,140250
4881,2022-05-19 10:02:00+05:30,135.85,135.95,133.9,135.95,900,140400
4882,2022-05-19 10:03:00+05:30,135.95,138.2,134.8,138.1,2150,140400
4883,2022-05-19 10:04:00+05:30,138.1,138.15,137.0,137.7,1300,140400
4884,2022-05-19 10:05:00+05:30,137.7,139.1,136.75,136.75,700,141900
4885,2022-05-19 10:06:00+05:30,137.4,138.05,132.8,132.8,1650,141900
4886,2022-05-19 10:07:00+05:30,132.0,132.55,122.85,127.15,15150,141900
4887,2022-05-19 10:08:00+05:30,126.3,130.0,125.8,128.75,2650,142900
4888,2022-05-19 10:09:00+05:30,128.75,132.7,127.8,131.05,1100,142900
4889,2022-05-19 10:10:00+05:30,131.05,133.95,131.05,132.3,1800,142900
4890,2022-05-19 10:11:00+05:30,132.3,134.2,132.15,134.2,4550,145150
4891,2022-05-19 10:12:00+05:30,133.9,135.3,132.7,132.7,4900,145150
4892,2022-05-19 10:13:00+05:30,132.2,132.85,130.0,132.85,2050,145150
4893,2022-05-19 10:14:00+05:30,132.85,133.05,129.7,130.15,1400,144800
4894,2022-05-19 10:15:00+05:30,130.15,133.3,130.15,132.05,3450,144800
4895,2022-05-19 10:16:00+05:30,132.05,132.75,130.7,132.75,3550,144800
4896,2022-05-19 10:17:00+05:30,132.75,132.9,131.0,132.4,1100,145200
4897,2022-05-19 10:18:00+05:30,132.4,132.75,129.0,129.0,950,145200
4898,2022-05-19 10:19:00+05:30,129.0,129.8,125.9,129.8,750,145200
4899,2022-05-19 10:20:00+05:30,129.8,130.2,129.0,130.0,500,145150
4900,2022-05-19 10:21:00+05:30,130.0,130.0,127.85,129.4,1050,145150
4901,2022-05-19 10:22:00+05:30,129.4,130.7,128.6,130.4,800,145150
4902,2022-05-19 10:23:00+05:30,130.4,130.5,129.55,129.55,1350,143650
4903,2022-05-19 10:24:00+05:30,130.1,132.3,130.1,130.95,2600,143650
4904,2022-05-19 10:25:00+05:30,130.95,134.45,130.95,134.25,2250,143650
4905,2022-05-19 10:26:00+05:30,134.25,137.0,134.25,137.0,4200,140100
4906,2022-05-19 10:27:00+05:30,137.0,137.25,134.55,136.5,1700,140100
4907,2022-05-19 10:28:00+05:30,136.5,136.85,135.9,135.9,200,140100
4908,2022-05-19 10:29:00+05:30,135.9,136.0,135.35,136.0,600,140200
4909,2022-05-19 10:30:00+05:30,136.0,136.0,132.0,133.75,2500,140200
4910,2022-05-19 10:31:00+05:30,133.75,133.75,129.35,130.95,3400,140200
4911,2022-05-19 10:32:00+05:30,130.95,130.95,130.4,130.4,450,140200
4912,2022-05-19 10:33:00+05:30,130.4,134.15,130.4,133.3,3600,141100
4913,2022-05-19 10:34:00+05:30,133.3,135.45,133.3,134.05,850,141100
4914,2022-05-19 10:35:00+05:30,134.05,134.45,133.45,134.0,1300,141100
4915,2022-05-19 10:36:00+05:30,134.0,134.0,130.9,131.95,4600,140350
4916,2022-05-19 10:37:00+05:30,131.95,135.25,131.95,133.15,900,140350
4917,2022-05-19 10:38:00+05:30,133.15,136.2,133.15,135.9,1100,140350
4918,2022-05-19 10:39:00+05:30,135.9,135.9,133.15,133.35,850,140350
4919,2022-05-19 10:40:00+05:30,133.35,134.05,132.55,133.6,2050,140350
4920,2022-05-19 10:41:00+05:30,133.6,135.05,131.9,135.05,900,140500
4921,2022-05-19 10:42:00+05:30,135.05,136.0,135.05,135.5,350,140500
4922,2022-05-19 10:43:00+05:30,135.5,140.0,135.5,140.0,1100,140500
4923,2022-05-19 10:44:00+05:30,139.6,140.0,138.7,139.4,2400,139550
4924,2022-05-19 10:45:00+05:30,139.4,142.9,137.75,142.1,3800,139550
4925,2022-05-19 10:46:00+05:30,142.1,142.75,140.5,140.6,1500,139550
4926,2022-05-19 10:47:00+05:30,140.6,140.6,138.0,138.4,1250,139550
4927,2022-05-19 10:48:00+05:30,138.4,140.0,138.4,139.5,800,140200
4928,2022-05-19 10:49:00+05:30,139.5,139.5,135.55,137.1,1100,140200
4929,2022-05-19 10:50:00+05:30,137.1,137.1,135.6,136.0,650,140400
4930,2022-05-19 10:51:00+05:30,136.0,136.0,134.0,134.25,1100,140400
4931,2022-05-19 10:52:00+05:30,134.25,135.0,133.95,135.0,350,140400
4932,2022-05-19 10:53:00+05:30,135.0,135.25,133.85,133.85,1400,140050
4933,2022-05-19 10:54:00+05:30,133.85,135.6,133.4,135.6,1150,140050
4934,2022-05-19 10:55:00+05:30,135.6,135.6,131.05,131.3,2850,140050
4935,2022-05-19 10:56:00+05:30,131.3,135.9,130.45,135.45,1800,141000
4936,2022-05-19 10:57:00+05:30,135.45,136.2,134.65,134.65,2950,141000
4937,2022-05-19 10:58:00+05:30,134.65,134.65,133.15,133.7,900,141000
4938,2022-05-19 10:59:00+05:30,133.7,135.0,133.7,133.8,1500,140550
4939,2022-05-19 11:00:00+05:30,133.0,135.25,133.0,134.95,4200,140550
4940,2022-05-19 11:01:00+05:30,134.95,134.95,128.95,131.8,3400,140550
4941,2022-05-19 11:02:00+05:30,131.8,132.4,130.45,132.4,400,140550
4942,2022-05-19 11:03:00+05:30,132.4,136.75,132.4,135.75,3950,142350
4943,2022-05-19 11:04:00+05:30,135.75,137.1,135.35,136.2,3400,142350
4944,2022-05-19 11:05:00+05:30,137.55,140.0,136.2,140.0,3150,143700
4945,2022-05-19 11:06:00+05:30,140.0,148.4,140.0,146.5,11800,143700
4946,2022-05-19 11:07:00+05:30,146.0,146.6,142.65,143.0,2600,143700
4947,2022-05-19 11:08:00+05:30,143.0,144.3,140.6,144.3,2700,143700
4948,2022-05-19 11:09:00+05:30,144.3,147.0,144.0,145.65,5500,143750
4949,2022-05-19 11:10:00+05:30,145.65,147.0,142.55,142.55,6800,143750
4950,2022-05-19 11:11:00+05:30,142.55,144.0,141.15,143.6,2350,143750
4951,2022-05-19 11:12:00+05:30,143.55,144.15,141.9,142.5,2100,141850
4952,2022-05-19 11:13:00+05:30,142.0,144.05,141.95,143.45,3000,141850
4953,2022-05-19 11:14:00+05:30,143.95,144.55,142.7,143.4,4250,141850
4954,2022-05-19 11:15:00+05:30,143.4,145.75,143.4,145.0,4550,143050
4955,2022-05-19 11:16:00+05:30,145.15,146.0,142.6,142.6,8600,143050
4956,2022-05-19 11:17:00+05:30,142.6,145.0,142.25,145.0,1050,143050
4957,2022-05-19 11:18:00+05:30,145.0,145.0,141.65,145.0,2550,142750
4958,2022-05-19 11:19:00+05:30,145.0,151.0,145.0,151.0,6350,142750
4959,2022-05-19 11:20:00+05:30,151.0,152.35,148.0,148.65,5900,142750
4960,2022-05-19 11:21:00+05:30,148.65,150.95,146.85,148.5,2550,143500
4961,2022-05-19 11:22:00+05:30,148.5,149.25,148.05,148.35,950,143500
4962,2022-05-19 11:23:00+05:30,148.35,150.85,148.35,149.45,2000,143500
4963,2022-05-19 11:24:00+05:30,149.45,161.0,149.45,157.55,13850,143300
4964,2022-05-19 11:25:00+05:30,157.9,161.5,157.55,159.0,14900,143300
4965,2022-05-19 11:26:00+05:30,159.0,162.3,158.55,160.8,4500,143300
4966,2022-05-19 11:27:00+05:30,160.8,163.3,160.55,161.0,7500,145700
4967,2022-05-19 11:28:00+05:30,161.0,161.8,155.0,156.55,9650,145700
4968,2022-05-19 11:29:00+05:30,157.1,160.5,152.45,159.95,4750,145700
4969,2022-05-19 11:30:00+05:30,161.2,161.2,156.35,157.6,5450,145500
4970,2022-05-19 11:31:00+05:30,157.6,163.7,154.2,163.4,46000,145500
4971,2022-05-19 11:32:00+05:30,162.85,163.4,158.9,162.9,5350,145500
4972,2022-05-19 11:33:00+05:30,163.35,163.9,161.0,163.9,5600,134200
4973,2022-05-19 11:34:00+05:30,163.8,168.4,163.8,165.8,10150,134200
4974,2022-05-19 11:35:00+05:30,165.8,168.9,164.9,168.25,5050,134200
4975,2022-05-19 11:36:00+05:30,168.25,169.1,166.2,168.0,3200,132850
4976,2022-05-19 11:37:00+05:30,168.0,169.0,165.4,166.6,4950,132850
4977,2022-05-19 11:38:00+05:30,166.6,167.4,163.1,164.95,6600,132850
4978,2022-05-19 11:39:00+05:30,164.95,164.95,160.5,161.2,4100,131800
4979,2022-05-19 11:40:00+05:30,161.2,162.45,155.95,162.25,8350,131800
4980,2022-05-19 11:41:00+05:30,162.25,166.6,162.25,163.15,3750,131800
4981,2022-05-19 11:42:00+05:30,163.4,165.3,158.0,158.9,6150,132200
4982,2022-05-19 11:43:00+05:30,158.9,162.1,157.6,158.5,3400,132200
4983,2022-05-19 11:44:00+05:30,158.5,160.3,157.0,157.55,7200,132200
4984,2022-05-19 11:45:00+05:30,157.6,158.7,154.55,158.25,10400,136100
4985,2022-05-19 11:46:00+05:30,158.25,163.1,158.25,160.8,14150,136100
4986,2022-05-19 11:47:00+05:30,160.8,163.25,157.65,160.15,10050,136100
4987,2022-05-19 11:48:00+05:30,160.15,162.0,159.2,161.7,2300,134600
4988,2022-05-19 11:49:00+05:30,161.7,163.5,161.7,163.0,3450,134600
4989,2022-05-19 11:50:00+05:30,163.0,163.5,162.0,162.0,2700,134600
4990,2022-05-19 11:51:00+05:30,162.0,164.0,161.05,164.0,800,136950
4991,2022-05-19 11:52:00+05:30,164.0,164.85,163.0,163.25,2800,136950
4992,2022-05-19 11:53:00+05:30,164.0,168.75,163.25,168.3,7750,136950
4993,2022-05-19 11:54:00+05:30,168.8,171.55,168.15,170.75,7300,135250
4994,2022-05-19 11:55:00+05:30,170.0,170.75,164.5,168.0,5350,135250
4995,2022-05-19 11:56:00+05:30,168.0,169.35,165.75,167.35,2300,135250
4996,2022-05-19 11:57:00+05:30,167.35,171.6,167.1,171.6,3700,135200
4997,2022-05-19 11:58:00+05:30,171.9,171.9,168.25,169.6,6000,135200
4998,2022-05-19 11:59:00+05:30,169.3,170.2,167.8,169.35,1200,135200
4999,2022-05-19 12:00:00+05:30,169.35,171.0,164.6,165.0,3150,134200
5000,2022-05-19 12:01:00+05:30,165.0,165.75,159.55,161.65,3350,134200
5001,2022-05-19 12:02:00+05:30,161.65,166.2,161.35,164.35,2300,134200
5002,2022-05-19 12:03:00+05:30,164.25,164.35,159.65,161.75,5000,135000
5003,2022-05-19 12:04:00+05:30,161.75,166.0,161.75,166.0,1600,135000
5004,2022-05-19 12:05:00+05:30,166.0,167.25,164.9,167.25,1850,135000
5005,2022-05-19 12:06:00+05:30,167.25,167.25,164.0,164.0,1850,135400
5006,2022-05-19 12:07:00+05:30,164.0,164.7,161.0,162.5,1900,135400
5007,2022-05-19 12:08:00+05:30,162.5,162.6,159.45,162.4,3050,135400
5008,2022-05-19 12:09:00+05:30,162.4,163.6,162.4,163.15,700,136750
5009,2022-05-19 12:10:00+05:30,163.15,165.0,162.6,162.6,1450,136750
5010,2022-05-19 12:11:00+05:30,162.6,164.0,162.6,164.0,350,136750
5011,2022-05-19 12:12:00+05:30,164.0,166.0,164.0,165.45,850,136200
5012,2022-05-19 12:13:00+05:30,165.45,169.9,165.45,168.45,4150,136200
5013,2022-05-19 12:14:00+05:30,168.45,170.5,168.45,169.9,2950,136200
5014,2022-05-19 12:15:00+05:30,169.9,171.0,164.0,164.0,2800,134850
5015,2022-05-19 12:16:00+05:30,163.2,164.0,159.7,162.1,3550,134850
5016,2022-05-19 12:17:00+05:30,162.1,166.55,162.1,166.55,1900,134850
5017,2022-05-19 12:18:00+05:30,166.55,167.0,163.95,164.3,3200,133450
5018,2022-05-19 12:19:00+05:30,164.25,164.8,161.9,164.8,4000,133450
5019,2022-05-19 12:20:00+05:30,164.8,166.1,162.9,162.9,1450,133450
5020,2022-05-19 12:21:00+05:30,162.9,167.45,162.9,167.4,1950,135950
5021,2022-05-19 12:22:00+05:30,167.4,168.7,167.0,167.0,700,135950
5022,2022-05-19 12:23:00+05:30,167.0,167.0,162.2,162.2,1900,135950
5023,2022-05-19 12:24:00+05:30,162.2,166.35,162.2,166.05,3350,136650
5024,2022-05-19 12:25:00+05:30,166.05,168.4,165.2,167.3,1250,136650
5025,2022-05-19 12:26:00+05:30,167.3,169.0,163.35,163.35,2850,136650
5026,2022-05-19 12:27:00+05:30,163.35,163.6,153.6,163.6,12700,138350
5027,2022-05-19 12:28:00+05:30,163.6,163.6,159.5,161.75,5900,138350
5028,2022-05-19 12:29:00+05:30,161.75,162.75,159.3,162.1,1450,138350
5029,2022-05-19 12:30:00+05:30,162.15,169.0,162.05,166.5,5100,140100
5030,2022-05-19 12:31:00+05:30,165.6,166.05,163.75,164.75,1450,140100
5031,2022-05-19 12:32:00+05:30,164.75,168.3,164.6,168.05,1650,140100
5032,2022-05-19 12:33:00+05:30,168.05,171.0,168.05,169.8,7100,138550
5033,2022-05-19 12:34:00+05:30,169.45,169.45,165.0,166.85,10300,138550
5034,2022-05-19 12:35:00+05:30,166.05,168.5,162.05,162.35,4650,138550
5035,2022-05-19 12:36:00+05:30,162.35,165.8,161.7,163.35,2850,138700
5036,2022-05-19 12:37:00+05:30,165.35,169.4,163.35,167.6,3950,138700
5037,2022-05-19 12:38:00+05:30,167.6,169.95,163.4,163.4,5700,138700
5038,2022-05-19 12:39:00+05:30,163.4,167.65,163.4,164.7,5400,140950
5039,2022-05-19 12:40:00+05:30,165.15,167.55,164.7,167.55,8850,140950
5040,2022-05-19 12:41:00+05:30,167.55,170.1,167.5,169.65,2100,140950
5041,2022-05-19 12:42:00+05:30,169.65,171.55,167.5,167.5,4600,138100
5042,2022-05-19 12:43:00+05:30,168.25,170.25,167.4,168.9,13950,138100
5043,2022-05-19 12:44:00+05:30,170.55,171.5,170.0,171.45,3200,138100
5044,2022-05-19 12:45:00+05:30,171.45,172.0,166.55,169.45,7450,143800
5045,2022-05-19 12:46:00+05:30,168.9,169.45,166.0,168.8,2450,143800
5046,2022-05-19 12:47:00+05:30,170.0,173.0,168.8,170.15,2300,143800
5047,2022-05-19 12:48:00+05:30,170.15,173.55,170.0,172.4,6250,143750
5048,2022-05-19 12:49:00+05:30,172.4,174.4,171.0,174.4,3300,143750
5049,2022-05-19 12:50:00+05:30,174.4,175.7,171.7,174.9,6900,143750
5050,2022-05-19 12:51:00+05:30,174.95,174.95,172.35,172.45,5750,142300
5051,2022-05-19 12:52:00+05:30,172.45,175.1,171.3,173.25,3350,142300
5052,2022-05-19 12:53:00+05:30,173.25,177.45,173.25,175.55,3550,142300
5053,2022-05-19 12:54:00+05:30,175.55,177.35,175.0,175.55,3000,142450
5054,2022-05-19 12:55:00+05:30,175.55,177.45,172.9,176.05,4850,142450
5055,2022-05-19 12:56:00+05:30,175.7,177.45,174.05,175.8,3350,142450
5056,2022-05-19 12:57:00+05:30,175.8,175.8,169.05,172.0,9450,141800
5057,2022-05-19 12:58:00+05:30,172.0,178.65,172.0,176.9,7750,141800
5058,2022-05-19 12:59:00+05:30,176.9,178.5,176.2,178.5,2700,141800
5059,2022-05-19 13:00:00+05:30,178.5,180.2,175.0,178.4,13800,141350
5060,2022-05-19 13:01:00+05:30,178.45,178.85,175.05,176.7,8700,141350
5061,2022-05-19 13:02:00+05:30,176.5,180.8,176.5,180.05,8700,141350
5062,2022-05-19 13:03:00+05:30,181.0,183.4,180.05,182.15,6100,138650
5063,2022-05-19 13:04:00+05:30,182.15,183.45,179.75,181.15,4650,138650
5064,2022-05-19 13:05:00+05:30,181.7,185.0,181.15,185.0,4750,138650
5065,2022-05-19 13:06:00+05:30,185.0,187.9,184.4,187.4,6150,140550
5066,2022-05-19 13:07:00+05:30,187.0,190.4,185.75,187.35,10650,140550
5067,2022-05-19 13:08:00+05:30,187.35,192.25,187.35,190.2,19400,140550
5068,2022-05-19 13:09:00+05:30,190.2,193.0,189.0,191.95,8850,149100
5069,2022-05-19 13:10:00+05:30,191.95,193.0,188.8,190.5,5000,149100
5070,2022-05-19 13:11:00+05:30,190.5,190.85,185.15,188.25,4600,149100
5071,2022-05-19 13:12:00+05:30,188.25,190.0,185.8,190.0,7000,152600
5072,2022-05-19 13:13:00+05:30,190.0,191.65,187.25,190.75,7750,152600
5073,2022-05-19 13:14:00+05:30,190.75,190.75,185.0,185.3,11500,152600
5074,2022-05-19 13:15:00+05:30,184.85,185.05,179.6,180.1,11250,164100
5075,2022-05-19 13:16:00+05:30,181.05,188.0,180.5,184.35,8450,164100
5076,2022-05-19 13:17:00+05:30,184.35,184.35,175.6,177.95,10650,164100
5077,2022-05-19 13:18:00+05:30,177.95,181.45,174.1,180.75,10450,169350
5078,2022-05-19 13:19:00+05:30,180.8,181.6,177.7,179.7,10400,169350
5079,2022-05-19 13:20:00+05:30,179.7,184.95,178.5,181.05,6900,169350
5080,2022-05-19 13:21:00+05:30,181.05,184.45,181.05,182.35,1800,173900
5081,2022-05-19 13:22:00+05:30,183.8,187.35,183.0,186.55,6600,173900
5082,2022-05-19 13:23:00+05:30,186.8,187.15,182.85,183.05,8050,173900
5083,2022-05-19 13:24:00+05:30,184.95,186.45,183.3,183.75,3850,174250
5084,2022-05-19 13:25:00+05:30,183.75,184.8,178.05,180.3,14350,174250
5085,2022-05-19 13:26:00+05:30,180.3,182.25,179.0,179.0,2550,174250
5086,2022-05-19 13:27:00+05:30,179.0,179.0,173.35,177.2,11000,178300
5087,2022-05-19 13:28:00+05:30,177.2,177.2,173.8,176.5,2400,178300
5088,2022-05-19 13:29:00+05:30,176.5,176.95,167.6,172.0,11750,178300
5089,2022-05-19 13:30:00+05:30,172.0,174.3,166.35,174.15,7800,179950
5090,2022-05-19 13:31:00+05:30,174.8,177.0,174.2,176.0,8150,179950
5091,2022-05-19 13:32:00+05:30,176.7,178.4,175.8,176.45,4700,179950
5092,2022-05-19 13:33:00+05:30,176.45,181.1,176.45,179.75,6350,187800
5093,2022-05-19 13:34:00+05:30,179.75,182.55,179.75,181.7,2700,187800
5094,2022-05-19 13:35:00+05:30,181.7,185.65,181.7,184.9,9350,187800
5095,2022-05-19 13:36:00+05:30,184.9,189.3,184.9,189.3,13350,184600
5096,2022-05-19 13:37:00+05:30,189.15,189.3,184.3,187.15,4700,184600
5097,2022-05-19 13:38:00+05:30,186.8,188.1,184.95,185.6,6300,184600
5098,2022-05-19 13:39:00+05:30,185.35,186.0,180.0,180.95,4500,189600
5099,2022-05-19 13:40:00+05:30,181.35,181.35,176.85,179.25,3250,189600
5100,2022-05-19 13:41:00+05:30,179.25,186.05,179.25,180.0,4950,189600
5101,2022-05-19 13:42:00+05:30,180.0,180.7,172.9,175.6,8200,191750
5102,2022-05-19 13:43:00+05:30,175.6,182.25,175.6,178.15,3900,191750
5103,2022-05-19 13:44:00+05:30,178.15,178.15,174.0,174.0,4950,191750
5104,2022-05-19 13:45:00+05:30,173.6,177.4,173.6,177.4,1550,193500
5105,2022-05-19 13:46:00+05:30,177.4,178.0,173.35,176.85,2450,193500
5106,2022-05-19 13:47:00+05:30,176.85,179.95,176.05,178.65,1950,193500
5107,2022-05-19 13:48:00+05:30,177.0,178.65,173.1,178.0,4850,194900
5108,2022-05-19 13:49:00+05:30,177.6,183.7,177.45,183.35,8700,194900
5109,2022-05-19 13:50:00+05:30,183.25,185.4,182.05,182.4,8800,194900
5110,2022-05-19 13:51:00+05:30,185.3,187.55,184.75,187.0,4700,193000
5111,2022-05-19 13:52:00+05:30,186.6,187.0,184.05,184.3,3000,193000
5112,2022-05-19 13:53:00+05:30,184.3,184.3,178.8,180.0,4500,193000
5113,2022-05-19 13:54:00+05:30,180.0,181.4,177.6,179.95,11600,195000
5114,2022-05-19 13:55:00+05:30,179.95,179.95,173.0,176.4,3600,195000
5115,2022-05-19 13:56:00+05:30,176.4,182.0,176.4,182.0,2550,195000
5116,2022-05-19 13:57:00+05:30,182.0,182.0,178.0,180.0,1100,195500
5117,2022-05-19 13:58:00+05:30,180.0,181.2,178.0,179.65,1900,195500
5118,2022-05-19 13:59:00+05:30,179.65,182.0,178.55,178.55,2550,195500
5119,2022-05-19 14:00:00+05:30,178.55,180.0,175.0,177.95,4100,198150
5120,2022-05-19 14:01:00+05:30,177.95,177.95,175.4,175.5,1900,198150
5121,2022-05-19 14:02:00+05:30,176.0,176.4,173.0,173.0,7550,198150
5122,2022-05-19 14:03:00+05:30,173.0,173.0,171.65,172.1,2700,201350
5123,2022-05-19 14:04:00+05:30,172.1,176.6,172.1,176.0,1200,201350
5124,2022-05-19 14:05:00+05:30,176.0,180.95,173.25,180.95,4850,201350
5125,2022-05-19 14:06:00+05:30,179.95,183.15,179.95,180.4,6700,203150
5126,2022-05-19 14:07:00+05:30,180.4,184.15,180.4,183.2,7350,203150
5127,2022-05-19 14:08:00+05:30,183.2,185.0,180.6,180.8,3850,203150
5128,2022-05-19 14:09:00+05:30,180.25,183.95,180.25,183.0,1850,200950
5129,2022-05-19 14:10:00+05:30,183.0,186.25,182.6,186.25,9000,200950
5130,2022-05-19 14:11:00+05:30,187.1,187.1,184.45,186.4,11050,200950
5131,2022-05-19 14:12:00+05:30,187.8,187.8,185.15,187.55,5300,196400
5132,2022-05-19 14:13:00+05:30,187.5,190.0,186.85,189.5,9400,196400
5133,2022-05-19 14:14:00+05:30,189.5,190.3,186.25,190.3,11300,196400
5134,2022-05-19 14:15:00+05:30,190.0,191.95,187.7,190.6,5550,185750
5135,2022-05-19 14:16:00+05:30,190.6,191.5,184.7,185.0,10450,185750
5136,2022-05-19 14:17:00+05:30,185.0,188.1,183.4,188.1,9400,185750
5137,2022-05-19 14:18:00+05:30,188.0,188.7,185.55,187.7,2950,190750
5138,2022-05-19 14:19:00+05:30,187.7,192.65,187.7,192.15,11000,190750
5139,2022-05-19 14:20:00+05:30,192.15,192.95,188.25,190.05,8700,190750
5140,2022-05-19 14:21:00+05:30,190.05,191.95,188.7,189.95,5350,185750
5141,2022-05-19 14:22:00+05:30,189.85,192.5,189.85,191.45,5500,185750
5142,2022-05-19 14:23:00+05:30,191.75,192.45,189.0,189.55,4500,185750
5143,2022-05-19 14:24:00+05:30,189.55,189.55,178.6,181.85,8600,189650
5144,2022-05-19 14:25:00+05:30,181.85,186.1,181.15,183.55,6700,189650
5145,2022-05-19 14:26:00+05:30,183.85,185.7,181.05,185.7,4150,189650
5146,2022-05-19 14:27:00+05:30,185.7,191.0,185.15,190.65,7000,187300
5147,2022-05-19 14:28:00+05:30,191.0,191.85,187.7,187.7,10700,187300
5148,2022-05-19 14:29:00+05:30,187.7,193.9,187.7,193.9,7150,187300
5149,2022-05-19 14:30:00+05:30,195.0,196.9,193.9,195.65,13650,185000
5150,2022-05-19 14:31:00+05:30,195.65,196.75,187.7,192.45,16000,185000
5151,2022-05-19 14:32:00+05:30,191.8,193.35,190.05,192.45,5350,185000
5152,2022-05-19 14:33:00+05:30,191.6,194.25,190.5,192.5,3050,187600
5153,2022-05-19 14:34:00+05:30,193.1,196.5,193.1,196.0,15650,187600
5154,2022-05-19 14:35:00+05:30,196.7,197.4,192.35,196.25,6600,187600
5155,2022-05-19 14:36:00+05:30,196.25,196.95,194.3,194.75,7200,193750
5156,2022-05-19 14:37:00+05:30,194.75,196.4,190.0,191.15,9450,193750
5157,2022-05-19 14:38:00+05:30,191.15,194.15,190.6,192.0,3850,193750
5158,2022-05-19 14:39:00+05:30,191.7,194.0,191.7,192.5,2950,194000
5159,2022-05-19 14:40:00+05:30,192.5,193.65,188.45,191.8,3900,194000
5160,2022-05-19 14:41:00+05:30,191.8,196.3,191.25,196.3,5150,194000
5161,2022-05-19 14:42:00+05:30,195.65,202.95,195.4,201.3,36850,192100
5162,2022-05-19 14:43:00+05:30,202.0,207.4,201.3,206.0,33450,192100
5163,2022-05-19 14:44:00+05:30,205.95,207.45,204.0,206.65,19650,192100
5164,2022-05-19 14:45:00+05:30,205.55,207.6,201.25,207.6,12150,203350
5165,2022-05-19 14:46:00+05:30,207.25,209.0,204.25,205.9,22900,203350
5166,2022-05-19 14:47:00+05:30,205.9,206.8,202.0,204.75,9850,203350
5167,2022-05-19 14:48:00+05:30,205.25,205.25,196.25,200.4,16850,217850
5168,2022-05-19 14:49:00+05:30,200.8,206.0,200.8,204.8,9750,217850
5169,2022-05-19 14:50:00+05:30,204.9,207.0,199.3,201.15,20350,217850
5170,2022-05-19 14:51:00+05:30,201.4,205.6,200.75,203.85,7100,218900
5171,2022-05-19 14:52:00+05:30,203.8,206.0,203.35,205.85,7600,218900
5172,2022-05-19 14:53:00+05:30,205.7,206.0,199.45,200.05,11150,218900
5173,2022-05-19 14:54:00+05:30,200.05,207.0,200.05,205.0,10200,217050
5174,2022-05-19 14:55:00+05:30,204.65,205.0,196.05,200.4,21300,217050
5175,2022-05-19 14:56:00+05:30,200.9,202.55,197.3,199.7,12300,217050
5176,2022-05-19 14:57:00+05:30,199.95,202.55,197.2,197.2,10300,226450
5177,2022-05-19 14:58:00+05:30,197.65,202.4,197.2,202.4,6050,226450
5178,2022-05-19 14:59:00+05:30,202.25,202.95,199.2,200.9,8600,226450
5179,2022-05-19 15:00:00+05:30,200.0,202.9,193.25,195.65,18050,229950
5180,2022-05-19 15:01:00+05:30,196.95,200.0,188.85,188.85,19700,229950
5181,2022-05-19 15:02:00+05:30,186.5,193.35,186.5,189.9,12050,229950
5182,2022-05-19 15:03:00+05:30,189.95,195.9,189.05,195.0,10400,240350
5183,2022-05-19 15:04:00+05:30,194.85,202.0,194.85,201.0,14350,240350
5184,2022-05-19 15:05:00+05:30,200.5,207.1,199.1,206.5,27000,240350
5185,2022-05-19 15:06:00+05:30,205.5,207.45,203.25,203.75,15000,233400
5186,2022-05-19 15:07:00+05:30,203.65,207.1,203.0,204.55,33300,233400
5187,2022-05-19 15:08:00+05:30,205.55,211.95,204.75,210.2,34200,233400
5188,2022-05-19 15:09:00+05:30,210.15,213.6,207.3,211.3,20100,241450
5189,2022-05-19 15:10:00+05:30,211.25,211.95,206.0,208.8,19550,241450
5190,2022-05-19 15:11:00+05:30,208.4,211.15,208.25,209.7,18600,241450
5191,2022-05-19 15:12:00+05:30,209.7,216.7,209.0,216.0,30950,242250
5192,2022-05-19 15:13:00+05:30,215.4,216.8,211.45,214.75,33900,242250
5193,2022-05-19 15:14:00+05:30,214.75,216.8,212.0,214.15,19550,242250
5194,2022-05-19 15:15:00+05:30,213.4,213.8,208.0,208.25,18250,243150
5195,2022-05-19 15:16:00+05:30,208.2,208.7,202.75,203.4,23650,243150
5196,2022-05-19 15:17:00+05:30,202.35,205.95,202.3,205.8,17000,243150
5197,2022-05-19 15:18:00+05:30,206.0,206.4,203.75,205.0,22600,259900
5198,2022-05-19 15:19:00+05:30,204.1,205.5,201.1,204.8,24700,259900
5199,2022-05-19 15:20:00+05:30,204.35,205.0,202.05,202.7,22850,259900
5200,2022-05-19 15:21:00+05:30,203.1,203.1,196.85,197.6,38350,273850
5201,2022-05-19 15:22:00+05:30,197.05,197.15,194.1,194.45,19150,273850
5202,2022-05-19 15:23:00+05:30,194.45,195.0,192.6,193.0,15100,273850
5203,2022-05-19 15:24:00+05:30,192.3,194.0,189.95,189.95,18450,283500
5204,2022-05-19 15:25:00+05:30,190.0,190.55,187.8,189.65,22750,283500
5205,2022-05-19 15:26:00+05:30,189.65,192.35,188.35,192.35,14950,283500
5206,2022-05-19 15:27:00+05:30,192.55,195.0,192.35,194.4,16750,284400
5207,2022-05-19 15:28:00+05:30,194.4,197.8,194.25,197.3,22600,284400
5208,2022-05-19 15:29:00+05:30,196.45,198.4,193.4,195.0,31350,284400
5209,2022-05-20 09:15:00+05:30,93.65,111.55,83.15,83.15,89950,280650
5210,2022-05-20 09:16:00+05:30,81.85,82.7,78.1,80.75,83950,280650
5211,2022-05-20 09:17:00+05:30,80.9,84.9,80.65,84.6,40350,291750
5212,2022-05-20 09:18:00+05:30,84.25,84.3,79.5,79.65,51550,291750
5213,2022-05-20 09:19:00+05:30,79.4,81.45,78.6,80.95,46600,291750
5214,2022-05-20 09:20:00+05:30,80.75,81.1,77.5,79.6,60850,312950
5215,2022-05-20 09:21:00+05:30,79.3,80.15,77.0,78.6,63100,312950
5216,2022-05-20 09:22:00+05:30,78.45,79.0,77.05,77.85,44300,312950
5217,2022-05-20 09:23:00+05:30,77.4,77.85,75.05,76.35,67800,347150
5218,2022-05-20 09:24:00+05:30,75.7,77.2,75.0,76.4,65250,347150
5219,2022-05-20 09:25:00+05:30,75.85,77.4,74.1,77.35,115350,347150
5220,2022-05-20 09:26:00+05:30,76.95,77.85,75.55,76.7,48250,345650
5221,2022-05-20 09:27:00+05:30,76.45,78.3,75.8,77.95,31250,345650
5222,2022-05-20 09:28:00+05:30,78.25,78.65,76.65,77.55,42550,345650
5223,2022-05-20 09:29:00+05:30,77.25,77.55,74.5,75.75,76350,338400
5224,2022-05-20 09:30:00+05:30,75.0,75.8,73.75,74.05,53000,338400
5225,2022-05-20 09:31:00+05:30,73.7,74.1,69.95,70.0,65450,338400
5226,2022-05-20 09:32:00+05:30,69.95,70.55,68.4,69.8,74850,346250
5227,2022-05-20 09:33:00+05:30,69.65,71.3,69.4,71.2,52000,346250
5228,2022-05-20 09:34:00+05:30,71.2,71.35,69.65,70.25,24900,346250
5229,2022-05-20 09:35:00+05:30,70.15,71.65,69.05,71.45,35300,371200
5230,2022-05-20 09:36:00+05:30,71.55,72.55,70.25,70.45,37000,371200
5231,2022-05-20 09:37:00+05:30,70.45,71.9,69.65,70.35,22900,371200
5232,2022-05-20 09:38:00+05:30,70.35,70.75,69.65,70.3,19800,402100
5233,2022-05-20 09:39:00+05:30,70.4,70.45,68.15,68.15,24550,402100
5234,2022-05-20 09:40:00+05:30,67.8,69.95,66.85,69.75,26300,402100
5235,2022-05-20 09:41:00+05:30,69.75,70.35,69.25,70.05,17200,414200
5236,2022-05-20 09:42:00+05:30,69.75,70.7,69.5,70.6,13050,414200
5237,2022-05-20 09:43:00+05:30,70.6,70.8,69.5,70.3,31400,414200
5238,2022-05-20 09:44:00+05:30,70.3,70.6,69.5,69.9,13300,419550
5239,2022-05-20 09:45:00+05:30,69.8,69.9,65.7,66.2,19950,419550
5240,2022-05-20 09:46:00+05:30,65.85,68.55,65.85,68.25,20150,419550
5241,2022-05-20 09:47:00+05:30,68.2,68.25,65.45,66.4,33450,430000
5242,2022-05-20 09:48:00+05:30,66.55,68.0,66.25,67.65,12700,430000
5243,2022-05-20 09:49:00+05:30,67.5,67.65,65.3,65.3,25300,430000
5244,2022-05-20 09:50:00+05:30,65.25,67.55,65.1,67.55,22750,436200
5245,2022-05-20 09:51:00+05:30,67.2,68.6,67.2,68.0,16800,436200
5246,2022-05-20 09:52:00+05:30,68.0,68.1,66.15,66.15,14250,436200
5247,2022-05-20 09:53:00+05:30,66.2,66.7,65.7,65.75,22000,438250
5248,2022-05-20 09:54:00+05:30,65.4,65.7,64.2,65.25,54100,438250
5249,2022-05-20 09:55:00+05:30,64.95,65.55,64.55,65.55,22600,438250
5250,2022-05-20 09:56:00+05:30,65.45,66.65,65.1,66.0,18950,448600
5251,2022-05-20 09:57:00+05:30,66.05,66.35,64.9,65.3,26800,448600
5252,2022-05-20 09:58:00+05:30,65.35,65.6,62.7,63.35,34650,448600
5253,2022-05-20 09:59:00+05:30,63.2,63.3,61.7,62.4,36750,449000
5254,2022-05-20 10:00:00+05:30,62.3,64.2,61.8,64.05,19350,449000
5255,2022-05-20 10:01:00+05:30,64.0,64.45,63.65,63.75,9400,449000
5256,2022-05-20 10:02:00+05:30,63.7,63.95,62.85,63.25,16150,449200
5257,2022-05-20 10:03:00+05:30,63.15,63.3,62.4,62.4,14850,449200
5258,2022-05-20 10:04:00+05:30,62.25,64.75,62.0,64.75,19050,449200
5259,2022-05-20 10:05:00+05:30,64.25,64.8,63.65,64.8,11000,435700
5260,2022-05-20 10:06:00+05:30,64.75,66.45,64.55,65.95,16100,435700
5261,2022-05-20 10:07:00+05:30,65.9,66.15,64.85,65.1,12450,435700
5262,2022-05-20 10:08:00+05:30,65.2,65.35,64.55,64.7,14200,433100
5263,2022-05-20 10:09:00+05:30,64.7,65.0,63.0,64.0,13550,433100
5264,2022-05-20 10:10:00+05:30,63.85,64.65,63.0,64.35,13100,433100
5265,2022-05-20 10:11:00+05:30,64.05,64.45,63.5,64.15,8750,433050
5266,2022-05-20 10:12:00+05:30,64.15,64.15,63.1,63.9,6200,433050
5267,2022-05-20 10:13:00+05:30,63.9,64.5,63.6,64.05,7650,433050
5268,2022-05-20 10:14:00+05:30,64.05,64.35,63.4,63.7,15800,432800
5269,2022-05-20 10:15:00+05:30,63.85,64.15,62.2,62.35,18950,432800
5270,2022-05-20 10:16:00+05:30,62.25,62.55,60.1,62.15,37200,432800
5271,2022-05-20 10:17:00+05:30,62.2,63.9,62.05,63.8,12050,442300
5272,2022-05-20 10:18:00+05:30,63.85,64.75,63.65,64.55,30150,442300
5273,2022-05-20 10:19:00+05:30,64.45,64.65,63.8,64.4,11500,442300
5274,2022-05-20 10:20:00+05:30,64.35,64.8,64.0,64.7,11150,440000
5275,2022-05-20 10:21:00+05:30,64.65,65.75,63.2,63.45,24750,440000
5276,2022-05-20 10:22:00+05:30,63.45,63.55,62.65,63.4,11150,440000
5277,2022-05-20 10:23:00+05:30,62.8,63.0,61.8,62.45,18650,433450
5278,2022-05-20 10:24:00+05:30,62.45,62.5,61.35,61.95,22450,433450
5279,2022-05-20 10:25:00+05:30,61.95,62.25,61.6,62.05,7600,433450
5280,2022-05-20 10:26:00+05:30,62.05,62.9,61.95,62.75,2550,448350
5281,2022-05-20 10:27:00+05:30,62.8,63.75,62.6,63.3,9350,448350
5282,2022-05-20 10:28:00+05:30,63.4,63.95,63.1,63.15,7600,448350
5283,2022-05-20 10:29:00+05:30,63.25,63.3,61.7,62.75,19600,439300
5284,2022-05-20 10:30:00+05:30,63.0,63.0,61.45,62.15,10600,439300
5285,2022-05-20 10:31:00+05:30,62.1,62.7,61.0,61.45,13900,439300
5286,2022-05-20 10:32:00+05:30,61.45,62.25,61.3,62.0,10900,448800
5287,2022-05-20 10:33:00+05:30,61.85,62.4,61.85,62.1,6150,448800
5288,2022-05-20 10:34:00+05:30,62.0,62.75,61.85,62.5,17800,448800
5289,2022-05-20 10:35:00+05:30,62.5,63.0,62.0,62.95,13850,455650
5290,2022-05-20 10:36:00+05:30,62.55,63.0,62.0,62.1,14250,455650
5291,2022-05-20 10:37:00+05:30,62.1,62.15,57.5,59.25,46400,455650
5292,2022-05-20 10:38:00+05:30,59.15,61.7,59.15,61.5,22850,461350
5293,2022-05-20 10:39:00+05:30,61.5,61.6,60.55,60.75,5450,461350
5294,2022-05-20 10:40:00+05:30,60.75,61.3,59.65,60.25,9800,461350
5295,2022-05-20 10:41:00+05:30,60.25,60.5,59.6,60.15,10500,470450
5296,2022-05-20 10:42:00+05:30,59.95,60.9,59.8,60.3,7450,470450
5297,2022-05-20 10:43:00+05:30,60.4,61.1,59.75,60.6,7600,470450
5298,2022-05-20 10:44:00+05:30,60.6,60.65,59.0,60.5,12650,470550
5299,2022-05-20 10:45:00+05:30,60.6,63.25,60.5,63.2,19550,470550
5300,2022-05-20 10:46:00+05:30,63.05,64.75,62.45,64.7,19750,470550
5301,2022-05-20 10:47:00+05:30,64.55,64.55,62.65,63.45,27250,467800
5302,2022-05-20 10:48:00+05:30,63.45,63.45,60.4,61.15,12650,467800
5303,2022-05-20 10:49:00+05:30,61.15,62.8,60.0,62.0,15100,467800
5304,2022-05-20 10:50:00+05:30,61.85,62.05,60.85,62.05,13750,465750
5305,2022-05-20 10:51:00+05:30,61.9,62.05,59.75,60.95,13600,465750
5306,2022-05-20 10:52:00+05:30,60.95,61.5,60.5,61.15,5500,465750
5307,2022-05-20 10:53:00+05:30,61.15,62.05,61.15,61.4,8750,467050
5308,2022-05-20 10:54:00+05:30,61.2,62.2,60.5,61.9,18500,467050
5309,2022-05-20 10:55:00+05:30,61.75,62.5,61.5,61.9,13050,467050
5310,2022-05-20 10:56:00+05:30,61.9,61.9,60.45,61.75,7750,476750
5311,2022-05-20 10:57:00+05:30,61.75,62.45,61.5,62.0,7400,476750
5312,2022-05-20 10:58:00+05:30,62.0,62.5,60.85,61.15,4950,476750
5313,2022-05-20 10:59:00+05:30,61.15,61.45,60.55,60.55,5200,476700
5314,2022-05-20 11:00:00+05:30,60.55,61.15,58.4,60.55,29600,476700
5315,2022-05-20 11:01:00+05:30,60.55,61.25,59.2,60.3,16650,476700
5316,2022-05-20 11:02:00+05:30,60.25,60.35,58.35,59.05,14600,481850
5317,2022-05-20 11:03:00+05:30,59.05,59.8,58.5,59.8,8950,481850
5318,2022-05-20 11:04:00+05:30,59.7,60.2,59.15,59.4,7000,481850
5319,2022-05-20 11:05:00+05:30,59.45,60.25,58.5,60.25,11700,491050
5320,2022-05-20 11:06:00+05:30,60.1,60.35,59.55,60.0,6350,491050
5321,2022-05-20 11:07:00+05:30,60.0,60.6,60.0,60.0,9550,491050
5322,2022-05-20 11:08:00+05:30,60.1,60.45,59.5,59.8,20450,491450
5323,2022-05-20 11:09:00+05:30,59.8,60.25,58.7,59.6,13800,491450
5324,2022-05-20 11:10:00+05:30,59.6,60.6,59.4,60.3,11100,491450
5325,2022-05-20 11:11:00+05:30,60.55,60.9,60.05,60.35,7200,486750
5326,2022-05-20 11:12:00+05:30,60.55,61.25,60.05,61.05,10950,486750
5327,2022-05-20 11:13:00+05:30,61.15,61.85,60.9,61.65,9600,486750
5328,2022-05-20 11:14:00+05:30,61.65,61.7,60.75,61.4,11300,493800
5329,2022-05-20 11:15:00+05:30,61.4,61.9,61.1,61.6,7150,493800
5330,2022-05-20 11:16:00+05:30,61.7,62.55,61.55,62.55,9100,493800
5331,2022-05-20 11:17:00+05:30,62.6,63.05,62.15,62.6,6000,494450
5332,2022-05-20 11:18:00+05:30,62.6,63.15,62.5,62.9,8450,494450
5333,2022-05-20 11:19:00+05:30,62.9,62.95,61.8,61.9,16000,494450
5334,2022-05-20 11:20:00+05:30,61.9,62.6,61.3,61.6,11150,487750
5335,2022-05-20 11:21:00+05:30,61.6,62.45,61.6,62.15,6250,487750
5336,2022-05-20 11:22:00+05:30,62.15,62.15,61.7,62.0,4950,487750
5337,2022-05-20 11:23:00+05:30,62.0,62.4,61.7,62.15,1800,488850
5338,2022-05-20 11:24:00+05:30,62.15,62.15,60.5,61.25,8850,488850
5339,2022-05-20 11:25:00+05:30,61.85,62.15,61.25,61.9,6350,488850
5340,2022-05-20 11:26:00+05:30,61.9,61.9,60.95,61.7,18800,503100
5341,2022-05-20 11:27:00+05:30,61.65,62.0,61.25,62.0,8500,503100
5342,2022-05-20 11:28:00+05:30,62.0,62.5,61.55,62.5,5550,503100
5343,2022-05-20 11:29:00+05:30,62.55,62.6,62.0,62.6,7150,501300
5344,2022-05-20 11:30:00+05:30,62.5,62.65,61.2,62.0,10150,501300
5345,2022-05-20 11:31:00+05:30,61.95,63.1,61.95,62.8,12850,501300
5346,2022-05-20 11:32:00+05:30,62.65,62.95,61.65,62.1,11000,510100
5347,2022-05-20 11:33:00+05:30,61.7,61.7,60.95,61.3,6650,510100
5348,2022-05-20 11:34:00+05:30,61.3,62.0,60.85,61.3,5200,510100
5349,2022-05-20 11:35:00+05:30,61.15,61.75,60.7,61.75,7150,512500
5350,2022-05-20 11:36:00+05:30,61.55,62.4,61.35,61.35,7550,512500
5351,2022-05-20 11:37:00+05:30,61.25,61.75,61.1,61.15,4600,512500
5352,2022-05-20 11:38:00+05:30,61.1,62.45,61.1,61.6,9050,511150
5353,2022-05-20 11:39:00+05:30,61.8,63.35,61.6,62.75,21100,511150
5354,2022-05-20 11:40:00+05:30,62.8,63.05,61.3,61.65,9050,511150
5355,2022-05-20 11:41:00+05:30,61.45,62.5,61.35,61.9,5250,504600
5356,2022-05-20 11:42:00+05:30,61.9,62.0,61.0,61.85,6050,504600
5357,2022-05-20 11:43:00+05:30,61.85,62.4,61.65,61.8,4900,504600
5358,2022-05-20 11:44:00+05:30,61.7,61.8,61.05,61.5,8100,505900
5359,2022-05-20 11:45:00+05:30,61.5,62.0,61.45,61.95,5100,505900
5360,2022-05-20 11:46:00+05:30,62.0,62.3,61.85,62.3,7100,505900
5361,2022-05-20 11:47:00+05:30,62.3,62.6,61.4,61.4,8000,515250
5362,2022-05-20 11:48:00+05:30,61.4,61.5,57.4,59.1,68550,515250
5363,2022-05-20 11:49:00+05:30,59.15,61.0,58.9,61.0,17400,515250
5364,2022-05-20 11:50:00+05:30,60.85,62.65,60.75,62.6,19700,525700
5365,2022-05-20 11:51:00+05:30,62.35,62.6,61.45,62.5,10800,525700
5366,2022-05-20 11:52:00+05:30,62.5,62.5,60.9,61.35,9350,525700
5367,2022-05-20 11:53:00+05:30,61.55,62.15,60.85,61.05,5150,524400
5368,2022-05-20 11:54:00+05:30,61.05,61.5,60.5,61.15,2200,524400
5369,2022-05-20 11:55:00+05:30,61.15,62.45,61.05,62.2,3900,524400
5370,2022-05-20 11:56:00+05:30,62.15,62.6,62.0,62.35,9200,522950
5371,2022-05-20 11:57:00+05:30,62.5,63.7,62.05,63.55,36450,522950
5372,2022-05-20 11:58:00+05:30,63.55,66.1,63.55,65.0,37400,522950
5373,2022-05-20 11:59:00+05:30,64.9,67.05,64.9,66.85,20250,534250
5374,2022-05-20 12:00:00+05:30,66.95,68.15,66.5,67.65,29650,534250
5375,2022-05-20 12:01:00+05:30,67.65,68.55,67.05,67.05,21250,534250
5376,2022-05-20 12:02:00+05:30,67.2,67.3,65.85,66.25,15900,543300
5377,2022-05-20 12:03:00+05:30,66.0,69.15,65.95,68.0,19100,543300
5378,2022-05-20 12:04:00+05:30,68.45,68.85,66.6,67.35,15650,543300
5379,2022-05-20 12:05:00+05:30,67.35,68.5,67.35,68.45,15400,543050
5380,2022-05-20 12:06:00+05:30,68.6,69.95,68.4,69.7,24000,543050
5381,2022-05-20 12:07:00+05:30,69.75,70.1,68.75,69.3,16900,543050
5382,2022-05-20 12:08:00+05:30,69.4,69.7,68.45,69.3,12700,541700
5383,2022-05-20 12:09:00+05:30,69.4,71.35,69.3,70.6,25600,541700
5384,2022-05-20 12:10:00+05:30,70.8,71.65,69.4,69.8,24350,541700
5385,2022-05-20 12:11:00+05:30,70.2,70.35,66.95,68.15,18150,546000
5386,2022-05-20 12:12:00+05:30,68.05,69.55,68.05,69.0,9550,546000
5387,2022-05-20 12:13:00+05:30,69.0,69.0,67.4,68.0,10650,546000
5388,2022-05-20 12:14:00+05:30,68.0,69.55,67.65,69.25,11850,548750
5389,2022-05-20 12:15:00+05:30,69.35,71.2,69.2,70.6,13450,548750
5390,2022-05-20 12:16:00+05:30,70.6,72.6,70.15,72.6,18350,548750
5391,2022-05-20 12:17:00+05:30,72.95,73.25,71.3,71.3,17650,548000
5392,2022-05-20 12:18:00+05:30,71.95,73.35,71.3,72.8,18900,548000
5393,2022-05-20 12:19:00+05:30,72.8,73.5,71.75,71.75,16550,548000
5394,2022-05-20 12:20:00+05:30,71.75,72.05,68.4,69.9,17750,550950
5395,2022-05-20 12:21:00+05:30,70.15,71.95,69.0,69.2,8000,550950
5396,2022-05-20 12:22:00+05:30,69.3,71.85,69.2,71.75,11000,550950
5397,2022-05-20 12:23:00+05:30,71.75,72.0,70.7,71.7,12700,557950
5398,2022-05-20 12:24:00+05:30,72.0,72.65,71.7,72.5,19200,557950
5399,2022-05-20 12:25:00+05:30,72.45,73.4,72.0,72.75,15850,557950
5400,2022-05-20 12:26:00+05:30,72.65,72.85,71.5,72.05,5400,557950
5401,2022-05-20 12:27:00+05:30,71.5,71.5,69.4,71.1,8800,567000
5402,2022-05-20 12:28:00+05:30,71.1,71.45,70.0,70.0,5250,567000
5403,2022-05-20 12:29:00+05:30,69.85,70.75,69.25,69.4,9900,567000
5404,2022-05-20 12:30:00+05:30,69.9,71.35,69.4,70.8,11500,567800
5405,2022-05-20 12:31:00+05:30,70.65,71.0,69.05,70.1,18350,567800
5406,2022-05-20 12:32:00+05:30,70.15,71.0,70.0,70.75,9100,567800
5407,2022-05-20 12:33:00+05:30,71.05,72.35,70.55,71.4,14000,565350
5408,2022-05-20 12:34:00+05:30,71.4,72.4,71.25,71.55,7400,565350
5409,2022-05-20 12:35:00+05:30,71.9,73.6,71.25,71.8,13550,565350
5410,2022-05-20 12:36:00+05:30,71.7,72.05,65.9,67.9,45550,569200
5411,2022-05-20 12:37:00+05:30,68.05,69.55,67.0,69.35,31200,569200
5412,2022-05-20 12:38:00+05:30,69.4,69.7,67.6,69.0,13550,569200
5413,2022-05-20 12:39:00+05:30,69.2,69.2,64.6,65.15,21350,569950
5414,2022-05-20 12:40:00+05:30,64.65,65.35,61.6,62.8,53200,569950
5415,2022-05-20 12:41:00+05:30,63.2,64.5,62.7,63.65,23350,569950
5416,2022-05-20 12:42:00+05:30,63.6,64.15,62.95,63.65,11900,582150
5417,2022-05-20 12:43:00+05:30,63.55,63.55,61.6,62.5,12700,582150
5418,2022-05-20 12:44:00+05:30,62.05,63.45,61.25,61.7,9800,582150
5419,2022-05-20 12:45:00+05:30,61.6,61.9,59.55,61.2,26200,586600
5420,2022-05-20 12:46:00+05:30,60.8,61.5,60.0,61.25,25000,586600
5421,2022-05-20 12:47:00+05:30,61.5,61.5,60.0,61.0,10850,586600
5422,2022-05-20 12:48:00+05:30,60.75,61.75,60.2,61.55,13350,574200
5423,2022-05-20 12:49:00+05:30,61.55,62.75,60.9,62.45,6150,574200
5424,2022-05-20 12:50:00+05:30,62.55,63.9,62.2,63.55,17950,574200
5425,2022-05-20 12:51:00+05:30,63.55,63.8,62.05,63.5,11350,573850
5426,2022-05-20 12:52:00+05:30,63.6,64.0,62.75,62.85,19100,573850
5427,2022-05-20 12:53:00+05:30,63.4,64.25,63.15,64.1,9600,573850
5428,2022-05-20 12:54:00+05:30,64.15,64.9,63.6,63.6,16850,574450
5429,2022-05-20 12:55:00+05:30,63.45,65.0,63.45,64.75,9400,574450
5430,2022-05-20 12:56:00+05:30,64.75,65.7,64.05,64.4,9000,574450
5431,2022-05-20 12:57:00+05:30,64.4,65.55,64.05,64.6,6700,576900
5432,2022-05-20 12:58:00+05:30,64.6,65.0,63.5,64.3,5800,576900
5433,2022-05-20 12:59:00+05:30,64.3,64.4,61.25,61.3,15050,576900
5434,2022-05-20 13:00:00+05:30,61.8,63.1,60.4,63.0,17200,577800
5435,2022-05-20 13:01:00+05:30,63.15,63.35,62.1,62.1,7950,577800
5436,2022-05-20 13:02:00+05:30,62.15,62.5,61.1,61.25,7950,577800
5437,2022-05-20 13:03:00+05:30,61.0,61.5,60.5,61.3,8250,572550
5438,2022-05-20 13:04:00+05:30,61.1,61.25,59.8,60.25,16450,572550
5439,2022-05-20 13:05:00+05:30,59.45,60.15,59.1,59.55,13650,572550
5440,2022-05-20 13:06:00+05:30,59.5,60.0,57.8,57.8,18450,573300
5441,2022-05-20 13:07:00+05:30,58.0,58.8,57.0,58.35,31950,573300
5442,2022-05-20 13:08:00+05:30,58.45,59.0,58.25,58.65,17050,573300
5443,2022-05-20 13:09:00+05:30,58.5,58.65,57.85,58.25,10050,572200
5444,2022-05-20 13:10:00+05:30,58.2,59.95,57.9,59.3,17800,572200
5445,2022-05-20 13:11:00+05:30,59.0,59.85,59.0,59.6,10600,572200
5446,2022-05-20 13:12:00+05:30,59.6,59.6,57.6,58.1,21800,576700
5447,2022-05-20 13:13:00+05:30,57.85,58.1,56.6,57.8,36900,576700
5448,2022-05-20 13:14:00+05:30,57.8,58.6,57.35,58.45,31300,576700
5449,2022-05-20 13:15:00+05:30,58.3,59.15,57.75,58.1,17600,576850
5450,2022-05-20 13:16:00+05:30,58.25,58.95,57.8,58.9,18250,576850
5451,2022-05-20 13:17:00+05:30,59.0,59.65,58.85,59.35,20450,576850
5452,2022-05-20 13:18:00+05:30,59.35,59.35,58.5,58.5,21350,576000
5453,2022-05-20 13:19:00+05:30,58.45,58.8,57.65,58.8,23250,576000
5454,2022-05-20 13:20:00+05:30,58.75,59.4,58.5,59.15,12200,576000
5455,2022-05-20 13:21:00+05:30,59.0,59.15,58.1,58.7,18250,577200
5456,2022-05-20 13:22:00+05:30,58.7,59.05,57.3,57.3,21750,577200
5457,2022-05-20 13:23:00+05:30,57.5,57.65,55.5,55.75,55550,577200
5458,2022-05-20 13:24:00+05:30,55.75,56.3,55.1,55.9,27900,559500
5459,2022-05-20 13:25:00+05:30,55.9,57.45,55.75,57.4,13850,559500
5460,2022-05-20 13:26:00+05:30,57.45,58.75,57.1,58.75,19500,559500
5461,2022-05-20 13:27:00+05:30,58.7,60.4,58.35,60.4,23250,559550
5462,2022-05-20 13:28:00+05:30,60.45,60.45,58.8,59.6,25300,559550
5463,2022-05-20 13:29:00+05:30,59.4,59.8,59.05,59.4,8750,559550
5464,2022-05-20 13:30:00+05:30,59.5,60.55,58.5,60.55,27150,554550
5465,2022-05-20 13:31:00+05:30,60.55,61.85,60.4,61.7,22800,554550
5466,2022-05-20 13:32:00+05:30,61.7,62.6,61.15,62.6,34750,554550
5467,2022-05-20 13:33:00+05:30,62.55,62.55,60.25,61.05,45500,556000
5468,2022-05-20 13:34:00+05:30,61.0,61.85,60.8,61.2,22650,556000
5469,2022-05-20 13:35:00+05:30,61.2,61.2,59.9,59.9,16450,556000
5470,2022-05-20 13:36:00+05:30,59.95,60.2,57.7,57.7,35550,548850
5471,2022-05-20 13:37:00+05:30,58.15,58.8,56.5,57.5,41850,548850
5472,2022-05-20 13:38:00+05:30,57.35,58.7,57.3,58.5,16500,548850
5473,2022-05-20 13:39:00+05:30,58.0,60.1,58.0,59.6,13050,544950
5474,2022-05-20 13:40:00+05:30,59.65,59.7,57.95,58.2,36900,544950
5475,2022-05-20 13:41:00+05:30,58.2,60.3,58.05,60.1,31050,544950
5476,2022-05-20 13:42:00+05:30,59.85,61.75,59.85,61.75,8450,528000
5477,2022-05-20 13:43:00+05:30,61.7,62.3,60.05,61.0,14350,528000
5478,2022-05-20 13:44:00+05:30,60.7,61.15,60.2,61.1,5450,528000
5479,2022-05-20 13:45:00+05:30,61.0,61.2,59.9,60.4,5750,525400
5480,2022-05-20 13:46:00+05:30,60.4,61.25,60.4,61.0,5400,525400
5481,2022-05-20 13:47:00+05:30,60.75,61.0,60.15,60.5,4800,525400
5482,2022-05-20 13:48:00+05:30,60.5,60.5,58.75,58.75,12250,527150
5483,2022-05-20 13:49:00+05:30,59.05,59.3,57.7,58.25,22000,527150
5484,2022-05-20 13:50:00+05:30,58.4,58.55,57.45,58.35,14400,527150
5485,2022-05-20 13:51:00+05:30,58.4,58.4,57.2,57.65,9100,533900
5486,2022-05-20 13:52:00+05:30,57.65,59.05,57.65,58.85,7750,533900
5487,2022-05-20 13:53:00+05:30,58.95,59.9,58.9,59.9,9300,533900
5488,2022-05-20 13:54:00+05:30,59.95,60.85,59.35,59.45,14900,531950
5489,2022-05-20 13:55:00+05:30,59.2,60.5,58.5,60.5,8200,531950
5490,2022-05-20 13:56:00+05:30,60.5,60.7,59.65,59.9,8300,531950
5491,2022-05-20 13:57:00+05:30,59.9,60.7,59.5,60.5,6150,530900
5492,2022-05-20 13:58:00+05:30,60.55,62.0,60.45,61.0,21300,530900
5493,2022-05-20 13:59:00+05:30,60.7,61.0,57.7,57.7,20850,530900
5494,2022-05-20 14:00:00+05:30,57.75,58.3,56.0,57.65,30450,534800
5495,2022-05-20 14:01:00+05:30,57.75,58.7,57.2,58.55,9300,534800
5496,2022-05-20 14:02:00+05:30,58.55,59.4,58.3,58.55,8100,534800
5497,2022-05-20 14:03:00+05:30,58.3,60.0,58.3,59.85,8600,535750
5498,2022-05-20 14:04:00+05:30,60.0,60.1,58.75,59.75,16250,535750
5499,2022-05-20 14:05:00+05:30,59.75,60.5,59.3,60.5,8300,535750
5500,2022-05-20 14:06:00+05:30,60.15,60.5,58.95,59.65,7350,537800
5501,2022-05-20 14:07:00+05:30,59.65,60.0,57.6,58.05,11700,537800
5502,2022-05-20 14:08:00+05:30,58.05,58.5,56.85,57.65,10400,537800
5503,2022-05-20 14:09:00+05:30,57.75,58.95,57.05,58.95,13300,534350
5504,2022-05-20 14:10:00+05:30,58.95,59.1,58.15,58.3,6300,534350
5505,2022-05-20 14:11:00+05:30,58.3,59.25,57.7,57.95,5250,534350
5506,2022-05-20 14:12:00+05:30,57.95,58.5,57.25,57.35,6750,532550
5507,2022-05-20 14:13:00+05:30,57.25,57.35,56.35,56.95,16400,532550
5508,2022-05-20 14:14:00+05:30,56.9,57.2,54.7,54.85,38300,532550
5509,2022-05-20 14:15:00+05:30,54.35,54.85,50.55,51.65,77300,522350
5510,2022-05-20 14:16:00+05:30,51.8,52.85,51.0,51.3,36400,522350
5511,2022-05-20 14:17:00+05:30,51.3,52.65,51.3,52.55,24800,522350
5512,2022-05-20 14:18:00+05:30,52.6,52.85,51.6,52.5,26400,531800
5513,2022-05-20 14:19:00+05:30,52.5,53.2,52.25,53.1,16000,531800
5514,2022-05-20 14:20:00+05:30,53.1,54.95,53.05,54.95,19600,531800
5515,2022-05-20 14:21:00+05:30,54.4,55.3,53.85,55.25,20300,533050
5516,2022-05-20 14:22:00+05:30,54.95,55.85,54.35,55.4,25650,533050
5517,2022-05-20 14:23:00+05:30,55.35,56.75,55.0,55.7,31650,533050
5518,2022-05-20 14:24:00+05:30,56.1,56.5,55.0,56.5,17100,533500
5519,2022-05-20 14:25:00+05:30,56.0,58.9,56.0,58.6,54200,533500
5520,2022-05-20 14:26:00+05:30,58.4,59.4,54.95,55.05,50450,533500
5521,2022-05-20 14:27:00+05:30,54.65,57.75,53.75,57.1,33250,527600
5522,2022-05-20 14:28:00+05:30,56.85,56.85,54.95,56.25,15400,527600
5523,2022-05-20 14:29:00+05:30,56.05,58.2,55.65,58.2,8300,527600
5524,2022-05-20 14:30:00+05:30,57.95,59.2,57.35,58.6,28800,525150
5525,2022-05-20 14:31:00+05:30,58.9,59.1,56.05,57.75,20500,525150
5526,2022-05-20 14:32:00+05:30,57.2,57.2,55.4,56.35,13300,525150
5527,2022-05-20 14:33:00+05:30,56.4,56.65,54.95,55.7,8200,525600
5528,2022-05-20 14:34:00+05:30,55.7,55.7,51.95,53.55,49800,525600
5529,2022-05-20 14:35:00+05:30,53.9,54.8,53.15,53.7,17150,525600
5530,2022-05-20 14:36:00+05:30,53.7,54.5,53.55,54.45,6600,525350
5531,2022-05-20 14:37:00+05:30,54.3,55.85,53.5,55.85,11000,525350
5532,2022-05-20 14:38:00+05:30,55.6,56.4,54.6,55.0,9050,525350
5533,2022-05-20 14:39:00+05:30,55.1,55.8,53.0,53.2,17150,524200
5534,2022-05-20 14:40:00+05:30,53.0,55.1,53.0,54.35,18650,524200
5535,2022-05-20 14:41:00+05:30,54.45,55.15,54.1,54.75,7150,524200
5536,2022-05-20 14:42:00+05:30,54.8,54.95,53.15,54.4,18250,518250
5537,2022-05-20 14:43:00+05:30,54.3,54.8,51.1,51.1,20950,518250
5538,2022-05-20 14:44:00+05:30,51.5,51.75,49.5,50.2,52250,518250
5539,2022-05-20 14:45:00+05:30,50.2,50.95,47.75,48.4,40000,521750
5540,2022-05-20 14:46:00+05:30,48.7,49.9,48.0,49.55,30450,521750
5541,2022-05-20 14:47:00+05:30,49.6,50.7,49.55,50.25,30150,521750
5542,2022-05-20 14:48:00+05:30,50.25,51.4,50.05,51.35,26300,520700
5543,2022-05-20 14:49:00+05:30,51.35,51.75,50.1,51.75,18900,520700
5544,2022-05-20 14:50:00+05:30,51.95,52.6,51.0,51.85,32650,520700
5545,2022-05-20 14:51:00+05:30,51.85,52.55,51.65,52.15,13550,525850
5546,2022-05-20 14:52:00+05:30,52.0,52.4,50.6,52.0,31900,525850
5547,2022-05-20 14:53:00+05:30,51.95,52.15,50.75,51.05,13250,525850
5548,2022-05-20 14:54:00+05:30,51.1,51.35,49.15,50.4,22650,527550
5549,2022-05-20 14:55:00+05:30,50.25,50.25,48.3,48.8,30200,527550
5550,2022-05-20 14:56:00+05:30,48.9,49.6,48.7,48.95,15100,527550
5551,2022-05-20 14:57:00+05:30,48.95,49.35,45.45,46.5,65900,536600
5552,2022-05-20 14:58:00+05:30,46.55,47.45,46.15,46.35,38150,536600
5553,2022-05-20 14:59:00+05:30,46.35,47.3,46.1,46.1,24100,536600
5554,2022-05-20 15:00:00+05:30,46.1,46.5,43.65,43.75,58600,523650
5555,2022-05-20 15:01:00+05:30,43.9,44.4,42.45,44.1,72350,523650
5556,2022-05-20 15:02:00+05:30,44.15,44.9,43.95,44.3,48700,523650
5557,2022-05-20 15:03:00+05:30,44.3,45.95,44.2,45.8,52900,520200
5558,2022-05-20 15:04:00+05:30,45.7,45.95,44.3,44.3,57050,520200
5559,2022-05-20 15:05:00+05:30,44.35,44.75,43.8,44.2,23100,520200
5560,2022-05-20 15:06:00+05:30,44.2,44.25,42.65,42.95,36150,513300
5561,2022-05-20 15:07:00+05:30,42.95,44.0,42.75,43.0,22200,513300
5562,2022-05-20 15:08:00+05:30,43.15,44.4,42.85,43.7,41200,513300
5563,2022-05-20 15:09:00+05:30,43.95,45.0,43.7,44.25,27150,516550
5564,2022-05-20 15:10:00+05:30,44.4,45.1,43.85,43.9,35500,516550
5565,2022-05-20 15:11:00+05:30,43.75,45.25,43.75,45.0,27000,516550
5566,2022-05-20 15:12:00+05:30,45.15,46.3,45.15,46.0,45150,498550
5567,2022-05-20 15:13:00+05:30,46.0,46.45,44.55,45.0,29050,498550
5568,2022-05-20 15:14:00+05:30,45.15,45.55,44.2,44.35,62750,498550
5569,2022-05-20 15:15:00+05:30,44.9,45.25,44.4,44.9,47300,502250
5570,2022-05-20 15:16:00+05:30,44.75,45.15,44.3,45.05,38000,502250
5571,2022-05-20 15:17:00+05:30,45.1,45.8,45.0,45.75,48700,502250
5572,2022-05-20 15:18:00+05:30,45.8,46.1,45.15,45.55,34400,499100
5573,2022-05-20 15:19:00+05:30,45.5,45.6,44.25,44.35,33700,499100
5574,2022-05-20 15:20:00+05:30,44.75,45.3,44.2,45.0,48900,499100
5575,2022-05-20 15:21:00+05:30,45.0,45.35,44.25,44.7,42250,502250
5576,2022-05-20 15:22:00+05:30,44.75,44.9,42.9,43.1,50700,502250
5577,2022-05-20 15:23:00+05:30,43.15,44.0,43.15,43.85,42250,502250
5578,2022-05-20 15:24:00+05:30,43.95,44.75,43.8,44.75,22550,490050
5579,2022-05-20 15:25:00+05:30,44.9,45.35,43.05,43.4,79900,490050
5580,2022-05-20 15:26:00+05:30,43.5,44.4,43.25,43.7,38450,490050
5581,2022-05-20 15:27:00+05:30,43.75,44.4,43.35,44.2,39550,455250
5582,2022-05-20 15:28:00+05:30,44.4,44.95,44.3,44.65,31800,455250
5583,2022-05-20 15:29:00+05:30,45.0,45.0,42.0,43.6,46050,455250
5584,2022-05-23 09:15:00+05:30,35.2,37.9,29.8,31.5,75750,434200
5585,2022-05-23 09:16:00+05:30,31.25,31.75,29.0,31.2,78000,434200
5586,2022-05-23 09:17:00+05:30,30.95,33.85,30.65,33.45,53050,453700
5587,2022-05-23 09:18:00+05:30,33.55,38.0,33.3,38.0,43150,453700
5588,2022-05-23 09:19:00+05:30,37.2,46.3,37.05,45.8,120000,453700
5589,2022-05-23 09:20:00+05:30,46.05,48.2,44.75,47.6,138300,448450
5590,2022-05-23 09:21:00+05:30,47.8,48.6,45.7,45.95,52100,448450
5591,2022-05-23 09:22:00+05:30,45.95,45.95,38.45,38.75,51450,448450
5592,2022-05-23 09:23:00+05:30,38.8,38.8,32.5,36.1,96950,471750
5593,2022-05-23 09:24:00+05:30,36.55,39.15,35.6,38.75,78550,471750
5594,2022-05-23 09:25:00+05:30,38.65,44.45,38.05,42.95,41350,471750
5595,2022-05-23 09:26:00+05:30,42.55,46.45,41.5,41.75,48750,513700
5596,2022-05-23 09:27:00+05:30,41.45,42.5,38.8,38.8,32900,513700
5597,2022-05-23 09:28:00+05:30,38.65,43.2,38.65,41.9,22650,513700
5598,2022-05-23 09:29:00+05:30,41.65,41.9,39.7,41.0,12550,529950
5599,2022-05-23 09:30:00+05:30,41.25,43.8,40.45,40.6,24300,529950
5600,2022-05-23 09:31:00+05:30,40.75,43.5,40.25,42.25,18250,529950
5601,2022-05-23 09:32:00+05:30,43.0,43.5,41.05,41.25,26200,537000
5602,2022-05-23 09:33:00+05:30,41.3,43.5,41.2,43.5,19350,537000
5603,2022-05-23 09:34:00+05:30,44.15,46.3,43.35,46.05,33600,537000
5604,2022-05-23 09:35:00+05:30,46.2,48.6,45.0,45.65,49700,537700
5605,2022-05-23 09:36:00+05:30,45.65,47.4,44.35,44.5,26150,537700
5606,2022-05-23 09:37:00+05:30,44.0,45.55,41.5,45.4,39300,537700
5607,2022-05-23 09:38:00+05:30,45.15,45.55,42.6,42.85,18050,543200
5608,2022-05-23 09:39:00+05:30,43.5,44.1,42.7,43.05,10250,543200
5609,2022-05-23 09:40:00+05:30,43.2,43.85,41.95,43.4,15550,543200
5610,2022-05-23 09:41:00+05:30,43.2,43.85,38.3,38.5,42000,556000
5611,2022-05-23 09:42:00+05:30,38.2,40.0,36.1,36.55,34450,556000
5612,2022-05-23 09:43:00+05:30,36.0,37.4,35.25,36.55,39750,556000
5613,2022-05-23 09:44:00+05:30,36.8,37.25,35.8,36.25,16300,554300
5614,2022-05-23 09:45:00+05:30,36.4,36.4,33.7,35.55,35950,554300
5615,2022-05-23 09:46:00+05:30,35.5,36.1,34.35,34.35,29950,554300
5616,2022-05-23 09:47:00+05:30,34.2,34.7,33.55,33.6,46650,549700
5617,2022-05-23 09:48:00+05:30,33.1,34.0,32.85,33.2,44550,549700
5618,2022-05-23 09:49:00+05:30,33.15,33.6,31.85,32.2,33600,549700
5619,2022-05-23 09:50:00+05:30,32.2,33.65,31.65,33.05,23500,563950
5620,2022-05-23 09:51:00+05:30,33.2,33.35,31.5,31.95,25600,563950
5621,2022-05-23 09:52:00+05:30,32.2,32.9,31.45,31.75,35150,563950
5622,2022-05-23 09:53:00+05:30,31.7,31.85,30.25,31.75,28550,546050
5623,2022-05-23 09:54:00+05:30,31.55,31.6,30.25,30.85,33350,546050
5624,2022-05-23 09:55:00+05:30,30.85,32.15,30.75,32.0,26450,546050
5625,2022-05-23 09:56:00+05:30,32.3,32.6,31.55,32.6,28300,556350
5626,2022-05-23 09:57:00+05:30,32.6,33.0,31.65,32.6,26050,556350
5627,2022-05-23 09:58:00+05:30,32.95,33.7,32.25,33.4,38100,556350
5628,2022-05-23 09:59:00+05:30,33.3,33.4,31.9,31.95,13000,564400
5629,2022-05-23 10:00:00+05:30,31.95,33.2,31.4,32.8,23100,564400
5630,2022-05-23 10:01:00+05:30,32.8,33.15,32.3,32.35,7050,564400
5631,2022-05-23 10:02:00+05:30,32.45,32.55,31.95,32.55,13350,567650
5632,2022-05-23 10:03:00+05:30,32.5,33.4,31.7,31.75,16050,567650
5633,2022-05-23 10:04:00+05:30,31.35,31.65,29.75,30.9,35100,567650
5634,2022-05-23 10:05:00+05:30,30.9,31.45,30.45,30.85,12500,567850
5635,2022-05-23 10:06:00+05:30,30.85,31.85,30.85,31.55,10400,567850
5636,2022-05-23 10:07:00+05:30,31.4,31.6,30.8,30.9,9800,567850
5637,2022-05-23 10:08:00+05:30,31.0,31.25,30.75,31.05,11550,574950
5638,2022-05-23 10:09:00+05:30,31.05,31.35,30.5,30.9,14650,574950
5639,2022-05-23 10:10:00+05:30,30.95,31.05,30.05,31.05,9500,574950
5640,2022-05-23 10:11:00+05:30,30.95,31.0,29.15,29.3,27100,571250
5641,2022-05-23 10:12:00+05:30,29.7,29.7,26.75,26.95,111850,571250
5642,2022-05-23 10:13:00+05:30,26.95,27.95,26.95,27.65,45150,571250
5643,2022-05-23 10:14:00+05:30,27.65,28.05,27.3,27.55,20050,602700
5644,2022-05-23 10:15:00+05:30,27.55,28.4,27.2,28.3,22400,602700
5645,2022-05-23 10:16:00+05:30,28.5,29.45,28.5,29.35,15300,602700
5646,2022-05-23 10:17:00+05:30,29.35,29.5,29.0,29.05,26200,607750
5647,2022-05-23 10:18:00+05:30,29.05,29.7,28.85,29.7,9200,607750
5648,2022-05-23 10:19:00+05:30,29.8,30.2,29.25,30.2,26200,607750
5649,2022-05-23 10:20:00+05:30,30.2,31.35,30.0,30.9,16150,622850
5650,2022-05-23 10:21:00+05:30,31.0,31.3,29.95,30.45,20900,622850
5651,2022-05-23 10:22:00+05:30,30.45,31.45,30.45,31.45,38250,622850
5652,2022-05-23 10:23:00+05:30,31.2,31.6,30.8,31.5,16100,604700
5653,2022-05-23 10:24:00+05:30,31.3,31.4,30.85,31.15,8450,604700
5654,2022-05-23 10:25:00+05:30,31.15,31.15,29.75,30.0,9900,604700
5655,2022-05-23 10:26:00+05:30,29.7,30.05,29.0,29.0,7950,607500
5656,2022-05-23 10:27:00+05:30,29.0,29.75,28.95,28.95,14150,607500
5657,2022-05-23 10:28:00+05:30,28.95,28.95,28.15,28.3,9650,607500
5658,2022-05-23 10:29:00+05:30,28.2,28.25,27.7,27.85,21900,618700
5659,2022-05-23 10:30:00+05:30,27.9,28.9,27.55,28.7,13550,618700
5660,2022-05-23 10:31:00+05:30,28.7,29.0,28.35,28.9,4250,618700
5661,2022-05-23 10:32:00+05:30,29.0,29.5,28.85,29.05,15550,624150
5662,2022-05-23 10:33:00+05:30,29.15,29.3,28.75,29.05,7350,624150
5663,2022-05-23 10:34:00+05:30,29.4,29.4,28.2,28.25,4750,624150
5664,2022-05-23 10:35:00+05:30,28.25,29.65,28.25,29.35,5650,627500
5665,2022-05-23 10:36:00+05:30,29.35,29.55,28.9,28.9,5800,627500
5666,2022-05-23 10:37:00+05:30,28.7,29.5,28.65,28.9,5350,627500
5667,2022-05-23 10:38:00+05:30,28.9,28.9,27.85,28.0,8400,625550
5668,2022-05-23 10:39:00+05:30,28.0,29.0,28.0,29.0,6450,625550
5669,2022-05-23 10:40:00+05:30,29.0,29.35,28.85,29.15,12150,625550
5670,2022-05-23 10:41:00+05:30,29.15,29.15,28.45,28.7,9350,627550
5671,2022-05-23 10:42:00+05:30,28.7,29.15,28.45,28.45,3150,627550
5672,2022-05-23 10:43:00+05:30,28.45,28.6,27.85,28.15,13000,627550
5673,2022-05-23 10:44:00+05:30,28.15,28.9,28.15,28.65,11600,629250
5674,2022-05-23 10:45:00+05:30,28.65,28.65,27.8,28.55,12100,629250
5675,2022-05-23 10:46:00+05:30,28.55,29.25,28.4,29.2,7550,629250
5676,2022-05-23 10:47:00+05:30,29.4,29.65,29.0,29.25,10600,621450
5677,2022-05-23 10:48:00+05:30,29.05,29.05,27.9,28.0,9300,621450
5678,2022-05-23 10:49:00+05:30,28.0,28.5,27.9,28.1,5450,621450
5679,2022-05-23 10:50:00+05:30,28.1,28.1,26.7,27.05,48900,629650
5680,2022-05-23 10:51:00+05:30,27.05,28.15,26.8,28.15,18150,629650
5681,2022-05-23 10:52:00+05:30,28.15,28.2,26.95,27.55,27650,629650
5682,2022-05-23 10:53:00+05:30,27.55,27.55,26.9,27.2,7200,645350
5683,2022-05-23 10:54:00+05:30,27.25,27.25,26.7,27.0,6950,645350
5684,2022-05-23 10:55:00+05:30,27.0,27.25,26.7,27.1,6850,645350
5685,2022-05-23 10:56:00+05:30,26.95,26.95,26.4,26.45,12850,651050
5686,2022-05-23 10:57:00+05:30,26.45,26.55,25.2,25.65,26550,651050
5687,2022-05-23 10:58:00+05:30,25.8,25.8,25.2,25.45,14350,651050
5688,2022-05-23 10:59:00+05:30,25.35,26.05,25.35,25.75,10350,647400
5689,2022-05-23 11:00:00+05:30,25.85,26.3,25.75,26.1,12350,647400
5690,2022-05-23 11:01:00+05:30,26.2,26.2,25.6,25.8,3800,647400
5691,2022-05-23 11:02:00+05:30,25.7,26.5,25.35,26.5,11200,647950
5692,2022-05-23 11:03:00+05:30,26.5,27.1,26.35,27.05,7350,647950
5693,2022-05-23 11:04:00+05:30,27.0,27.25,26.8,27.0,12100,647950
5694,2022-05-23 11:05:00+05:30,27.1,27.6,27.1,27.6,6500,652550
5695,2022-05-23 11:06:00+05:30,27.5,27.85,27.3,27.35,14050,652550
5696,2022-05-23 11:07:00+05:30,27.45,27.7,27.2,27.65,10050,652550
5697,2022-05-23 11:08:00+05:30,27.35,27.7,27.0,27.0,11850,646850
5698,2022-05-23 11:09:00+05:30,26.95,27.05,26.45,26.65,3650,646850
5699,2022-05-23 11:10:00+05:30,26.65,26.75,25.2,25.2,14600,646850
5700,2022-05-23 11:11:00+05:30,25.25,26.45,25.25,26.2,3850,645750
5701,2022-05-23 11:12:00+05:30,26.4,26.95,26.35,26.6,5200,645750
5702,2022-05-23 11:13:00+05:30,26.6,27.0,26.6,26.7,4600,645750
5703,2022-05-23 11:14:00+05:30,26.7,27.25,26.5,26.8,5450,643500
5704,2022-05-23 11:15:00+05:30,26.9,26.9,26.05,26.9,6000,643500
5705,2022-05-23 11:16:00+05:30,26.95,27.05,26.25,26.4,2550,643500
5706,2022-05-23 11:17:00+05:30,26.4,26.5,26.0,26.15,4250,643650
5707,2022-05-23 11:18:00+05:30,26.15,26.2,25.4,25.75,6400,643650
5708,2022-05-23 11:19:00+05:30,25.65,25.85,25.1,25.3,6350,643650
5709,2022-05-23 11:20:00+05:30,25.35,25.5,24.6,25.4,22750,644450
5710,2022-05-23 11:21:00+05:30,25.35,25.55,25.15,25.25,10200,644450
5711,2022-05-23 11:22:00+05:30,25.35,25.85,25.25,25.45,9400,644450
5712,2022-05-23 11:23:00+05:30,25.45,25.45,23.9,24.15,27550,645950
5713,2022-05-23 11:24:00+05:30,24.2,24.4,23.75,23.75,47900,645950
5714,2022-05-23 11:25:00+05:30,23.8,24.3,23.7,24.2,81850,645950
5715,2022-05-23 11:26:00+05:30,24.15,24.4,23.8,23.8,29100,726100
5716,2022-05-23 11:27:00+05:30,24.0,24.15,23.35,23.7,22550,726100
5717,2022-05-23 11:28:00+05:30,23.75,23.75,22.9,23.0,34500,726100
5718,2022-05-23 11:29:00+05:30,23.1,23.45,22.75,23.4,12250,734950
5719,2022-05-23 11:30:00+05:30,23.6,24.0,23.25,23.85,17200,734950
5720,2022-05-23 11:31:00+05:30,23.75,24.1,23.5,23.75,29750,734950
5721,2022-05-23 11:32:00+05:30,23.75,24.0,23.45,23.55,13950,733200
5722,2022-05-23 11:33:00+05:30,23.65,23.65,23.1,23.4,17100,733200
5723,2022-05-23 11:34:00+05:30,23.5,23.8,23.45,23.8,10150,733200
5724,2022-05-23 11:35:00+05:30,23.6,24.2,23.5,23.85,9650,721800
5725,2022-05-23 11:36:00+05:30,23.7,23.85,23.3,23.55,12100,721800
5726,2022-05-23 11:37:00+05:30,23.55,24.2,23.55,23.95,4000,721800
5727,2022-05-23 11:38:00+05:30,23.95,24.2,23.75,23.95,11000,718750
5728,2022-05-23 11:39:00+05:30,23.9,24.15,23.65,24.0,10300,718750
5729,2022-05-23 11:40:00+05:30,24.0,24.35,23.85,24.25,6900,718750
5730,2022-05-23 11:41:00+05:30,24.25,24.35,23.75,24.3,19200,716800
5731,2022-05-23 11:42:00+05:30,24.3,24.4,23.9,24.3,11950,716800
5732,2022-05-23 11:43:00+05:30,24.5,24.65,24.05,24.65,6850,716800
5733,2022-05-23 11:44:00+05:30,24.65,25.65,24.65,25.6,28100,712100
5734,2022-05-23 11:45:00+05:30,25.8,26.35,25.55,26.2,25550,712100
5735,2022-05-23 11:46:00+05:30,26.2,26.5,25.7,25.7,41200,712100
5736,2022-05-23 11:47:00+05:30,25.7,25.7,24.5,25.0,10350,716700
5737,2022-05-23 11:48:00+05:30,25.0,25.1,24.8,25.1,4600,716700
5738,2022-05-23 11:49:00+05:30,25.1,25.15,24.6,24.65,5650,716700
5739,2022-05-23 11:50:00+05:30,24.65,25.0,24.15,25.0,7250,716700
5740,2022-05-23 11:51:00+05:30,25.0,25.25,24.6,25.0,3650,720200
5741,2022-05-23 11:52:00+05:30,25.0,25.65,25.0,25.1,11750,720200
5742,2022-05-23 11:53:00+05:30,25.15,25.55,24.9,25.0,16700,719600
5743,2022-05-23 11:54:00+05:30,25.25,25.55,25.0,25.15,7250,719600
5744,2022-05-23 11:55:00+05:30,25.15,25.45,25.05,25.1,5700,719600
5745,2022-05-23 11:56:00+05:30,25.1,25.35,24.9,25.1,10250,718850
5746,2022-05-23 11:57:00+05:30,24.9,25.35,24.8,25.2,10500,718850
5747,2022-05-23 11:58:00+05:30,25.2,25.55,25.15,25.55,4600,718850
5748,2022-05-23 11:59:00+05:30,25.55,25.7,25.5,25.7,2350,724500
5749,2022-05-23 12:00:00+05:30,25.7,26.15,25.2,26.15,13300,724500
5750,2022-05-23 12:01:00+05:30,26.15,26.15,25.45,25.5,7750,724500
5751,2022-05-23 12:02:00+05:30,25.45,25.75,25.2,25.3,27400,747300
5752,2022-05-23 12:03:00+05:30,25.4,26.05,25.15,25.9,56950,747300
5753,2022-05-23 12:04:00+05:30,25.9,26.15,25.2,25.3,7850,747300
5754,2022-05-23 12:05:00+05:30,25.3,25.5,25.05,25.5,6200,753850
5755,2022-05-23 12:06:00+05:30,25.65,25.85,25.3,25.4,11650,753850
5756,2022-05-23 12:07:00+05:30,25.3,25.6,25.15,25.4,33150,753850
5757,2022-05-23 12:08:00+05:30,25.5,25.5,24.9,24.95,11700,772550
5758,2022-05-23 12:09:00+05:30,24.95,25.4,24.9,25.3,12350,772550
5759,2022-05-23 12:10:00+05:30,25.3,25.35,24.9,25.25,8950,772550
5760,2022-05-23 12:11:00+05:30,25.35,26.1,25.15,26.05,15850,789950
5761,2022-05-23 12:12:00+05:30,25.95,27.2,25.95,26.7,18250,789950
5762,2022-05-23 12:13:00+05:30,26.7,26.7,25.1,25.2,8900,789950
5763,2022-05-23 12:14:00+05:30,25.1,25.45,24.85,24.95,11000,789950
5764,2022-05-23 12:15:00+05:30,25.1,25.1,24.3,24.65,126700,790300
5765,2022-05-23 12:16:00+05:30,24.7,25.45,24.55,25.35,29450,790300
5766,2022-05-23 12:17:00+05:30,25.45,25.65,25.15,25.5,18550,790300
5767,2022-05-23 12:18:00+05:30,25.2,25.7,25.15,25.7,21650,821900
5768,2022-05-23 12:19:00+05:30,25.7,25.95,25.4,25.6,13850,821900
5769,2022-05-23 12:20:00+05:30,25.6,25.9,25.35,25.6,13050,821900
5770,2022-05-23 12:21:00+05:30,25.6,25.6,24.75,24.8,10600,835900
5771,2022-05-23 12:22:00+05:30,24.6,25.2,24.55,24.7,12250,835900
5772,2022-05-23 12:23:00+05:30,24.7,24.85,24.25,24.25,9550,835900
5773,2022-05-23 12:24:00+05:30,24.15,24.25,23.7,24.0,26600,847600
5774,2022-05-23 12:25:00+05:30,24.1,24.55,23.95,24.55,9600,847600
5775,2022-05-23 12:26:00+05:30,24.6,24.65,24.1,24.2,9450,847600
5776,2022-05-23 12:27:00+05:30,24.1,24.35,24.05,24.2,6900,848950
5777,2022-05-23 12:28:00+05:30,24.2,24.4,24.05,24.25,17500,848950
5778,2022-05-23 12:29:00+05:30,24.2,24.4,24.0,24.2,13150,848950
5779,2022-05-23 12:30:00+05:30,24.15,24.8,23.9,24.65,13600,859050
5780,2022-05-23 12:31:00+05:30,24.7,25.0,24.45,24.95,15350,859050
5781,2022-05-23 12:32:00+05:30,24.95,25.1,24.5,24.95,13100,859050
5782,2022-05-23 12:33:00+05:30,24.95,25.1,24.6,24.9,6950,859250
5783,2022-05-23 12:34:00+05:30,25.0,25.35,24.85,25.15,19050,859250
5784,2022-05-23 12:35:00+05:30,25.2,26.6,25.15,26.6,25250,859250
5785,2022-05-23 12:36:00+05:30,26.4,28.25,26.4,27.85,47200,863850
5786,2022-05-23 12:37:00+05:30,27.9,28.1,26.7,26.7,41200,863850
5787,2022-05-23 12:38:00+05:30,26.65,26.75,25.5,26.1,24950,863850
5788,2022-05-23 12:39:00+05:30,26.0,26.0,25.2,25.6,19650,859400
5789,2022-05-23 12:40:00+05:30,25.45,25.55,24.8,25.4,22050,859400
5790,2022-05-23 12:41:00+05:30,25.35,27.35,25.35,27.25,27850,859400
5791,2022-05-23 12:42:00+05:30,27.45,28.15,27.0,27.4,45950,873800
5792,2022-05-23 12:43:00+05:30,27.4,27.85,26.45,26.8,32600,873800
5793,2022-05-23 12:44:00+05:30,26.75,27.35,26.25,27.25,25150,873800
5794,2022-05-23 12:45:00+05:30,27.25,27.8,26.95,27.45,37900,904750
5795,2022-05-23 12:46:00+05:30,27.5,28.4,27.45,27.85,27200,904750
5796,2022-05-23 12:47:00+05:30,27.95,28.0,26.9,27.75,35600,904750
5797,2022-05-23 12:48:00+05:30,27.75,27.9,27.2,27.6,16350,937800
5798,2022-05-23 12:49:00+05:30,27.6,27.6,26.5,26.75,30050,937800
5799,2022-05-23 12:50:00+05:30,26.75,27.35,26.75,27.15,23250,937800
5800,2022-05-23 12:51:00+05:30,27.1,27.2,26.2,26.2,20300,955700
5801,2022-05-23 12:52:00+05:30,26.2,27.1,25.55,27.1,24850,955700
5802,2022-05-23 12:53:00+05:30,27.1,27.2,26.7,27.15,5450,955700
5803,2022-05-23 12:54:00+05:30,27.15,27.15,26.05,26.3,28400,965850
5804,2022-05-23 12:55:00+05:30,26.2,26.55,25.3,25.5,22200,965850
5805,2022-05-23 12:56:00+05:30,25.5,26.3,25.15,25.15,12750,965850
5806,2022-05-23 12:57:00+05:30,25.35,25.5,24.65,25.5,35100,978350
5807,2022-05-23 12:58:00+05:30,25.5,26.2,25.45,25.9,16050,978350
5808,2022-05-23 12:59:00+05:30,25.9,27.1,25.85,27.05,35300,978350
5809,2022-05-23 13:00:00+05:30,27.05,27.7,26.65,27.35,15700,1009750
5810,2022-05-23 13:01:00+05:30,27.35,27.8,25.95,26.2,11000,1009750
5811,2022-05-23 13:02:00+05:30,25.8,25.95,25.1,25.65,11400,1009750
5812,2022-05-23 13:03:00+05:30,25.65,25.9,25.0,25.8,11200,1008200
5813,2022-05-23 13:04:00+05:30,25.8,26.05,25.3,26.05,7400,1008200
5814,2022-05-23 13:05:00+05:30,26.05,26.1,25.2,26.0,3800,1008200
5815,2022-05-23 13:06:00+05:30,26.0,26.1,25.55,26.1,4300,1008750
5816,2022-05-23 13:07:00+05:30,26.1,26.45,26.0,26.25,5950,1008750
5817,2022-05-23 13:08:00+05:30,26.25,26.4,26.0,26.3,8200,1008750
5818,2022-05-23 13:09:00+05:30,26.3,26.3,25.6,25.9,2300,1005800
5819,2022-05-23 13:10:00+05:30,25.9,26.35,25.7,26.15,5500,1005800
5820,2022-05-23 13:11:00+05:30,26.0,27.25,26.0,26.85,9100,1005800
5821,2022-05-23 13:12:00+05:30,26.85,27.65,26.75,27.5,6700,999900
5822,2022-05-23 13:13:00+05:30,27.1,27.5,26.9,27.35,6500,999900
5823,2022-05-23 13:14:00+05:30,27.35,27.65,27.15,27.35,6550,999900
5824,2022-05-23 13:15:00+05:30,27.5,27.5,26.65,27.0,10300,999600
5825,2022-05-23 13:16:00+05:30,27.0,27.0,26.0,26.0,5950,999600
5826,2022-05-23 13:17:00+05:30,26.0,26.6,25.8,26.55,11800,999600
5827,2022-05-23 13:18:00+05:30,26.55,26.55,26.15,26.5,4900,995050
5828,2022-05-23 13:19:00+05:30,26.7,27.1,26.6,27.0,5300,995050
5829,2022-05-23 13:20:00+05:30,27.0,27.4,26.6,26.7,6550,995050
5830,2022-05-23 13:21:00+05:30,26.7,26.7,25.95,26.2,17950,991200
5831,2022-05-23 13:22:00+05:30,26.3,26.4,26.0,26.1,7200,991200
5832,2022-05-23 13:23:00+05:30,26.4,26.7,26.1,26.5,21350,991200
5833,2022-05-23 13:24:00+05:30,26.5,26.6,26.35,26.6,3000,974850
5834,2022-05-23 13:25:00+05:30,26.5,26.5,25.7,25.8,9700,974850
5835,2022-05-23 13:26:00+05:30,25.8,25.95,25.15,25.15,10650,974850
5836,2022-05-23 13:27:00+05:30,25.35,25.35,22.7,23.3,78200,989950
5837,2022-05-23 13:28:00+05:30,23.3,24.25,23.15,24.05,20500,989950
5838,2022-05-23 13:29:00+05:30,24.05,24.55,23.5,23.7,22250,989950
5839,2022-05-23 13:30:00+05:30,23.9,23.9,21.5,21.8,56750,990550
5840,2022-05-23 13:31:00+05:30,21.95,22.25,21.4,22.2,65650,990550
5841,2022-05-23 13:32:00+05:30,22.3,22.45,21.5,21.8,28200,990550
5842,2022-05-23 13:33:00+05:30,21.8,22.7,21.8,22.65,26100,975050
5843,2022-05-23 13:34:00+05:30,22.55,23.1,22.35,22.9,23600,975050
5844,2022-05-23 13:35:00+05:30,23.1,23.55,22.7,22.9,15900,975050
5845,2022-05-23 13:36:00+05:30,22.9,23.3,22.6,23.1,14850,960650
5846,2022-05-23 13:37:00+05:30,23.0,23.65,23.0,23.45,14600,960650
5847,2022-05-23 13:38:00+05:30,23.55,24.0,23.05,23.15,20650,960650
5848,2022-05-23 13:39:00+05:30,23.15,23.45,22.9,23.3,22850,957350
5849,2022-05-23 13:40:00+05:30,23.3,23.3,22.7,22.85,13700,957350
5850,2022-05-23 13:41:00+05:30,22.85,22.85,22.05,22.6,21650,957350
5851,2022-05-23 13:42:00+05:30,22.65,23.85,22.55,23.85,19950,954900
5852,2022-05-23 13:43:00+05:30,23.95,24.95,23.8,24.45,39850,954900
5853,2022-05-23 13:44:00+05:30,24.65,26.1,24.6,25.5,42600,954900
5854,2022-05-23 13:45:00+05:30,25.5,26.95,25.5,26.15,48350,944550
5855,2022-05-23 13:46:00+05:30,26.15,27.3,25.9,26.8,20550,944550
5856,2022-05-23 13:47:00+05:30,26.7,27.1,26.0,26.0,26100,944550
5857,2022-05-23 13:48:00+05:30,26.0,26.0,23.2,23.45,28350,950700
5858,2022-05-23 13:49:00+05:30,23.75,25.45,23.75,25.4,43500,950700
5859,2022-05-23 13:50:00+05:30,25.35,26.8,25.35,26.65,26850,950700
5860,2022-05-23 13:51:00+05:30,26.5,27.1,25.8,26.75,7750,968400
5861,2022-05-23 13:52:00+05:30,26.75,27.25,25.5,25.8,30900,968400
5862,2022-05-23 13:53:00+05:30,25.65,26.25,25.5,25.65,11400,968400
5863,2022-05-23 13:54:00+05:30,25.65,25.65,24.7,25.45,12400,968700
5864,2022-05-23 13:55:00+05:30,25.55,25.6,24.85,24.95,7350,968700
5865,2022-05-23 13:56:00+05:30,24.95,25.45,24.5,24.75,5300,968700
5866,2022-05-23 13:57:00+05:30,24.75,26.6,24.45,26.2,17650,970700
5867,2022-05-23 13:58:00+05:30,26.25,28.0,25.75,27.75,58750,970700
5868,2022-05-23 13:59:00+05:30,27.85,29.0,26.95,28.95,44350,970700
5869,2022-05-23 14:00:00+05:30,29.1,31.6,29.1,29.75,81400,941950
5870,2022-05-23 14:01:00+05:30,30.0,31.7,29.85,30.35,45250,941950
5871,2022-05-23 14:02:00+05:30,30.4,32.2,30.3,30.85,79050,941950
5872,2022-05-23 14:03:00+05:30,31.5,31.5,29.9,30.25,53100,927350
5873,2022-05-23 14:04:00+05:30,30.55,32.95,29.9,32.8,60050,927350
5874,2022-05-23 14:05:00+05:30,32.55,35.25,32.55,33.0,143800,927350
5875,2022-05-23 14:06:00+05:30,33.5,37.55,33.15,35.6,110250,901800
5876,2022-05-23 14:07:00+05:30,35.65,37.3,34.5,34.8,78850,901800
5877,2022-05-23 14:08:00+05:30,34.95,35.1,30.9,33.45,82800,901800
5878,2022-05-23 14:09:00+05:30,33.25,34.55,32.7,33.9,36800,891350
5879,2022-05-23 14:10:00+05:30,33.45,33.95,31.85,33.0,26500,891350
5880,2022-05-23 14:11:00+05:30,32.95,33.0,30.15,31.9,41300,891350
5881,2022-05-23 14:12:00+05:30,32.45,32.5,30.25,32.15,17700,886600
5882,2022-05-23 14:13:00+05:30,32.2,34.15,32.0,33.5,62400,886600
5883,2022-05-23 14:14:00+05:30,33.4,35.5,33.15,35.5,51500,886600
5884,2022-05-23 14:15:00+05:30,35.7,36.35,32.8,33.1,45150,892850
5885,2022-05-23 14:16:00+05:30,33.35,35.5,33.15,34.05,30150,892850
5886,2022-05-23 14:17:00+05:30,33.9,35.1,32.85,34.7,29950,892850
5887,2022-05-23 14:18:00+05:30,34.65,34.7,32.6,33.95,42600,896200
5888,2022-05-23 14:19:00+05:30,33.85,34.05,32.8,33.45,8200,896200
5889,2022-05-23 14:20:00+05:30,33.7,33.75,32.1,33.35,21500,896200
5890,2022-05-23 14:21:00+05:30,33.0,33.5,32.25,33.2,15400,885900
5891,2022-05-23 14:22:00+05:30,33.2,33.25,31.1,32.05,30550,885900
5892,2022-05-23 14:23:00+05:30,32.2,33.65,31.45,33.65,41100,885900
5893,2022-05-23 14:24:00+05:30,33.85,34.0,32.8,33.65,12900,877550
5894,2022-05-23 14:25:00+05:30,33.65,33.9,32.85,33.05,12200,877550
5895,2022-05-23 14:26:00+05:30,33.15,34.1,32.25,34.1,20350,877550
5896,2022-05-23 14:27:00+05:30,34.05,34.35,31.55,31.65,31400,874100
5897,2022-05-23 14:28:00+05:30,31.55,33.1,31.55,32.8,16550,874100
5898,2022-05-23 14:29:00+05:30,32.8,33.0,32.1,32.65,5100,874100
5899,2022-05-23 14:30:00+05:30,32.65,33.15,32.1,32.65,16250,876750
5900,2022-05-23 14:31:00+05:30,32.5,36.85,32.5,36.5,41150,876750
5901,2022-05-23 14:32:00+05:30,36.5,36.75,34.1,35.05,37800,876750
5902,2022-05-23 14:33:00+05:30,35.05,35.45,34.1,35.3,18350,875150
5903,2022-05-23 14:34:00+05:30,35.35,36.55,34.95,35.1,39400,875150
5904,2022-05-23 14:35:00+05:30,35.05,35.4,32.65,33.55,30500,875150
5905,2022-05-23 14:36:00+05:30,34.0,34.5,33.4,33.45,18600,878550
5906,2022-05-23 14:37:00+05:30,33.35,35.0,33.05,35.0,32850,878550
5907,2022-05-23 14:38:00+05:30,35.35,36.0,34.3,35.5,27800,878550
5908,2022-05-23 14:39:00+05:30,35.75,35.75,34.5,34.9,18450,875200
5909,2022-05-23 14:40:00+05:30,34.9,34.9,33.6,34.25,13400,875200
5910,2022-05-23 14:41:00+05:30,34.25,34.35,31.15,32.5,37000,875200
5911,2022-05-23 14:42:00+05:30,32.0,34.0,31.6,33.6,24550,875000
5912,2022-05-23 14:43:00+05:30,33.65,34.2,32.65,33.1,18200,875000
5913,2022-05-23 14:44:00+05:30,32.8,34.95,32.75,34.8,27900,875000
5914,2022-05-23 14:45:00+05:30,34.95,35.25,33.8,35.1,20250,868950
5915,2022-05-23 14:46:00+05:30,35.2,36.0,33.15,33.3,32900,868950
5916,2022-05-23 14:47:00+05:30,33.25,33.8,32.0,33.75,21350,868950
5917,2022-05-23 14:48:00+05:30,33.65,33.95,32.5,33.45,11600,863150
5918,2022-05-23 14:49:00+05:30,33.55,34.25,32.75,33.15,11300,863150
5919,2022-05-23 14:50:00+05:30,32.95,33.5,32.5,33.5,8750,863150
5920,2022-05-23 14:51:00+05:30,33.5,34.25,33.25,33.95,8950,855750
5921,2022-05-23 14:52:00+05:30,33.95,34.0,33.1,33.35,15250,855750
5922,2022-05-23 14:53:00+05:30,33.15,33.45,32.25,32.6,9950,855750
5923,2022-05-23 14:54:00+05:30,33.05,33.5,32.25,32.45,13100,843550
5924,2022-05-23 14:55:00+05:30,32.45,33.65,32.25,33.5,3600,843550
5925,2022-05-23 14:56:00+05:30,33.5,33.65,32.0,32.15,15350,843550
5926,2022-05-23 14:57:00+05:30,32.15,32.3,28.85,29.85,53600,842800
5927,2022-05-23 14:58:00+05:30,30.05,32.5,30.05,32.15,25100,842800
5928,2022-05-23 14:59:00+05:30,32.2,32.55,29.95,32.0,27100,842800
5929,2022-05-23 15:00:00+05:30,31.9,33.05,30.5,31.85,26950,839700
5930,2022-05-23 15:01:00+05:30,31.75,33.2,31.6,32.7,33250,839700
5931,2022-05-23 15:02:00+05:30,32.9,36.65,32.7,36.45,118600,839700
5932,2022-05-23 15:03:00+05:30,36.8,39.0,36.05,37.3,152500,816150
5933,2022-05-23 15:04:00+05:30,37.35,38.9,36.8,37.6,56400,816150
5934,2022-05-23 15:05:00+05:30,37.05,39.25,36.55,39.0,50350,816150
5935,2022-05-23 15:06:00+05:30,38.3,39.3,36.55,36.55,63900,784800
5936,2022-05-23 15:07:00+05:30,36.75,36.75,34.15,34.55,60300,784800
5937,2022-05-23 15:08:00+05:30,34.85,36.1,34.55,35.7,27500,784800
5938,2022-05-23 15:09:00+05:30,35.75,36.15,34.65,35.2,27200,787150
5939,2022-05-23 15:10:00+05:30,35.2,36.25,34.85,35.8,23000,787150
5940,2022-05-23 15:11:00+05:30,35.7,37.15,35.7,36.75,32700,787150
5941,2022-05-23 15:12:00+05:30,36.8,37.8,36.45,37.7,29500,778850
5942,2022-05-23 15:13:00+05:30,37.9,38.2,37.4,37.85,34050,778850
5943,2022-05-23 15:14:00+05:30,38.0,38.2,36.55,37.2,46000,778850
5944,2022-05-23 15:15:00+05:30,37.25,37.7,36.1,37.7,34750,774050
5945,2022-05-23 15:16:00+05:30,37.6,37.6,36.95,37.35,22400,774050
5946,2022-05-23 15:17:00+05:30,37.15,37.35,36.1,36.55,31100,774050
5947,2022-05-23 15:18:00+05:30,36.5,36.55,35.7,36.05,40850,770000
5948,2022-05-23 15:19:00+05:30,36.2,36.6,35.95,36.55,33850,770000
5949,2022-05-23 15:20:00+05:30,36.4,36.9,36.25,36.85,15650,770000
5950,2022-05-23 15:21:00+05:30,36.95,37.0,36.75,37.0,16050,776650
5951,2022-05-23 15:22:00+05:30,36.95,37.0,36.25,36.45,31400,776650
5952,2022-05-23 15:23:00+05:30,36.45,37.0,36.4,36.8,26750,776650
5953,2022-05-23 15:24:00+05:30,36.85,39.2,36.8,39.2,45000,760250
5954,2022-05-23 15:25:00+05:30,39.4,41.85,39.3,41.25,57400,760250
5955,2022-05-23 15:26:00+05:30,41.2,43.8,41.2,43.2,32600,760250
5956,2022-05-23 15:27:00+05:30,42.9,43.65,42.15,42.9,46250,739550
5957,2022-05-23 15:28:00+05:30,43.0,43.75,41.8,41.95,49400,739550
5958,2022-05-23 15:29:00+05:30,42.0,43.25,40.8,42.0,48750,739550
5959,2022-05-24 09:15:00+05:30,42.0,42.0,31.05,33.1,49700,716300
5960,2022-05-24 09:16:00+05:30,33.0,33.05,31.0,31.65,102000,716300
5961,2022-05-24 09:17:00+05:30,31.8,31.85,29.55,31.5,141700,748000
5962,2022-05-24 09:18:00+05:30,31.5,34.5,30.5,34.25,71500,748000
5963,2022-05-24 09:19:00+05:30,33.75,34.3,32.6,33.0,46950,748000
5964,2022-05-24 09:20:00+05:30,32.9,32.9,30.4,31.15,96750,791750
5965,2022-05-24 09:21:00+05:30,31.4,31.65,29.1,30.45,53700,791750
5966,2022-05-24 09:22:00+05:30,30.6,31.25,29.3,29.8,42250,791750
5967,2022-05-24 09:23:00+05:30,29.6,29.8,27.7,27.75,53500,806200
5968,2022-05-24 09:24:00+05:30,27.7,29.4,27.35,29.4,73150,806200
5969,2022-05-24 09:25:00+05:30,29.3,31.65,28.7,31.35,59900,806200
5970,2022-05-24 09:26:00+05:30,31.1,33.75,30.5,33.55,58850,840650
5971,2022-05-24 09:27:00+05:30,33.1,34.45,32.2,34.25,57450,840650
5972,2022-05-24 09:28:00+05:30,34.45,37.6,34.0,37.55,77250,840650
5973,2022-05-24 09:29:00+05:30,37.65,42.45,37.2,41.35,130500,868500
5974,2022-05-24 09:30:00+05:30,41.4,45.2,38.6,43.9,248700,868500
5975,2022-05-24 09:31:00+05:30,43.8,45.2,42.85,43.5,133450,868500
5976,2022-05-24 09:32:00+05:30,44.1,45.05,39.85,39.85,134000,852200
5977,2022-05-24 09:33:00+05:30,39.8,40.2,35.4,35.4,112150,852200
5978,2022-05-24 09:34:00+05:30,35.4,37.5,34.35,35.6,55850,852200
5979,2022-05-24 09:35:00+05:30,35.3,39.65,35.15,39.15,47200,872650
5980,2022-05-24 09:36:00+05:30,39.2,39.3,37.0,38.7,54050,872650
5981,2022-05-24 09:37:00+05:30,38.65,38.95,36.6,37.8,45850,872650
5982,2022-05-24 09:38:00+05:30,37.9,39.55,37.75,38.95,24600,867750
5983,2022-05-24 09:39:00+05:30,39.0,39.4,37.5,39.3,38500,867750
5984,2022-05-24 09:40:00+05:30,39.15,40.85,38.5,39.5,47350,867750
5985,2022-05-24 09:41:00+05:30,39.3,39.75,37.95,38.5,32300,875600
5986,2022-05-24 09:42:00+05:30,38.4,40.3,38.35,39.85,36200,875600
5987,2022-05-24 09:43:00+05:30,39.85,40.75,38.45,38.85,35200,875600
5988,2022-05-24 09:44:00+05:30,38.85,40.85,38.65,40.6,34850,873650
5989,2022-05-24 09:45:00+05:30,40.3,41.55,38.4,39.35,60750,873650
5990,2022-05-24 09:46:00+05:30,39.35,40.4,38.7,39.45,48800,873650
5991,2022-05-24 09:47:00+05:30,39.55,41.8,39.05,41.1,42650,885850
5992,2022-05-24 09:48:00+05:30,41.4,41.45,39.55,40.7,50650,885850
5993,2022-05-24 09:49:00+05:30,40.6,41.05,39.0,40.2,26150,885850
5994,2022-05-24 09:50:00+05:30,40.25,40.35,38.6,38.75,15700,895250
5995,2022-05-24 09:51:00+05:30,38.6,39.6,37.55,38.4,19050,895250
5996,2022-05-24 09:52:00+05:30,38.45,39.15,37.6,38.0,25400,895250
5997,2022-05-24 09:53:00+05:30,38.35,39.7,38.25,38.95,21600,898850
5998,2022-05-24 09:54:00+05:30,38.9,40.0,38.6,39.05,39200,898850
5999,2022-05-24 09:55:00+05:30,39.05,40.05,38.0,38.2,26350,898850
6000,2022-05-24 09:56:00+05:30,37.9,38.6,35.1,38.4,70450,904650
6001,2022-05-24 09:57:00+05:30,38.7,40.35,38.5,39.7,54950,904650
6002,2022-05-24 09:58:00+05:30,39.7,41.6,39.55,41.1,44000,904650
6003,2022-05-24 09:59:00+05:30,40.8,42.6,40.35,42.1,93550,894050
6004,2022-05-24 10:00:00+05:30,42.0,42.65,40.7,41.65,73850,894050
6005,2022-05-24 10:01:00+05:30,41.3,42.05,39.85,41.45,58250,894050
6006,2022-05-24 10:02:00+05:30,41.45,42.1,40.9,41.5,40950,873650
6007,2022-05-24 10:03:00+05:30,41.15,41.75,40.0,41.65,83000,873650
6008,2022-05-24 10:04:00+05:30,41.8,43.15,41.2,42.55,51450,873650
6009,2022-05-24 10:05:00+05:30,42.65,42.95,40.85,41.6,91000,909800
6010,2022-05-24 10:06:00+05:30,41.6,41.65,40.35,40.5,31550,909800
6011,2022-05-24 10:07:00+05:30,40.7,41.0,39.45,39.8,35750,909800
6012,2022-05-24 10:08:00+05:30,39.95,41.2,39.75,40.95,18300,905600
6013,2022-05-24 10:09:00+05:30,40.95,41.85,40.75,41.85,26550,905600
6014,2022-05-24 10:10:00+05:30,41.65,41.75,39.2,39.9,24950,905600
6015,2022-05-24 10:11:00+05:30,40.1,40.7,39.25,40.6,20700,896500
6016,2022-05-24 10:12:00+05:30,40.95,41.35,40.6,40.8,9000,896500
6017,2022-05-24 10:13:00+05:30,40.75,40.95,39.4,40.1,19450,896500
6018,2022-05-24 10:14:00+05:30,39.95,40.55,39.55,39.8,13400,890600
6019,2022-05-24 10:15:00+05:30,39.9,41.15,39.75,41.0,28600,890600
6020,2022-05-24 10:16:00+05:30,41.2,42.55,41.1,42.4,112250,890600
6021,2022-05-24 10:17:00+05:30,42.55,42.55,41.15,42.05,33250,850900
6022,2022-05-24 10:18:00+05:30,42.3,43.1,41.55,42.7,37700,850900
6023,2022-05-24 10:19:00+05:30,42.85,43.25,42.25,43.2,43550,850900
6024,2022-05-24 10:20:00+05:30,43.25,44.0,41.3,41.75,55750,855800
6025,2022-05-24 10:21:00+05:30,41.85,42.0,40.5,41.55,25200,855800
6026,2022-05-24 10:22:00+05:30,41.6,42.15,40.55,42.1,23200,855800
6027,2022-05-24 10:23:00+05:30,41.5,42.15,41.2,41.7,20050,864450
6028,2022-05-24 10:24:00+05:30,41.7,41.95,41.1,41.9,11000,864450
6029,2022-05-24 10:25:00+05:30,42.0,42.1,40.05,40.5,17850,864450
6030,2022-05-24 10:26:00+05:30,40.9,41.65,40.55,41.15,10850,866150
6031,2022-05-24 10:27:00+05:30,41.2,41.6,40.85,40.85,12000,866150
6032,2022-05-24 10:28:00+05:30,40.75,41.1,39.65,40.15,22050,866150
6033,2022-05-24 10:29:00+05:30,40.15,40.3,37.95,39.0,36800,870100
6034,2022-05-24 10:30:00+05:30,38.9,39.4,36.25,36.45,28050,870100
6035,2022-05-24 10:31:00+05:30,36.75,38.3,36.5,37.9,32950,870100
6036,2022-05-24 10:32:00+05:30,37.95,38.35,37.35,37.6,17350,876900
6037,2022-05-24 10:33:00+05:30,38.0,39.55,37.6,39.45,16600,876900
6038,2022-05-24 10:34:00+05:30,39.5,39.5,37.25,37.9,12650,876900
6039,2022-05-24 10:35:00+05:30,37.65,38.25,34.0,35.0,54150,874950
6040,2022-05-24 10:36:00+05:30,34.9,34.9,32.6,33.9,54800,874950
6041,2022-05-24 10:37:00+05:30,33.9,34.7,33.8,34.45,24550,874950
6042,2022-05-24 10:38:00+05:30,34.45,35.35,34.3,34.7,14150,873300
6043,2022-05-24 10:39:00+05:30,34.7,34.95,34.1,34.3,14250,873300
6044,2022-05-24 10:40:00+05:30,34.2,34.25,33.25,34.05,30200,873300
6045,2022-05-24 10:41:00+05:30,34.0,34.5,33.7,34.15,9150,872800
6046,2022-05-24 10:42:00+05:30,34.15,35.9,34.15,35.8,24350,872800
6047,2022-05-24 10:43:00+05:30,35.8,36.95,35.7,36.95,16300,872800
6048,2022-05-24 10:44:00+05:30,36.95,37.5,36.5,36.9,12550,869500
6049,2022-05-24 10:45:00+05:30,37.25,38.2,37.05,38.0,13450,869500
6050,2022-05-24 10:46:00+05:30,38.1,38.3,36.2,36.5,19050,869500
6051,2022-05-24 10:47:00+05:30,36.5,36.5,35.35,36.2,9600,871300
6052,2022-05-24 10:48:00+05:30,36.1,36.5,35.2,35.3,12400,871300
6053,2022-05-24 10:49:00+05:30,35.3,35.7,34.35,34.75,17800,871300
6054,2022-05-24 10:50:00+05:30,34.75,34.75,33.45,34.45,20100,868200
6055,2022-05-24 10:51:00+05:30,34.45,34.85,33.8,34.15,8250,868200
6056,2022-05-24 10:52:00+05:30,34.0,34.15,33.15,34.0,22250,868200
6057,2022-05-24 10:53:00+05:30,34.0,35.7,34.0,35.45,7900,865000
6058,2022-05-24 10:54:00+05:30,35.65,36.25,34.55,34.55,10250,865000
6059,2022-05-24 10:55:00+05:30,34.8,35.9,34.7,34.95,11400,865000
6060,2022-05-24 10:56:00+05:30,34.95,35.0,33.75,34.4,13800,871400
6061,2022-05-24 10:57:00+05:30,34.4,35.35,34.05,35.35,5000,871400
6062,2022-05-24 10:58:00+05:30,35.35,35.6,34.95,35.05,5400,871400
6063,2022-05-24 10:59:00+05:30,35.4,36.0,35.05,35.45,10400,869450
6064,2022-05-24 11:00:00+05:30,35.45,36.6,35.15,36.1,12700,869450
6065,2022-05-24 11:01:00+05:30,36.15,37.2,36.1,36.9,25300,869450
6066,2022-05-24 11:02:00+05:30,36.7,37.0,35.65,36.3,12300,875250
6067,2022-05-24 11:03:00+05:30,36.45,36.45,34.55,34.55,9900,875250
6068,2022-05-24 11:04:00+05:30,34.35,35.75,34.35,35.5,2350,875250
6069,2022-05-24 11:05:00+05:30,35.35,35.9,34.5,35.8,10000,878700
6070,2022-05-24 11:06:00+05:30,35.8,36.05,34.8,36.0,10800,878700
6071,2022-05-24 11:07:00+05:30,35.6,36.0,34.2,35.15,17300,878700
6072,2022-05-24 11:08:00+05:30,35.8,35.95,35.3,35.8,5050,879750
6073,2022-05-24 11:09:00+05:30,35.35,35.65,34.7,35.15,5600,879750
6074,2022-05-24 11:10:00+05:30,35.0,35.75,34.45,35.7,32950,879750
6075,2022-05-24 11:11:00+05:30,35.7,36.0,34.9,35.85,11000,871500
6076,2022-05-24 11:12:00+05:30,35.85,35.85,35.25,35.25,4150,871500
6077,2022-05-24 11:13:00+05:30,35.25,36.3,35.25,36.3,12250,871500
6078,2022-05-24 11:14:00+05:30,36.2,36.95,35.9,36.75,13050,864850
6079,2022-05-24 11:15:00+05:30,37.0,37.25,36.35,36.4,8400,864850
6080,2022-05-24 11:16:00+05:30,36.45,38.6,36.4,38.5,17250,864850
6081,2022-05-24 11:17:00+05:30,38.45,38.55,37.5,37.5,13800,864900
6082,2022-05-24 11:18:00+05:30,37.5,38.5,37.45,38.4,13450,864900
6083,2022-05-24 11:19:00+05:30,38.3,38.75,37.75,37.8,13350,864900
6084,2022-05-24 11:20:00+05:30,37.65,37.8,36.5,37.5,11300,866850
6085,2022-05-24 11:21:00+05:30,37.5,38.5,37.5,38.5,8400,866850
6086,2022-05-24 11:22:00+05:30,38.5,39.05,38.3,39.0,12300,866850
6087,2022-05-24 11:23:00+05:30,38.7,39.5,38.45,38.55,25700,869550
6088,2022-05-24 11:24:00+05:30,38.55,38.55,35.5,37.25,39450,869550
6089,2022-05-24 11:25:00+05:30,37.0,37.25,35.4,36.0,44150,869550
6090,2022-05-24 11:26:00+05:30,36.05,37.2,35.75,37.0,9500,871400
6091,2022-05-24 11:27:00+05:30,37.25,37.5,36.4,37.35,5300,871400
6092,2022-05-24 11:28:00+05:30,37.35,37.35,36.2,36.4,4100,871400
6093,2022-05-24 11:29:00+05:30,36.4,36.95,35.7,36.1,17500,881250
6094,2022-05-24 11:30:00+05:30,36.4,36.5,35.4,36.15,5900,881250
6095,2022-05-24 11:31:00+05:30,36.2,37.2,36.15,36.8,18250,881250
6096,2022-05-24 11:32:00+05:30,36.6,36.8,34.9,35.2,17800,877700
6097,2022-05-24 11:33:00+05:30,35.2,35.35,34.35,35.1,9250,877700
6098,2022-05-24 11:34:00+05:30,34.9,35.45,34.5,34.6,6900,877700
6099,2022-05-24 11:35:00+05:30,34.3,35.0,33.4,34.35,43950,880600
6100,2022-05-24 11:36:00+05:30,34.5,34.8,32.9,33.9,25650,880600
6101,2022-05-24 11:37:00+05:30,33.9,35.0,33.9,34.75,21800,880600
6102,2022-05-24 11:38:00+05:30,34.8,34.85,33.4,34.1,13200,889100
6103,2022-05-24 11:39:00+05:30,34.0,34.4,33.9,34.15,5900,889100
6104,2022-05-24 11:40:00+05:30,34.05,34.05,30.8,30.8,25100,889100
6105,2022-05-24 11:41:00+05:30,30.85,31.6,28.75,29.55,54800,890550
6106,2022-05-24 11:42:00+05:30,29.9,30.35,29.0,29.55,29950,890550
6107,2022-05-24 11:43:00+05:30,29.2,29.55,27.7,28.25,59800,890550
6108,2022-05-24 11:44:00+05:30,28.45,28.45,25.2,25.35,65550,908000
6109,2022-05-24 11:45:00+05:30,24.95,25.3,21.8,24.6,99750,908000
6110,2022-05-24 11:46:00+05:30,24.35,24.9,23.55,24.45,52450,908000
6111,2022-05-24 11:47:00+05:30,24.25,25.95,24.25,24.9,70300,875300
6112,2022-05-24 11:48:00+05:30,24.9,25.8,24.8,25.8,40250,875300
6113,2022-05-24 11:49:00+05:30,25.9,26.55,25.7,26.45,47250,875300
6114,2022-05-24 11:50:00+05:30,26.5,27.15,26.2,27.15,48950,876950
6115,2022-05-24 11:51:00+05:30,27.0,27.3,26.65,26.75,34100,876950
6116,2022-05-24 11:52:00+05:30,26.75,26.75,25.2,26.45,32400,876950
6117,2022-05-24 11:53:00+05:30,26.35,26.75,25.9,25.9,22700,890200
6118,2022-05-24 11:54:00+05:30,26.0,26.25,24.85,25.0,23200,890200
6119,2022-05-24 11:55:00+05:30,24.95,25.55,24.2,25.25,44850,890200
6120,2022-05-24 11:56:00+05:30,25.4,26.0,25.1,25.9,15500,871600
6121,2022-05-24 11:57:00+05:30,25.9,26.15,25.35,25.45,22050,871600
6122,2022-05-24 11:58:00+05:30,25.45,26.4,25.45,26.2,14000,871600
6123,2022-05-24 11:59:00+05:30,26.2,26.55,25.85,26.2,32100,890000
6124,2022-05-24 12:00:00+05:30,26.55,27.45,26.15,27.3,36200,890000
6125,2022-05-24 12:01:00+05:30,27.2,29.0,27.05,28.6,62450,890000
6126,2022-05-24 12:02:00+05:30,28.65,29.7,28.4,29.15,52000,880200
6127,2022-05-24 12:03:00+05:30,28.8,29.15,27.85,28.9,19200,880200
6128,2022-05-24 12:04:00+05:30,28.9,29.25,28.5,29.25,10600,880200
6129,2022-05-24 12:05:00+05:30,29.35,30.0,29.1,29.35,45800,871650
6130,2022-05-24 12:06:00+05:30,29.6,30.35,29.3,30.2,21700,871650
6131,2022-05-24 12:07:00+05:30,30.25,32.0,30.2,32.0,29000,871650
6132,2022-05-24 12:08:00+05:30,32.0,33.6,32.0,33.6,60900,864050
6133,2022-05-24 12:09:00+05:30,33.5,34.3,31.9,33.05,51450,864050
6134,2022-05-24 12:10:00+05:30,33.15,34.8,32.85,33.3,45800,864050
6135,2022-05-24 12:11:00+05:30,33.0,34.05,32.8,32.9,35150,857450
6136,2022-05-24 12:12:00+05:30,32.95,34.1,32.85,33.2,29900,857450
6137,2022-05-24 12:13:00+05:30,33.25,33.45,31.2,31.55,48700,857450
6138,2022-05-24 12:14:00+05:30,31.6,32.3,29.7,30.0,25500,857450
6139,2022-05-24 12:15:00+05:30,30.3,31.45,30.2,30.75,24350,860250
6140,2022-05-24 12:16:00+05:30,30.85,31.55,29.4,29.4,16350,860250
6141,2022-05-24 12:17:00+05:30,29.25,29.55,28.25,29.1,28400,860250
6142,2022-05-24 12:18:00+05:30,29.1,30.15,28.75,29.5,19900,871300
6143,2022-05-24 12:19:00+05:30,29.5,30.4,29.5,30.05,9750,871300
6144,2022-05-24 12:20:00+05:30,29.75,29.95,28.65,29.3,21650,871300
6145,2022-05-24 12:21:00+05:30,29.45,29.95,27.55,27.55,29400,877600
6146,2022-05-24 12:22:00+05:30,27.55,28.2,26.6,26.85,32200,877600
6147,2022-05-24 12:23:00+05:30,26.75,27.25,26.25,26.5,25850,877600
6148,2022-05-24 12:24:00+05:30,26.35,27.5,25.8,27.45,27750,887850
6149,2022-05-24 12:25:00+05:30,27.45,28.2,26.85,28.05,15050,887850
6150,2022-05-24 12:26:00+05:30,28.0,28.7,27.7,28.5,8950,887850
6151,2022-05-24 12:27:00+05:30,28.6,29.3,28.3,28.3,24850,888350
6152,2022-05-24 12:28:00+05:30,28.3,28.75,27.9,28.1,34600,888350
6153,2022-05-24 12:29:00+05:30,28.35,29.1,28.1,29.0,11650,888350
6154,2022-05-24 12:30:00+05:30,28.65,29.0,27.05,27.25,27200,907850
6155,2022-05-24 12:31:00+05:30,27.15,28.1,25.95,26.6,34700,907850
6156,2022-05-24 12:32:00+05:30,26.35,27.55,26.25,27.1,10900,907850
6157,2022-05-24 12:33:00+05:30,27.05,27.1,26.2,26.2,11800,921350
6158,2022-05-24 12:34:00+05:30,26.25,26.9,25.0,25.85,30650,921350
6159,2022-05-24 12:35:00+05:30,25.85,27.35,25.7,27.35,13900,921350
6160,2022-05-24 12:36:00+05:30,27.35,28.2,27.15,27.35,26300,924450
6161,2022-05-24 12:37:00+05:30,27.5,28.5,27.5,28.1,9950,924450
6162,2022-05-24 12:38:00+05:30,28.1,29.45,28.0,29.4,20400,924450
6163,2022-05-24 12:39:00+05:30,29.35,31.0,28.95,30.8,29150,924150
6164,2022-05-24 12:40:00+05:30,30.9,31.95,29.85,29.85,61350,924150
6165,2022-05-24 12:41:00+05:30,29.7,29.9,28.25,28.35,30550,924150
6166,2022-05-24 12:42:00+05:30,28.2,28.6,27.4,27.4,22300,904300
6167,2022-05-24 12:43:00+05:30,27.4,27.6,25.45,26.85,24750,904300
6168,2022-05-24 12:44:00+05:30,26.6,27.5,26.35,27.5,27400,904300
6169,2022-05-24 12:45:00+05:30,26.9,27.8,26.2,26.55,20950,913500
6170,2022-05-24 12:46:00+05:30,26.4,27.25,26.1,26.8,13750,913500
6171,2022-05-24 12:47:00+05:30,26.7,28.1,26.7,28.1,26600,913500
6172,2022-05-24 12:48:00+05:30,27.9,28.1,26.75,27.2,9100,909750
6173,2022-05-24 12:49:00+05:30,27.1,27.7,27.0,27.2,5950,909750
6174,2022-05-24 12:50:00+05:30,27.15,27.7,27.05,27.15,14200,909750
6175,2022-05-24 12:51:00+05:30,27.25,27.6,26.75,27.3,18450,913600
6176,2022-05-24 12:52:00+05:30,27.3,27.65,25.35,25.85,32600,913600
6177,2022-05-24 12:53:00+05:30,25.7,26.2,24.9,26.1,23400,913600
6178,2022-05-24 12:54:00+05:30,26.1,26.45,25.95,26.15,11600,913900
6179,2022-05-24 12:55:00+05:30,25.6,26.85,25.0,26.7,21950,913900
6180,2022-05-24 12:56:00+05:30,26.55,28.2,26.55,27.65,29950,913900
6181,2022-05-24 12:57:00+05:30,27.4,28.35,26.85,28.3,21450,916200
6182,2022-05-24 12:58:00+05:30,28.3,28.3,26.4,27.05,22250,916200
6183,2022-05-24 12:59:00+05:30,27.05,27.1,25.95,26.4,24700,916200
6184,2022-05-24 13:00:00+05:30,26.4,26.4,22.5,22.9,98750,920450
6185,2022-05-24 13:01:00+05:30,22.95,23.95,21.6,23.95,64650,920450
6186,2022-05-24 13:02:00+05:30,23.55,24.65,23.35,24.65,33800,920450
6187,2022-05-24 13:03:00+05:30,24.6,25.5,24.05,25.25,40600,919650
6188,2022-05-24 13:04:00+05:30,25.4,25.4,24.4,24.95,36400,919650
6189,2022-05-24 13:05:00+05:30,25.0,26.05,24.8,26.05,63400,919650
6190,2022-05-24 13:06:00+05:30,26.15,28.2,25.6,27.65,42700,972200
6191,2022-05-24 13:07:00+05:30,27.7,33.7,27.45,31.95,98550,972200
6192,2022-05-24 13:08:00+05:30,31.5,34.3,31.2,34.15,102950,972200
6193,2022-05-24 13:09:00+05:30,34.15,37.3,33.55,35.9,141350,944250
6194,2022-05-24 13:10:00+05:30,35.8,36.5,33.4,34.95,89300,944250
6195,2022-05-24 13:11:00+05:30,35.2,36.5,33.0,33.1,78100,944250
6196,2022-05-24 13:12:00+05:30,33.7,35.35,32.65,33.55,38600,914650
6197,2022-05-24 13:13:00+05:30,34.15,36.35,33.3,35.5,63400,914650
6198,2022-05-24 13:14:00+05:30,36.05,36.8,34.55,35.5,35250,914650
6199,2022-05-24 13:15:00+05:30,35.3,38.7,35.3,36.55,90350,919000
6200,2022-05-24 13:16:00+05:30,36.8,36.85,34.9,35.15,55650,919000
6201,2022-05-24 13:17:00+05:30,34.15,34.75,32.3,33.85,35850,919000
6202,2022-05-24 13:18:00+05:30,33.8,34.3,32.45,34.3,26650,933950
6203,2022-05-24 13:19:00+05:30,34.55,36.4,34.0,36.05,21100,933950
6204,2022-05-24 13:20:00+05:30,36.55,36.8,35.05,35.5,19750,933950
6205,2022-05-24 13:21:00+05:30,35.5,36.25,33.7,34.65,28550,927750
6206,2022-05-24 13:22:00+05:30,35.2,37.3,34.65,36.25,21800,927750
6207,2022-05-24 13:23:00+05:30,36.25,36.25,34.25,34.7,17450,927750
6208,2022-05-24 13:24:00+05:30,34.8,35.4,34.0,35.0,23650,925000
6209,2022-05-24 13:25:00+05:30,34.75,34.75,32.8,34.2,29700,925000
6210,2022-05-24 13:26:00+05:30,34.2,34.5,33.2,33.45,8400,925000
6211,2022-05-24 13:27:00+05:30,33.35,34.4,32.8,32.8,15050,926000
6212,2022-05-24 13:28:00+05:30,31.8,32.65,29.5,30.65,72700,926000
6213,2022-05-24 13:29:00+05:30,30.7,31.3,29.35,29.8,22450,926000
6214,2022-05-24 13:30:00+05:30,30.0,31.65,29.35,31.55,18700,919800
6215,2022-05-24 13:31:00+05:30,31.55,31.9,27.4,27.4,29250,919800
6216,2022-05-24 13:32:00+05:30,27.1,28.55,26.7,28.4,75800,919800
6217,2022-05-24 13:33:00+05:30,28.3,31.95,28.3,31.6,47700,919550
6218,2022-05-24 13:34:00+05:30,31.65,32.25,30.25,30.4,34600,919550
6219,2022-05-24 13:35:00+05:30,30.25,32.1,30.2,30.95,17950,919550
6220,2022-05-24 13:36:00+05:30,31.0,32.0,30.5,31.25,21200,919400
6221,2022-05-24 13:37:00+05:30,31.25,31.95,30.85,31.55,16350,919400
6222,2022-05-24 13:38:00+05:30,31.85,32.0,30.7,30.85,20400,919400
6223,2022-05-24 13:39:00+05:30,30.95,30.95,28.6,29.65,34750,923900
6224,2022-05-24 13:40:00+05:30,29.75,30.8,29.6,29.65,18250,923900
6225,2022-05-24 13:41:00+05:30,29.65,30.25,28.35,28.35,16850,923900
6226,2022-05-24 13:42:00+05:30,28.55,30.1,28.35,29.9,23550,931700
6227,2022-05-24 13:43:00+05:30,29.9,31.1,29.9,30.1,10900,931700
6228,2022-05-24 13:44:00+05:30,30.1,30.65,27.9,28.65,19600,931700
6229,2022-05-24 13:45:00+05:30,28.3,30.8,27.4,30.6,28450,931200
6230,2022-05-24 13:46:00+05:30,30.6,31.8,30.55,31.55,20100,931200
6231,2022-05-24 13:47:00+05:30,31.8,33.05,31.45,32.15,33300,931200
6232,2022-05-24 13:48:00+05:30,32.15,32.75,30.95,32.0,25650,924850
6233,2022-05-24 13:49:00+05:30,31.65,32.0,30.7,31.3,13300,924850
6234,2022-05-24 13:50:00+05:30,31.3,32.75,31.0,32.3,36500,924850
6235,2022-05-24 13:51:00+05:30,32.2,32.6,31.25,31.7,28800,913800
6236,2022-05-24 13:52:00+05:30,31.55,31.9,30.6,30.95,21500,913800
6237,2022-05-24 13:53:00+05:30,30.95,31.95,30.0,31.0,20850,913800
6238,2022-05-24 13:54:00+05:30,31.15,32.1,30.25,32.0,20200,905200
6239,2022-05-24 13:55:00+05:30,31.75,32.5,31.35,32.05,17750,905200
6240,2022-05-24 13:56:00+05:30,32.05,33.55,31.6,32.7,29250,905200
6241,2022-05-24 13:57:00+05:30,32.7,33.0,32.0,32.4,22950,908450
6242,2022-05-24 13:58:00+05:30,32.1,32.5,31.25,32.15,17000,908450
6243,2022-05-24 13:59:00+05:30,32.15,32.15,30.7,31.25,14350,908450
6244,2022-05-24 14:00:00+05:30,31.2,32.05,27.65,30.35,65200,906200
6245,2022-05-24 14:01:00+05:30,30.15,33.95,30.15,33.0,35050,906200
6246,2022-05-24 14:02:00+05:30,32.65,33.95,32.15,32.85,59500,906200
6247,2022-05-24 14:03:00+05:30,33.0,34.0,32.55,32.55,28450,906650
6248,2022-05-24 14:04:00+05:30,32.35,33.2,32.35,33.0,15000,906650
6249,2022-05-24 14:05:00+05:30,33.0,33.8,31.4,31.55,26000,906650
6250,2022-05-24 14:06:00+05:30,31.45,35.15,31.25,34.0,37700,901350
6251,2022-05-24 14:07:00+05:30,33.75,35.95,33.75,34.8,44950,901350
6252,2022-05-24 14:08:00+05:30,34.75,34.8,33.5,34.0,25950,901350
6253,2022-05-24 14:09:00+05:30,33.55,34.0,32.0,33.2,21900,906600
6254,2022-05-24 14:10:00+05:30,33.1,34.2,32.15,34.1,11350,906600
6255,2022-05-24 14:11:00+05:30,33.85,34.95,33.6,34.05,22350,906600
6256,2022-05-24 14:12:00+05:30,33.95,34.5,33.15,34.15,37550,905600
6257,2022-05-24 14:13:00+05:30,33.9,34.85,33.65,33.75,23850,905600
6258,2022-05-24 14:14:00+05:30,33.6,34.2,32.05,34.05,20600,905600
6259,2022-05-24 14:15:00+05:30,34.05,35.5,34.05,35.0,44500,907800
6260,2022-05-24 14:16:00+05:30,34.9,35.05,31.0,31.0,41800,907800
6261,2022-05-24 14:17:00+05:30,30.95,33.2,29.5,33.0,55900,907800
6262,2022-05-24 14:18:00+05:30,32.95,32.95,31.8,32.45,21050,896650
6263,2022-05-24 14:19:00+05:30,32.35,33.1,31.1,32.0,18500,896650
6264,2022-05-24 14:20:00+05:30,32.0,32.85,31.8,32.0,6900,896650
6265,2022-05-24 14:21:00+05:30,31.8,32.65,31.35,32.5,10950,896050
6266,2022-05-24 14:22:00+05:30,32.8,35.05,32.5,35.05,25200,896050
6267,2022-05-24 14:23:00+05:30,35.0,37.55,34.9,36.8,130400,896050
6268,2022-05-24 14:24:00+05:30,37.1,39.95,36.95,39.1,95300,896150
6269,2022-05-24 14:25:00+05:30,39.45,39.7,37.4,39.2,74450,896150
6270,2022-05-24 14:26:00+05:30,38.8,39.55,37.85,37.85,72800,896150
6271,2022-05-24 14:27:00+05:30,38.3,40.9,37.85,40.45,122350,889300
6272,2022-05-24 14:28:00+05:30,40.5,41.7,39.75,40.85,87550,889300
6273,2022-05-24 14:29:00+05:30,40.65,41.5,39.95,41.15,103350,889300
6274,2022-05-24 14:30:00+05:30,41.2,42.3,38.0,39.45,137650,876150
6275,2022-05-24 14:31:00+05:30,39.25,40.05,37.65,38.15,52600,876150
6276,2022-05-24 14:32:00+05:30,38.7,39.9,38.15,39.25,65500,876150
6277,2022-05-24 14:33:00+05:30,39.3,39.95,38.6,39.75,54100,866400
6278,2022-05-24 14:34:00+05:30,39.55,41.35,39.4,40.45,75100,866400
6279,2022-05-24 14:35:00+05:30,40.45,41.15,39.45,40.5,49150,866400
6280,2022-05-24 14:36:00+05:30,40.4,42.1,39.9,40.6,108100,886200
6281,2022-05-24 14:37:00+05:30,40.25,40.95,38.25,38.25,90400,886200
6282,2022-05-24 14:38:00+05:30,38.2,39.15,37.55,38.0,50350,886200
6283,2022-05-24 14:39:00+05:30,37.9,39.2,36.7,37.1,53100,901250
6284,2022-05-24 14:40:00+05:30,37.05,38.9,36.7,36.75,57100,901250
6285,2022-05-24 14:41:00+05:30,36.55,38.4,35.5,37.6,35900,901250
6286,2022-05-24 14:42:00+05:30,37.0,38.65,36.5,37.8,26350,901150
6287,2022-05-24 14:43:00+05:30,37.55,38.3,37.1,37.6,24700,901150
6288,2022-05-24 14:44:00+05:30,37.7,38.25,37.2,38.0,18750,901150
6289,2022-05-24 14:45:00+05:30,38.05,38.45,37.15,37.5,26400,904250
6290,2022-05-24 14:46:00+05:30,37.15,38.65,37.0,37.65,28100,904250
6291,2022-05-24 14:47:00+05:30,37.65,39.85,37.65,38.85,58650,904250
6292,2022-05-24 14:48:00+05:30,38.7,40.55,38.4,40.3,35000,897150
6293,2022-05-24 14:49:00+05:30,40.35,40.4,39.4,39.85,32900,897150
6294,2022-05-24 14:50:00+05:30,39.65,40.1,39.1,39.7,30250,897150
6295,2022-05-24 14:51:00+05:30,39.75,40.15,39.2,40.05,28600,909000
6296,2022-05-24 14:52:00+05:30,40.1,42.45,40.05,40.95,126250,909000
6297,2022-05-24 14:53:00+05:30,40.95,42.0,38.45,38.45,63200,909000
6298,2022-05-24 14:54:00+05:30,38.4,40.0,36.7,37.75,66800,917550
6299,2022-05-24 14:55:00+05:30,37.7,39.0,36.3,36.3,58700,917550
6300,2022-05-24 14:56:00+05:30,36.9,36.95,28.75,29.2,158100,917550
6301,2022-05-24 14:57:00+05:30,28.95,32.45,27.3,32.45,123400,895300
6302,2022-05-24 14:58:00+05:30,32.5,34.3,31.95,33.35,73800,895300
6303,2022-05-24 14:59:00+05:30,33.55,34.4,31.95,31.95,34950,895300
6304,2022-05-24 15:00:00+05:30,31.75,34.5,30.7,31.55,93250,921550
6305,2022-05-24 15:01:00+05:30,31.3,32.65,30.0,30.85,49100,921550
6306,2022-05-24 15:02:00+05:30,31.05,32.4,30.9,31.8,33850,921550
6307,2022-05-24 15:03:00+05:30,32.05,32.95,31.55,32.5,27650,910400
6308,2022-05-24 15:04:00+05:30,32.5,33.0,30.45,30.45,30650,910400
6309,2022-05-24 15:05:00+05:30,30.2,32.05,30.15,31.25,36950,910400
6310,2022-05-24 15:06:00+05:30,30.75,31.35,29.6,29.6,40200,902950
6311,2022-05-24 15:07:00+05:30,29.7,30.95,29.6,30.95,43450,902950
6312,2022-05-24 15:08:00+05:30,30.8,31.65,30.6,31.15,31750,902950
6313,2022-05-24 15:09:00+05:30,31.2,32.25,30.95,31.5,29000,888600
6314,2022-05-24 15:10:00+05:30,31.15,33.5,31.1,33.3,46850,888600
6315,2022-05-24 15:11:00+05:30,33.15,35.5,33.15,34.1,66450,888600
6316,2022-05-24 15:12:00+05:30,34.05,35.0,33.6,33.95,27950,873650
6317,2022-05-24 15:13:00+05:30,34.1,34.55,32.6,33.7,41100,873650
6318,2022-05-24 15:14:00+05:30,33.45,34.2,33.3,33.8,24100,873650
6319,2022-05-24 15:15:00+05:30,33.75,33.9,30.95,32.85,54600,869950
6320,2022-05-24 15:16:00+05:30,32.95,33.55,32.4,33.4,45700,869950
6321,2022-05-24 15:17:00+05:30,33.4,33.6,32.4,33.15,42600,869950
6322,2022-05-24 15:18:00+05:30,32.5,33.05,32.2,32.55,30400,865300
6323,2022-05-24 15:19:00+05:30,32.3,32.55,30.2,31.6,52900,865300
6324,2022-05-24 15:20:00+05:30,31.55,32.25,30.4,31.4,41200,865300
6325,2022-05-24 15:21:00+05:30,30.95,31.6,29.55,30.15,40050,850900
6326,2022-05-24 15:22:00+05:30,30.4,30.85,29.75,30.55,57950,850900
6327,2022-05-24 15:23:00+05:30,30.85,32.6,30.7,32.55,62850,850900
6328,2022-05-24 15:24:00+05:30,32.5,33.7,32.2,33.35,50500,829650
6329,2022-05-24 15:25:00+05:30,32.95,33.15,30.2,31.65,107250,829650
6330,2022-05-24 15:26:00+05:30,31.65,32.0,31.15,31.9,25700,829650
6331,2022-05-24 15:27:00+05:30,32.0,32.35,30.9,30.95,43900,783300
6332,2022-05-24 15:28:00+05:30,31.05,31.25,29.9,30.05,56850,783300
6333,2022-05-24 15:29:00+05:30,30.0,30.0,28.0,28.0,69700,783300
6334,2022-05-25 09:15:00+05:30,16.8,19.4,12.1,12.35,150550,748850
6335,2022-05-25 09:16:00+05:30,12.2,12.25,11.3,11.6,161800,748850
6336,2022-05-25 09:17:00+05:30,11.65,11.9,11.25,11.75,132600,814250
6337,2022-05-25 09:18:00+05:30,11.8,12.05,10.55,10.6,173200,814250
6338,2022-05-25 09:19:00+05:30,10.5,10.5,9.6,10.4,195850,814250
6339,2022-05-25 09:20:00+05:30,10.2,10.35,8.9,9.25,170750,887300
6340,2022-05-25 09:21:00+05:30,9.25,9.65,9.0,9.65,96400,887300
6341,2022-05-25 09:22:00+05:30,9.75,11.05,9.6,11.05,83250,887300
6342,2022-05-25 09:23:00+05:30,10.9,11.85,10.85,11.4,159450,929600
6343,2022-05-25 09:24:00+05:30,11.35,11.45,9.75,10.05,144650,929600
6344,2022-05-25 09:25:00+05:30,10.05,10.5,9.4,10.35,141000,929600
6345,2022-05-25 09:26:00+05:30,10.35,10.9,10.2,10.5,85800,987800
6346,2022-05-25 09:27:00+05:30,10.55,11.1,10.35,10.4,98350,987800
6347,2022-05-25 09:28:00+05:30,10.4,10.65,9.95,10.5,54100,987800
6348,2022-05-25 09:29:00+05:30,10.55,10.55,10.05,10.05,48550,1032150
6349,2022-05-25 09:30:00+05:30,10.05,10.6,9.6,10.6,76550,1032150
6350,2022-05-25 09:31:00+05:30,10.55,10.55,9.9,10.2,50750,1032150
6351,2022-05-25 09:32:00+05:30,10.3,10.55,10.15,10.35,34250,1065400
6352,2022-05-25 09:33:00+05:30,10.3,10.65,10.0,10.35,40400,1065400
6353,2022-05-25 09:34:00+05:30,10.35,10.45,9.8,9.85,45150,1065400
6354,2022-05-25 09:35:00+05:30,9.85,10.35,9.7,9.8,69900,1089550
6355,2022-05-25 09:36:00+05:30,9.8,10.1,9.75,10.0,37950,1089550
6356,2022-05-25 09:37:00+05:30,10.0,10.85,10.0,10.85,93050,1089550
6357,2022-05-25 09:38:00+05:30,10.9,11.05,9.75,9.95,116600,1114750
6358,2022-05-25 09:39:00+05:30,10.05,10.35,9.8,9.9,75400,1114750
6359,2022-05-25 09:40:00+05:30,9.95,10.5,9.9,10.1,63750,1114750
6360,2022-05-25 09:41:00+05:30,10.1,10.45,9.95,10.25,57900,1139100
6361,2022-05-25 09:42:00+05:30,10.3,11.05,10.2,10.8,81300,1139100
6362,2022-05-25 09:43:00+05:30,10.9,11.2,10.55,10.8,60400,1139100
6363,2022-05-25 09:44:00+05:30,10.7,11.35,10.7,10.9,56850,1153750
6364,2022-05-25 09:45:00+05:30,11.0,11.2,10.45,11.0,60250,1153750
6365,2022-05-25 09:46:00+05:30,11.0,11.9,11.0,11.7,88250,1153750
6366,2022-05-25 09:47:00+05:30,11.7,11.7,11.0,11.15,42300,1140350
6367,2022-05-25 09:48:00+05:30,11.05,11.6,10.5,10.55,58350,1140350
6368,2022-05-25 09:49:00+05:30,10.6,10.9,10.05,10.65,54000,1140350
6369,2022-05-25 09:50:00+05:30,10.8,11.55,10.6,11.25,32650,1136950
6370,2022-05-25 09:51:00+05:30,11.4,11.55,11.1,11.15,24100,1136950
6371,2022-05-25 09:52:00+05:30,11.2,11.5,11.0,11.3,63600,1136950
6372,2022-05-25 09:53:00+05:30,11.35,12.35,11.3,12.0,75250,1127050
6373,2022-05-25 09:54:00+05:30,12.05,13.7,11.95,13.3,104800,1127050
6374,2022-05-25 09:55:00+05:30,13.35,14.6,12.25,14.25,166250,1127050
6375,2022-05-25 09:56:00+05:30,14.25,14.45,12.1,12.55,74450,1091300
6376,2022-05-25 09:57:00+05:30,12.8,13.65,12.55,13.35,45200,1091300
6377,2022-05-25 09:58:00+05:30,13.3,13.65,12.7,13.6,46750,1091300
6378,2022-05-25 09:59:00+05:30,13.55,13.65,12.5,12.5,35950,1115400
6379,2022-05-25 10:00:00+05:30,12.5,13.4,12.3,12.4,44150,1115400
6380,2022-05-25 10:01:00+05:30,12.35,12.6,11.55,11.65,46100,1115400
6381,2022-05-25 10:02:00+05:30,11.6,12.8,11.5,11.7,60100,1142350
6382,2022-05-25 10:03:00+05:30,11.7,12.75,11.7,12.75,35550,1142350
6383,2022-05-25 10:04:00+05:30,12.7,13.0,12.45,12.7,37700,1142350
6384,2022-05-25 10:05:00+05:30,12.65,13.45,12.5,12.85,57400,1158900
6385,2022-05-25 10:06:00+05:30,12.85,12.9,11.9,12.65,34200,1158900
6386,2022-05-25 10:07:00+05:30,12.8,13.15,12.2,12.3,33400,1158900
6387,2022-05-25 10:08:00+05:30,12.2,12.8,12.0,12.5,39000,1189400
6388,2022-05-25 10:09:00+05:30,12.5,12.85,12.35,12.35,22950,1189400
6389,2022-05-25 10:10:00+05:30,12.45,13.1,12.35,12.8,31450,1189400
6390,2022-05-25 10:11:00+05:30,12.9,13.15,12.25,12.6,35650,1193700
6391,2022-05-25 10:12:00+05:30,12.65,12.75,12.1,12.65,16200,1193700
6392,2022-05-25 10:13:00+05:30,12.65,12.95,12.5,12.85,20750,1193700
6393,2022-05-25 10:14:00+05:30,13.0,13.0,12.4,12.5,42000,1205400
6394,2022-05-25 10:15:00+05:30,12.6,13.4,12.4,13.1,43300,1205400
6395,2022-05-25 10:16:00+05:30,13.05,14.9,13.05,14.8,125750,1205400
6396,2022-05-25 10:17:00+05:30,14.65,15.3,13.9,14.55,63850,1169750
6397,2022-05-25 10:18:00+05:30,14.5,14.55,13.15,13.45,38750,1169750
6398,2022-05-25 10:19:00+05:30,13.55,14.2,12.7,13.9,45200,1169750
6399,2022-05-25 10:20:00+05:30,13.9,14.3,13.05,13.35,17800,1184000
6400,2022-05-25 10:21:00+05:30,13.25,13.75,13.05,13.05,32900,1184000
6401,2022-05-25 10:22:00+05:30,13.0,13.65,13.0,13.25,32100,1184000
6402,2022-05-25 10:23:00+05:30,13.25,14.05,13.25,13.75,34050,1204600
6403,2022-05-25 10:24:00+05:30,13.8,14.45,13.65,14.3,39900,1204600
6404,2022-05-25 10:25:00+05:30,14.2,15.0,13.85,14.65,58300,1204600
6405,2022-05-25 10:26:00+05:30,14.75,14.8,13.65,13.65,45650,1215550
6406,2022-05-25 10:27:00+05:30,13.7,14.35,13.5,14.0,27100,1215550
6407,2022-05-25 10:28:00+05:30,13.95,14.15,13.65,13.75,30200,1215550
6408,2022-05-25 10:29:00+05:30,13.75,13.9,13.45,13.65,28300,1240700
6409,2022-05-25 10:30:00+05:30,13.85,14.0,13.1,13.25,31550,1240700
6410,2022-05-25 10:31:00+05:30,13.5,14.0,13.25,13.95,35750,1240700
6411,2022-05-25 10:32:00+05:30,13.95,13.95,13.35,13.8,20100,1241700
6412,2022-05-25 10:33:00+05:30,13.8,13.8,12.6,12.7,45000,1241700
6413,2022-05-25 10:34:00+05:30,12.75,13.1,12.35,12.5,85000,1241700
6414,2022-05-25 10:35:00+05:30,12.5,12.8,11.9,12.3,42200,1254400
6415,2022-05-25 10:36:00+05:30,12.25,12.35,11.5,11.6,75300,1254400
6416,2022-05-25 10:37:00+05:30,11.6,11.9,11.0,11.9,56800,1254400
6417,2022-05-25 10:38:00+05:30,11.95,12.65,11.95,12.5,27100,1243650
6418,2022-05-25 10:39:00+05:30,12.5,13.2,12.45,13.1,65500,1243650
6419,2022-05-25 10:40:00+05:30,13.1,13.7,13.1,13.25,81150,1243650
6420,2022-05-25 10:41:00+05:30,13.25,13.55,13.05,13.4,49350,1248550
6421,2022-05-25 10:42:00+05:30,13.5,14.0,12.85,13.15,86950,1248550
6422,2022-05-25 10:43:00+05:30,13.15,13.4,12.35,12.45,25550,1248550
6423,2022-05-25 10:44:00+05:30,12.25,12.9,12.1,12.2,30050,1234600
6424,2022-05-25 10:45:00+05:30,12.25,12.8,12.1,12.5,22050,1234600
6425,2022-05-25 10:46:00+05:30,12.5,12.6,11.8,11.8,21950,1234600
6426,2022-05-25 10:47:00+05:30,11.7,12.1,11.5,11.75,33750,1245750
6427,2022-05-25 10:48:00+05:30,11.85,12.0,11.4,12.0,32450,1245750
6428,2022-05-25 10:49:00+05:30,12.0,12.25,11.55,11.75,45600,1245750
6429,2022-05-25 10:50:00+05:30,11.8,11.8,11.2,11.25,41100,1252100
6430,2022-05-25 10:51:00+05:30,11.3,12.0,11.2,12.0,32500,1252100
6431,2022-05-25 10:52:00+05:30,12.0,12.3,11.75,12.3,31000,1252100
6432,2022-05-25 10:53:00+05:30,12.3,13.0,12.25,12.7,25950,1251700
6433,2022-05-25 10:54:00+05:30,12.7,12.95,12.15,12.4,17550,1251700
6434,2022-05-25 10:55:00+05:30,12.55,12.9,12.35,12.6,15400,1251700
6435,2022-05-25 10:56:00+05:30,12.6,12.75,12.0,12.0,15400,1252850
6436,2022-05-25 10:57:00+05:30,12.05,12.45,11.95,12.3,13500,1252850
6437,2022-05-25 10:58:00+05:30,12.3,12.5,12.05,12.3,7850,1252850
6438,2022-05-25 10:59:00+05:30,12.4,12.8,12.15,12.7,20150,1252050
6439,2022-05-25 11:00:00+05:30,12.8,13.15,12.55,13.15,29450,1252050
6440,2022-05-25 11:01:00+05:30,13.15,13.15,12.5,12.85,11900,1252050
6441,2022-05-25 11:02:00+05:30,13.0,13.1,12.5,12.5,16400,1252050
6442,2022-05-25 11:03:00+05:30,12.55,13.15,12.35,13.15,25250,1266150
6443,2022-05-25 11:04:00+05:30,13.05,13.15,12.4,12.9,21550,1266150
6444,2022-05-25 11:05:00+05:30,12.9,13.1,12.5,12.55,22800,1268350
6445,2022-05-25 11:06:00+05:30,12.4,12.6,12.15,12.5,19400,1268350
6446,2022-05-25 11:07:00+05:30,12.45,12.85,12.45,12.8,24250,1268350
6447,2022-05-25 11:08:00+05:30,12.6,12.75,12.35,12.7,15250,1265400
6448,2022-05-25 11:09:00+05:30,12.7,12.9,12.4,12.6,18550,1265400
6449,2022-05-25 11:10:00+05:30,12.7,12.7,12.05,12.4,25700,1265400
6450,2022-05-25 11:11:00+05:30,12.3,12.6,12.05,12.55,8900,1272650
6451,2022-05-25 11:12:00+05:30,12.55,12.8,12.5,12.5,13500,1272650
6452,2022-05-25 11:13:00+05:30,12.5,12.55,11.7,11.75,52100,1272650
6453,2022-05-25 11:14:00+05:30,11.65,12.25,10.3,10.9,139750,1285450
6454,2022-05-25 11:15:00+05:30,10.7,11.9,10.0,11.55,117700,1285450
6455,2022-05-25 11:16:00+05:30,11.6,12.25,11.55,11.7,59250,1285450
6456,2022-05-25 11:17:00+05:30,11.7,12.15,11.5,11.65,31900,1297400
6457,2022-05-25 11:18:00+05:30,11.65,12.25,11.6,11.95,45600,1297400
6458,2022-05-25 11:19:00+05:30,12.0,12.15,11.6,11.85,20300,1297400
6459,2022-05-25 11:20:00+05:30,11.75,12.05,11.6,11.9,19200,1301800
6460,2022-05-25 11:21:00+05:30,11.9,12.1,11.65,12.05,20850,1301800
6461,2022-05-25 11:22:00+05:30,12.0,12.65,11.8,12.4,45550,1301800
6462,2022-05-25 11:23:00+05:30,12.3,12.65,12.05,12.4,42000,1305450
6463,2022-05-25 11:24:00+05:30,12.4,13.25,12.3,13.05,80650,1305450
6464,2022-05-25 11:25:00+05:30,13.15,13.55,12.8,13.5,59700,1305450
6465,2022-05-25 11:26:00+05:30,13.5,13.6,13.2,13.45,48900,1293200
6466,2022-05-25 11:27:00+05:30,13.5,13.9,13.4,13.45,74150,1293200
6467,2022-05-25 11:28:00+05:30,13.45,13.65,12.85,13.25,68750,1293200
6468,2022-05-25 11:29:00+05:30,13.3,13.45,12.65,13.2,31900,1312500
6469,2022-05-25 11:30:00+05:30,13.2,13.3,12.5,13.1,26100,1312500
6470,2022-05-25 11:31:00+05:30,13.2,13.4,12.95,13.1,37900,1312500
6471,2022-05-25 11:32:00+05:30,13.15,14.45,13.15,14.25,91000,1312500
6472,2022-05-25 11:33:00+05:30,14.3,15.65,14.3,14.65,128350,1298050
6473,2022-05-25 11:34:00+05:30,14.7,15.5,14.5,14.95,75300,1298050
6474,2022-05-25 11:35:00+05:30,14.95,15.75,14.4,14.65,97500,1298050
6475,2022-05-25 11:36:00+05:30,14.85,15.45,14.55,15.35,56550,1301200
6476,2022-05-25 11:37:00+05:30,15.35,17.15,15.3,16.85,162850,1301200
6477,2022-05-25 11:38:00+05:30,16.95,17.55,16.15,16.15,155200,1301200
6478,2022-05-25 11:39:00+05:30,16.05,16.95,15.75,16.65,83250,1308900
6479,2022-05-25 11:40:00+05:30,16.6,16.9,15.85,16.05,62500,1308900
6480,2022-05-25 11:41:00+05:30,16.05,16.6,16.0,16.0,61550,1308900
6481,2022-05-25 11:42:00+05:30,15.95,16.6,15.65,16.4,65150,1308700
6482,2022-05-25 11:43:00+05:30,16.35,17.3,16.3,17.25,55500,1308700
6483,2022-05-25 11:44:00+05:30,17.15,17.25,16.55,16.7,45250,1308700
6484,2022-05-25 11:45:00+05:30,16.8,17.9,16.7,17.4,68450,1314450
6485,2022-05-25 11:46:00+05:30,17.4,17.75,17.1,17.15,54200,1314450
6486,2022-05-25 11:47:00+05:30,17.2,19.75,17.2,19.35,221400,1314450
6487,2022-05-25 11:48:00+05:30,19.3,22.25,18.9,21.75,178950,1293400
6488,2022-05-25 11:49:00+05:30,21.55,22.1,20.5,21.55,156000,1293400
6489,2022-05-25 11:50:00+05:30,21.5,23.0,21.15,21.95,217950,1293400
6490,2022-05-25 11:51:00+05:30,21.7,22.45,21.2,21.8,123750,1296400
6491,2022-05-25 11:52:00+05:30,21.8,22.05,21.2,21.6,83650,1296400
6492,2022-05-25 11:53:00+05:30,21.55,22.65,21.55,22.0,135400,1296400
6493,2022-05-25 11:54:00+05:30,22.2,22.35,20.65,21.15,132900,1314900
6494,2022-05-25 11:55:00+05:30,21.1,21.5,19.85,20.05,75350,1314900
6495,2022-05-25 11:56:00+05:30,19.9,21.25,19.75,21.25,83850,1314900
6496,2022-05-25 11:57:00+05:30,21.05,21.3,20.15,20.25,47600,1317650
6497,2022-05-25 11:58:00+05:30,20.25,20.85,20.25,20.75,24650,1317650
6498,2022-05-25 11:59:00+05:30,20.75,21.15,20.4,21.05,67350,1317650
6499,2022-05-25 12:00:00+05:30,20.85,22.4,20.75,22.2,122000,1361850
6500,2022-05-25 12:01:00+05:30,22.0,23.0,21.6,22.65,148250,1361850
6501,2022-05-25 12:02:00+05:30,22.45,22.8,22.1,22.25,107150,1361850
6502,2022-05-25 12:03:00+05:30,22.35,23.6,22.1,23.4,87400,1359000
6503,2022-05-25 12:04:00+05:30,23.45,24.0,22.9,23.3,155150,1359000
6504,2022-05-25 12:05:00+05:30,23.2,23.5,20.75,21.65,200400,1359000
6505,2022-05-25 12:06:00+05:30,21.9,22.1,19.4,19.65,140500,1425850
6506,2022-05-25 12:07:00+05:30,19.8,20.95,19.65,20.5,102350,1425850
6507,2022-05-25 12:08:00+05:30,20.45,20.65,18.8,20.0,77800,1425850
6508,2022-05-25 12:09:00+05:30,20.1,20.1,19.05,19.25,58800,1438250
6509,2022-05-25 12:10:00+05:30,19.2,20.25,19.0,19.6,71200,1438250
6510,2022-05-25 12:11:00+05:30,19.6,19.6,17.55,17.95,121200,1438250
6511,2022-05-25 12:12:00+05:30,17.85,18.95,17.85,18.05,101350,1470850
6512,2022-05-25 12:13:00+05:30,18.15,19.8,18.05,19.5,77450,1470850
6513,2022-05-25 12:14:00+05:30,19.35,19.7,18.55,18.8,40600,1470850
6514,2022-05-25 12:15:00+05:30,18.8,18.95,18.05,18.5,71750,1487000
6515,2022-05-25 12:16:00+05:30,18.45,19.35,18.2,18.35,54350,1487000
6516,2022-05-25 12:17:00+05:30,18.35,18.7,16.7,16.7,82400,1487000
6517,2022-05-25 12:18:00+05:30,16.75,17.3,15.3,15.75,153800,1496150
6518,2022-05-25 12:19:00+05:30,15.95,16.1,14.9,15.05,119350,1496150
6519,2022-05-25 12:20:00+05:30,15.2,16.0,14.8,16.0,126700,1496150
6520,2022-05-25 12:21:00+05:30,15.8,15.9,14.4,15.5,86650,1456400
6521,2022-05-25 12:22:00+05:30,15.5,16.25,15.05,16.0,81800,1456400
6522,2022-05-25 12:23:00+05:30,16.1,17.0,16.05,16.55,77700,1456400
6523,2022-05-25 12:24:00+05:30,16.5,17.75,16.25,17.2,93050,1459300
6524,2022-05-25 12:25:00+05:30,17.2,18.35,17.2,17.4,77500,1459300
6525,2022-05-25 12:26:00+05:30,17.5,18.45,17.2,18.2,55950,1459300
6526,2022-05-25 12:27:00+05:30,18.3,19.25,18.2,18.8,85050,1458500
6527,2022-05-25 12:28:00+05:30,18.85,18.85,17.65,18.35,49700,1458500
6528,2022-05-25 12:29:00+05:30,18.45,18.65,17.95,17.95,54500,1458500
6529,2022-05-25 12:30:00+05:30,17.8,18.85,17.75,18.55,18900,1451450
6530,2022-05-25 12:31:00+05:30,18.6,19.15,18.25,18.85,61000,1451450
6531,2022-05-25 12:32:00+05:30,18.95,19.2,18.45,18.8,30950,1451450
6532,2022-05-25 12:33:00+05:30,18.8,18.85,18.05,18.55,30750,1468900
6533,2022-05-25 12:34:00+05:30,18.55,18.95,18.4,18.65,25850,1468900
6534,2022-05-25 12:35:00+05:30,18.65,18.7,17.15,18.15,61400,1468900
6535,2022-05-25 12:36:00+05:30,18.15,18.35,17.25,17.65,39800,1460850
6536,2022-05-25 12:37:00+05:30,17.65,17.85,16.3,16.85,71700,1460850
6537,2022-05-25 12:38:00+05:30,16.85,17.25,16.5,16.75,29150,1460850
6538,2022-05-25 12:39:00+05:30,16.35,16.65,15.45,15.95,72250,1461650
6539,2022-05-25 12:40:00+05:30,15.9,16.35,14.4,15.05,59700,1461650
6540,2022-05-25 12:41:00+05:30,15.05,16.5,14.95,16.15,42850,1461650
6541,2022-05-25 12:42:00+05:30,16.0,17.4,15.85,17.2,52350,1461600
6542,2022-05-25 12:43:00+05:30,17.25,19.15,17.2,18.95,85800,1461600
6543,2022-05-25 12:44:00+05:30,19.0,19.15,18.05,18.8,101500,1461600
6544,2022-05-25 12:45:00+05:30,18.8,20.05,18.0,19.8,118700,1474700
6545,2022-05-25 12:46:00+05:30,19.95,20.8,19.45,19.9,111550,1474700
6546,2022-05-25 12:47:00+05:30,19.75,20.05,18.0,18.25,79050,1474700
6547,2022-05-25 12:48:00+05:30,18.15,18.35,16.7,18.25,71250,1453100
6548,2022-05-25 12:49:00+05:30,18.3,18.45,17.45,18.05,45150,1453100
6549,2022-05-25 12:50:00+05:30,17.9,19.0,17.65,18.25,51450,1453100
6550,2022-05-25 12:51:00+05:30,18.3,19.65,17.95,19.25,46850,1446650
6551,2022-05-25 12:52:00+05:30,19.35,19.5,18.7,19.45,38650,1446650
6552,2022-05-25 12:53:00+05:30,19.45,19.5,18.35,18.55,34000,1446650
6553,2022-05-25 12:54:00+05:30,18.45,19.45,18.05,18.2,35800,1448650
6554,2022-05-25 12:55:00+05:30,18.2,19.1,18.1,18.7,28150,1448650
6555,2022-05-25 12:56:00+05:30,18.7,19.3,17.75,18.0,43550,1448650
6556,2022-05-25 12:57:00+05:30,18.0,18.75,17.8,18.4,26700,1458950
6557,2022-05-25 12:58:00+05:30,18.4,18.55,17.75,17.75,36650,1458950
6558,2022-05-25 12:59:00+05:30,17.75,18.85,17.55,18.6,34850,1458950
6559,2022-05-25 13:00:00+05:30,18.6,21.15,18.6,20.2,171200,1456150
6560,2022-05-25 13:01:00+05:30,20.5,21.2,19.85,20.7,155350,1456150
6561,2022-05-25 13:02:00+05:30,20.55,21.25,20.1,20.65,135750,1456150
6562,2022-05-25 13:03:00+05:30,20.7,20.95,19.85,20.7,95600,1506500
6563,2022-05-25 13:04:00+05:30,20.5,20.7,19.95,20.1,52200,1506500
6564,2022-05-25 13:05:00+05:30,20.15,20.4,19.05,20.0,62500,1506500
6565,2022-05-25 13:06:00+05:30,20.25,21.5,19.95,21.3,83400,1516150
6566,2022-05-25 13:07:00+05:30,21.0,21.6,20.4,21.35,67600,1516150
6567,2022-05-25 13:08:00+05:30,21.35,21.35,20.05,20.35,71850,1516150
6568,2022-05-25 13:09:00+05:30,20.45,20.45,18.6,19.0,97550,1524700
6569,2022-05-25 13:10:00+05:30,18.95,19.1,16.5,16.8,120700,1524700
6570,2022-05-25 13:11:00+05:30,17.2,18.75,17.0,18.45,93600,1524700
6571,2022-05-25 13:12:00+05:30,18.5,19.0,17.25,19.0,60550,1516550
6572,2022-05-25 13:13:00+05:30,19.1,19.8,19.0,19.35,106250,1516550
6573,2022-05-25 13:14:00+05:30,19.35,19.35,16.8,16.8,59500,1516550
6574,2022-05-25 13:15:00+05:30,16.8,18.7,16.6,18.35,128100,1514100
6575,2022-05-25 13:16:00+05:30,18.5,19.4,18.35,18.75,59100,1514100
6576,2022-05-25 13:17:00+05:30,18.7,19.05,18.0,18.1,39200,1514100
6577,2022-05-25 13:18:00+05:30,18.2,19.0,17.7,19.0,23200,1500950
6578,2022-05-25 13:19:00+05:30,18.9,19.2,17.9,18.15,35700,1500950
6579,2022-05-25 13:20:00+05:30,18.3,18.6,17.85,18.15,25000,1500950
6580,2022-05-25 13:21:00+05:30,18.3,18.3,16.9,17.55,89300,1501200
6581,2022-05-25 13:22:00+05:30,17.75,18.0,16.35,16.95,92550,1501200
6582,2022-05-25 13:23:00+05:30,17.15,17.4,15.55,16.45,83050,1501200
6583,2022-05-25 13:24:00+05:30,16.4,16.9,16.2,16.65,63050,1507600
6584,2022-05-25 13:25:00+05:30,16.65,17.15,16.0,17.0,61450,1507600
6585,2022-05-25 13:26:00+05:30,17.0,17.05,16.3,16.8,22100,1507600
6586,2022-05-25 13:27:00+05:30,16.75,18.2,16.75,18.05,82050,1517200
6587,2022-05-25 13:28:00+05:30,17.85,18.95,17.7,18.8,58200,1517200
6588,2022-05-25 13:29:00+05:30,18.65,18.75,18.0,18.6,59250,1517200
6589,2022-05-25 13:30:00+05:30,18.55,19.1,18.3,19.0,40400,1512650
6590,2022-05-25 13:31:00+05:30,18.9,21.2,18.9,21.2,126550,1512650
6591,2022-05-25 13:32:00+05:30,21.15,21.15,19.45,20.75,144850,1512650
6592,2022-05-25 13:33:00+05:30,20.6,20.85,19.3,19.7,106700,1494450
6593,2022-05-25 13:34:00+05:30,19.65,19.7,17.85,18.8,86550,1494450
6594,2022-05-25 13:35:00+05:30,18.75,19.3,18.1,19.25,64350,1494450
6595,2022-05-25 13:36:00+05:30,19.05,19.95,18.65,19.7,88900,1499250
6596,2022-05-25 13:37:00+05:30,19.6,20.9,19.25,20.65,113250,1499250
6597,2022-05-25 13:38:00+05:30,20.75,20.75,19.6,19.6,93150,1499250
6598,2022-05-25 13:39:00+05:30,19.3,21.1,19.15,20.15,102500,1458200
6599,2022-05-25 13:40:00+05:30,20.0,21.45,19.7,21.3,113850,1458200
6600,2022-05-25 13:41:00+05:30,21.1,22.0,20.5,20.95,217300,1458200
6601,2022-05-25 13:42:00+05:30,20.5,20.7,18.9,19.8,147900,1462750
6602,2022-05-25 13:43:00+05:30,19.95,20.5,19.85,20.15,85200,1462750
6603,2022-05-25 13:44:00+05:30,19.95,20.15,19.5,19.9,53700,1462750
6604,2022-05-25 13:45:00+05:30,19.95,19.95,18.75,19.65,64350,1480450
6605,2022-05-25 13:46:00+05:30,19.75,21.25,19.6,20.85,75900,1480450
6606,2022-05-25 13:47:00+05:30,21.05,22.5,20.6,21.4,124100,1480450
6607,2022-05-25 13:48:00+05:30,21.5,22.1,20.5,20.5,107550,1469300
6608,2022-05-25 13:49:00+05:30,21.0,21.15,19.85,20.5,84250,1469300
6609,2022-05-25 13:50:00+05:30,20.8,21.15,19.35,20.0,113800,1469300
6610,2022-05-25 13:51:00+05:30,20.0,20.0,18.45,18.9,95200,1556250
6611,2022-05-25 13:52:00+05:30,19.0,20.45,18.55,20.2,78650,1556250
6612,2022-05-25 13:53:00+05:30,20.05,20.6,19.9,20.3,41100,1556250
6613,2022-05-25 13:54:00+05:30,20.25,20.6,19.4,20.25,46250,1549600
6614,2022-05-25 13:55:00+05:30,20.25,20.55,19.05,19.85,67350,1549600
6615,2022-05-25 13:56:00+05:30,20.05,20.65,19.25,19.45,42250,1549600
6616,2022-05-25 13:57:00+05:30,19.45,20.35,18.95,20.0,62900,1543050
6617,2022-05-25 13:58:00+05:30,19.9,20.25,19.2,19.55,42100,1543050
6618,2022-05-25 13:59:00+05:30,19.35,20.15,19.05,19.6,65800,1543050
6619,2022-05-25 14:00:00+05:30,19.7,19.7,17.2,17.2,131450,1543500
6620,2022-05-25 14:01:00+05:30,17.3,19.35,17.2,19.2,99900,1543500
6621,2022-05-25 14:02:00+05:30,19.25,19.9,15.7,18.2,247500,1543500
6622,2022-05-25 14:03:00+05:30,18.7,18.75,17.15,18.05,79850,1558550
6623,2022-05-25 14:04:00+05:30,18.15,18.7,17.7,18.0,52200,1558550
6624,2022-05-25 14:05:00+05:30,18.3,18.75,17.75,18.4,40800,1558550
6625,2022-05-25 14:06:00+05:30,18.35,18.4,17.35,18.3,44700,1554900
6626,2022-05-25 14:07:00+05:30,18.2,18.3,17.1,17.45,38850,1554900
6627,2022-05-25 14:08:00+05:30,17.35,17.7,17.1,17.55,50000,1554900
6628,2022-05-25 14:09:00+05:30,17.6,17.75,16.05,16.15,89450,1580550
6629,2022-05-25 14:10:00+05:30,16.0,16.2,12.6,12.7,355300,1580550
6630,2022-05-25 14:11:00+05:30,12.9,14.95,12.7,14.9,239050,1580550
6631,2022-05-25 14:12:00+05:30,14.85,15.15,12.3,12.8,290150,1557050
6632,2022-05-25 14:13:00+05:30,12.95,13.6,11.75,12.5,203750,1557050
6633,2022-05-25 14:14:00+05:30,12.35,13.2,11.5,13.05,153800,1557050
6634,2022-05-25 14:15:00+05:30,12.8,14.0,12.35,14.0,175050,1565150
6635,2022-05-25 14:16:00+05:30,14.1,14.6,13.4,14.25,100500,1565150
6636,2022-05-25 14:17:00+05:30,14.05,14.2,12.95,14.2,69900,1565150
6637,2022-05-25 14:18:00+05:30,14.15,14.2,12.7,12.7,89600,1600000
6638,2022-05-25 14:19:00+05:30,12.85,13.4,11.4,11.9,147000,1600000
6639,2022-05-25 14:20:00+05:30,11.7,13.7,10.95,13.6,174050,1600000
6640,2022-05-25 14:21:00+05:30,13.6,14.65,13.4,14.3,127700,1605200
6641,2022-05-25 14:22:00+05:30,14.1,14.1,12.55,12.8,95850,1605200
6642,2022-05-25 14:23:00+05:30,12.65,13.3,12.4,12.9,101650,1605200
6643,2022-05-25 14:24:00+05:30,13.0,13.2,12.3,13.1,58200,1613400
6644,2022-05-25 14:25:00+05:30,13.05,13.65,12.75,13.15,36500,1613400
6645,2022-05-25 14:26:00+05:30,13.0,14.15,12.85,14.1,57100,1613400
6646,2022-05-25 14:27:00+05:30,14.0,15.15,13.8,14.55,132500,1599950
6647,2022-05-25 14:28:00+05:30,14.35,14.7,14.15,14.7,39700,1599950
6648,2022-05-25 14:29:00+05:30,14.8,15.35,14.7,15.0,99300,1599950
6649,2022-05-25 14:30:00+05:30,15.15,16.6,14.7,16.1,104350,1599200
6650,2022-05-25 14:31:00+05:30,16.15,16.35,14.9,16.2,91550,1599200
6651,2022-05-25 14:32:00+05:30,16.2,16.75,15.55,16.6,62850,1599200
6652,2022-05-25 14:33:00+05:30,16.6,16.8,16.0,16.3,57600,1586700
6653,2022-05-25 14:34:00+05:30,16.25,17.15,15.85,16.0,82650,1586700
6654,2022-05-25 14:35:00+05:30,16.0,16.4,14.7,15.5,89650,1586700
6655,2022-05-25 14:36:00+05:30,15.55,15.6,13.8,14.75,125050,1601600
6656,2022-05-25 14:37:00+05:30,14.75,15.4,14.45,14.95,67700,1601600
6657,2022-05-25 14:38:00+05:30,15.25,15.7,14.8,15.5,69050,1601600
6658,2022-05-25 14:39:00+05:30,15.6,15.7,14.55,15.0,70750,1594800
6659,2022-05-25 14:40:00+05:30,15.0,15.4,14.2,14.45,82300,1594800
6660,2022-05-25 14:41:00+05:30,14.6,15.5,14.45,15.0,80850,1594800
6661,2022-05-25 14:42:00+05:30,15.15,15.5,14.85,15.1,38950,1602100
6662,2022-05-25 14:43:00+05:30,15.1,16.35,14.9,16.2,61750,1602100
6663,2022-05-25 14:44:00+05:30,16.25,19.05,16.05,19.05,202500,1602100
6664,2022-05-25 14:45:00+05:30,18.75,20.35,18.55,18.85,246100,1605750
6665,2022-05-25 14:46:00+05:30,19.05,19.65,17.8,19.2,99750,1605750
6666,2022-05-25 14:47:00+05:30,18.8,19.75,18.8,19.05,109650,1605750
6667,2022-05-25 14:48:00+05:30,19.1,19.65,18.3,18.4,116350,1609300
6668,2022-05-25 14:49:00+05:30,18.2,19.4,18.15,19.1,95700,1609300
6669,2022-05-25 14:50:00+05:30,19.1,19.45,18.45,18.6,61350,1609300
6670,2022-05-25 14:51:00+05:30,18.5,19.4,18.45,19.1,67900,1598000
6671,2022-05-25 14:52:00+05:30,19.2,20.05,19.05,19.65,116950,1598000
6672,2022-05-25 14:53:00+05:30,19.85,20.0,18.85,19.55,104250,1598000
6673,2022-05-25 14:54:00+05:30,19.65,20.15,19.3,20.0,73400,1561050
6674,2022-05-25 14:55:00+05:30,20.0,20.25,18.95,19.15,75100,1561050
6675,2022-05-25 14:56:00+05:30,19.2,22.25,19.15,21.0,266350,1561050
6676,2022-05-25 14:57:00+05:30,21.1,21.95,19.9,19.9,225200,1548750
6677,2022-05-25 14:58:00+05:30,19.65,20.95,17.4,17.65,252900,1548750
6678,2022-05-25 14:59:00+05:30,17.6,17.8,15.7,17.25,247150,1548750
6679,2022-05-25 15:00:00+05:30,16.9,20.0,15.85,20.0,195800,1595700
6680,2022-05-25 15:01:00+05:30,20.1,20.85,19.35,19.7,171500,1595700
6681,2022-05-25 15:02:00+05:30,20.1,20.75,18.7,18.8,122550,1595700
6682,2022-05-25 15:03:00+05:30,18.6,20.2,18.6,19.65,108450,1591350
6683,2022-05-25 15:04:00+05:30,19.9,20.25,17.45,17.45,131200,1591350
6684,2022-05-25 15:05:00+05:30,17.55,19.6,17.55,18.9,140750,1591350
6685,2022-05-25 15:06:00+05:30,18.7,19.7,18.3,19.3,125900,1558550
6686,2022-05-25 15:07:00+05:30,19.35,19.95,19.25,19.65,131900,1558550
6687,2022-05-25 15:08:00+05:30,19.9,19.95,18.55,18.9,114100,1558550
6688,2022-05-25 15:09:00+05:30,18.8,19.45,18.35,19.1,48100,1530250
6689,2022-05-25 15:10:00+05:30,18.9,19.15,18.2,18.7,62900,1530250
6690,2022-05-25 15:11:00+05:30,18.45,18.95,18.0,18.25,75200,1530250
6691,2022-05-25 15:12:00+05:30,18.05,18.5,17.45,17.85,77900,1510950
6692,2022-05-25 15:13:00+05:30,17.8,18.35,17.55,17.55,68250,1510950
6693,2022-05-25 15:14:00+05:30,17.65,18.15,17.4,17.95,52650,1510950
6694,2022-05-25 15:15:00+05:30,17.75,18.3,17.7,18.0,76800,1471050
6695,2022-05-25 15:16:00+05:30,18.0,18.05,17.7,18.0,38500,1471050
6696,2022-05-25 15:17:00+05:30,17.95,18.6,17.95,18.55,54850,1471050
6697,2022-05-25 15:18:00+05:30,18.6,19.95,18.55,18.95,149100,1457700
6698,2022-05-25 15:19:00+05:30,19.0,19.25,18.5,18.65,79200,1457700
6699,2022-05-25 15:20:00+05:30,18.7,19.35,18.55,19.15,56800,1457700
6700,2022-05-25 15:21:00+05:30,19.05,19.3,18.75,18.8,54150,1467800
6701,2022-05-25 15:22:00+05:30,18.9,19.05,17.45,17.5,145500,1467800
6702,2022-05-25 15:23:00+05:30,17.5,18.15,17.3,17.85,134200,1467800
6703,2022-05-25 15:24:00+05:30,17.75,19.45,17.75,19.1,240000,1446250
6704,2022-05-25 15:25:00+05:30,19.0,20.5,18.8,20.4,211650,1446250
6705,2022-05-25 15:26:00+05:30,20.65,21.3,20.25,20.85,111300,1446250
6706,2022-05-25 15:27:00+05:30,20.8,22.0,20.65,21.8,185650,1373500
6707,2022-05-25 15:28:00+05:30,21.75,22.25,20.85,22.1,129200,1373500
6708,2022-05-25 15:29:00+05:30,21.95,25.0,21.3,24.0,187900,1373500
6709,2022-05-26 09:15:00+05:30,5.35,5.35,2.45,2.6,663600,1338900
6710,2022-05-26 09:16:00+05:30,2.55,2.9,2.55,2.9,471350,1338900
6711,2022-05-26 09:17:00+05:30,2.95,3.0,2.8,2.9,571100,1692300
6712,2022-05-26 09:18:00+05:30,2.95,3.35,2.85,3.2,443900,1692300
6713,2022-05-26 09:19:00+05:30,3.2,3.2,2.9,3.0,419800,1692300
6714,2022-05-26 09:20:00+05:30,2.9,2.95,2.75,2.95,595450,1937750
6715,2022-05-26 09:21:00+05:30,2.95,3.25,2.85,3.25,506350,1937750
6716,2022-05-26 09:22:00+05:30,3.25,3.7,3.2,3.4,517650,1937750
6717,2022-05-26 09:23:00+05:30,3.45,3.55,2.95,3.0,415400,2143800
6718,2022-05-26 09:24:00+05:30,2.95,3.15,2.8,2.85,410650,2143800
6719,2022-05-26 09:25:00+05:30,2.85,3.1,2.75,3.05,320050,2143800
6720,2022-05-26 09:26:00+05:30,3.0,3.1,2.95,2.95,220800,2184650
6721,2022-05-26 09:27:00+05:30,3.0,3.0,2.75,2.85,300350,2184650
6722,2022-05-26 09:28:00+05:30,2.85,3.0,2.85,2.95,160250,2184650
6723,2022-05-26 09:29:00+05:30,2.95,3.15,2.9,3.1,349350,2294500
6724,2022-05-26 09:30:00+05:30,3.05,3.35,3.0,3.15,408200,2294500
6725,2022-05-26 09:31:00+05:30,3.1,3.4,3.0,3.3,455650,2294500
6726,2022-05-26 09:32:00+05:30,3.25,3.35,3.15,3.35,253350,2093700
6727,2022-05-26 09:33:00+05:30,3.35,3.45,3.15,3.2,197150,2093700
6728,2022-05-26 09:34:00+05:30,3.2,3.3,3.05,3.25,190550,2093700
6729,2022-05-26 09:35:00+05:30,3.25,3.25,3.1,3.15,161450,2105250
6730,2022-05-26 09:36:00+05:30,3.1,3.2,2.95,3.0,162300,2105250
6731,2022-05-26 09:37:00+05:30,2.95,3.0,2.9,2.95,168800,2105250
6732,2022-05-26 09:38:00+05:30,3.0,3.1,2.9,3.1,142750,2162300
6733,2022-05-26 09:39:00+05:30,3.1,3.15,3.0,3.05,174000,2162300
6734,2022-05-26 09:40:00+05:30,3.1,3.1,3.0,3.05,174950,2162300
6735,2022-05-26 09:41:00+05:30,3.05,3.2,3.0,3.2,155400,2184350
6736,2022-05-26 09:42:00+05:30,3.15,3.2,2.95,2.95,131100,2184350
6737,2022-05-26 09:43:00+05:30,2.95,3.0,2.85,2.95,146750,2184350
6738,2022-05-26 09:44:00+05:30,3.0,3.0,2.9,2.95,118200,2214000
6739,2022-05-26 09:45:00+05:30,2.95,3.05,2.8,3.0,289950,2214000
6740,2022-05-26 09:46:00+05:30,3.05,3.45,3.05,3.2,307250,2214000
6741,2022-05-26 09:47:00+05:30,3.2,3.4,3.1,3.1,161200,2293000
6742,2022-05-26 09:48:00+05:30,3.05,3.1,2.9,3.0,199250,2293000
6743,2022-05-26 09:49:00+05:30,2.95,3.1,2.9,3.05,127300,2293000
6744,2022-05-26 09:50:00+05:30,3.0,3.15,2.9,2.95,218450,2358450
6745,2022-05-26 09:51:00+05:30,2.95,3.05,2.9,2.9,157050,2358450
6746,2022-05-26 09:52:00+05:30,2.95,3.0,2.75,2.75,133950,2358450
6747,2022-05-26 09:53:00+05:30,2.8,2.8,2.5,2.55,363950,2515300
6748,2022-05-26 09:54:00+05:30,2.55,2.6,2.45,2.6,166750,2515300
6749,2022-05-26 09:55:00+05:30,2.6,2.6,2.4,2.4,135950,2515300
6750,2022-05-26 09:56:00+05:30,2.45,2.45,2.3,2.4,164800,2558100
6751,2022-05-26 09:57:00+05:30,2.35,2.5,2.3,2.45,251850,2558100
6752,2022-05-26 09:58:00+05:30,2.45,2.45,2.35,2.4,179850,2558100
6753,2022-05-26 09:59:00+05:30,2.45,2.6,2.4,2.6,110700,2612950
6754,2022-05-26 10:00:00+05:30,2.55,2.7,2.55,2.6,117000,2612950
6755,2022-05-26 10:01:00+05:30,2.6,2.8,2.55,2.7,146800,2612950
6756,2022-05-26 10:02:00+05:30,2.7,2.85,2.7,2.8,97450,2662250
6757,2022-05-26 10:03:00+05:30,2.8,2.9,2.75,2.9,73700,2662250
6758,2022-05-26 10:04:00+05:30,2.9,3.1,2.85,3.0,136750,2662250
6759,2022-05-26 10:05:00+05:30,3.0,3.1,2.75,2.75,94100,2687600
6760,2022-05-26 10:06:00+05:30,2.8,3.05,2.75,2.95,84450,2687600
6761,2022-05-26 10:07:00+05:30,3.0,3.2,2.95,3.2,118000,2687600
6762,2022-05-26 10:08:00+05:30,3.2,3.35,3.1,3.25,191550,2697350
6763,2022-05-26 10:09:00+05:30,3.25,3.4,3.2,3.3,150400,2697350
6764,2022-05-26 10:10:00+05:30,3.35,3.45,3.2,3.3,165250,2697350
6765,2022-05-26 10:11:00+05:30,3.35,3.35,3.05,3.2,114600,2652500
6766,2022-05-26 10:12:00+05:30,3.2,3.35,3.2,3.35,86250,2652500
6767,2022-05-26 10:13:00+05:30,3.3,3.3,3.05,3.15,74500,2652500
6768,2022-05-26 10:14:00+05:30,3.15,3.25,2.95,2.95,94100,2669700
6769,2022-05-26 10:15:00+05:30,2.95,3.15,2.65,2.7,193150,2669700
6770,2022-05-26 10:16:00+05:30,2.7,2.95,2.55,2.9,200550,2669700
6771,2022-05-26 10:17:00+05:30,2.85,2.95,2.8,2.9,115100,2709300
6772,2022-05-26 10:18:00+05:30,2.9,2.95,2.8,2.85,86650,2709300
6773,2022-05-26 10:19:00+05:30,2.8,2.9,2.8,2.9,50150,2709300
6774,2022-05-26 10:20:00+05:30,2.9,2.9,2.75,2.8,85850,2704750
6775,2022-05-26 10:21:00+05:30,2.8,2.85,2.75,2.85,79750,2704750
6776,2022-05-26 10:22:00+05:30,2.85,2.95,2.8,2.95,67900,2704750
6777,2022-05-26 10:23:00+05:30,2.95,3.05,2.8,2.85,111050,2724600
6778,2022-05-26 10:24:00+05:30,2.85,2.9,2.8,2.85,39650,2724600
6779,2022-05-26 10:25:00+05:30,2.85,3.05,2.8,3.0,139600,2724600
6780,2022-05-26 10:26:00+05:30,3.05,3.4,3.0,3.4,167000,2735150
6781,2022-05-26 10:27:00+05:30,3.5,5.35,3.45,4.8,875050,2735150
6782,2022-05-26 10:28:00+05:30,4.65,7.7,4.55,7.4,691250,2735150
6783,2022-05-26 10:29:00+05:30,7.15,7.5,6.25,7.2,776150,2762600
6784,2022-05-26 10:30:00+05:30,7.05,7.7,5.6,5.65,616400,2762600
6785,2022-05-26 10:31:00+05:30,5.6,6.6,5.4,6.05,476450,2762600
6786,2022-05-26 10:32:00+05:30,6.1,6.1,5.55,6.05,370750,2953800
6787,2022-05-26 10:33:00+05:30,6.05,6.95,6.0,6.8,460600,2953800
6788,2022-05-26 10:34:00+05:30,6.8,7.95,6.8,7.25,675600,2953800
6789,2022-05-26 10:35:00+05:30,7.45,9.0,6.45,8.9,834550,2847400
6790,2022-05-26 10:36:00+05:30,9.15,10.7,8.6,9.8,1114900,2847400
6791,2022-05-26 10:37:00+05:30,9.8,9.9,8.7,9.15,620000,2847400
6792,2022-05-26 10:38:00+05:30,9.15,9.4,8.25,9.05,536800,2997050
6793,2022-05-26 10:39:00+05:30,9.2,9.75,8.95,9.25,446500,2997050
6794,2022-05-26 10:40:00+05:30,9.3,10.1,8.6,8.65,661700,2997050
6795,2022-05-26 10:41:00+05:30,8.55,9.45,8.3,8.6,404950,3135250
6796,2022-05-26 10:42:00+05:30,8.6,8.7,7.75,8.2,646600,3135250
6797,2022-05-26 10:43:00+05:30,8.15,8.6,7.8,8.35,283100,3135250
6798,2022-05-26 10:44:00+05:30,8.3,8.75,7.9,7.95,253200,3399550
6799,2022-05-26 10:45:00+05:30,7.85,8.65,7.65,7.7,241800,3399550
6800,2022-05-26 10:46:00+05:30,7.75,10.3,7.5,10.3,700250,3399550
6801,2022-05-26 10:47:00+05:30,10.15,10.4,9.35,9.7,1054700,3482700
6802,2022-05-26 10:48:00+05:30,9.6,9.75,8.9,9.55,588200,3482700
6803,2022-05-26 10:49:00+05:30,9.6,9.65,8.7,9.45,284850,3482700
6804,2022-05-26 10:50:00+05:30,9.1,9.7,8.45,9.5,311650,3611950
6805,2022-05-26 10:51:00+05:30,9.4,9.45,8.7,9.1,449650,3611950
6806,2022-05-26 10:52:00+05:30,9.1,9.75,8.9,9.35,324100,3611950
6807,2022-05-26 10:53:00+05:30,9.2,9.8,8.95,9.7,329700,3892900
6808,2022-05-26 10:54:00+05:30,9.45,10.25,9.1,10.0,512100,3892900
6809,2022-05-26 10:55:00+05:30,9.8,9.9,9.15,9.75,407000,3892900
6810,2022-05-26 10:56:00+05:30,9.7,9.9,9.2,9.2,382500,3949500
6811,2022-05-26 10:57:00+05:30,9.2,9.65,8.8,8.85,447750,3949500
6812,2022-05-26 10:58:00+05:30,8.95,9.3,8.55,8.6,397100,3949500
6813,2022-05-26 10:59:00+05:30,8.55,8.75,7.3,7.35,558600,3949500
6814,2022-05-26 11:00:00+05:30,7.35,7.95,6.25,7.65,801950,3999450
6815,2022-05-26 11:01:00+05:30,7.6,7.75,7.0,7.6,340950,3999450
6816,2022-05-26 11:02:00+05:30,7.75,8.45,7.45,8.2,363000,3999450
6817,2022-05-26 11:03:00+05:30,8.1,8.6,7.8,8.45,227650,4060250
6818,2022-05-26 11:04:00+05:30,8.35,8.5,7.85,8.1,153050,4060250
6819,2022-05-26 11:05:00+05:30,8.05,8.25,7.35,7.75,218100,4060250
6820,2022-05-26 11:06:00+05:30,7.8,8.15,7.3,8.15,179050,4143750
6821,2022-05-26 11:07:00+05:30,7.95,8.25,7.7,7.95,166800,4143750
6822,2022-05-26 11:08:00+05:30,7.95,8.25,7.65,8.15,134150,4143750
6823,2022-05-26 11:09:00+05:30,8.15,8.65,8.05,8.5,207800,4163100
6824,2022-05-26 11:10:00+05:30,8.65,8.7,7.85,8.0,278050,4163100
6825,2022-05-26 11:11:00+05:30,8.2,8.2,7.6,7.85,189450,4163100
6826,2022-05-26 11:12:00+05:30,7.8,8.05,7.75,7.85,161950,4194600
6827,2022-05-26 11:13:00+05:30,7.75,8.0,7.7,7.85,125600,4194600
6828,2022-05-26 11:14:00+05:30,7.85,8.0,7.45,7.85,180200,4194600
6829,2022-05-26 11:15:00+05:30,7.8,7.8,7.1,7.3,241550,4217750
6830,2022-05-26 11:16:00+05:30,7.35,7.35,6.4,6.4,287300,4217750
6831,2022-05-26 11:17:00+05:30,6.25,6.95,6.2,6.65,188900,4217750
6832,2022-05-26 11:18:00+05:30,6.6,6.8,6.05,6.15,272300,4173150
6833,2022-05-26 11:19:00+05:30,6.1,6.15,4.65,5.7,716850,4173150
6834,2022-05-26 11:20:00+05:30,5.6,6.55,5.15,6.45,466550,4173150
6835,2022-05-26 11:21:00+05:30,6.45,7.25,6.15,7.1,290800,3996050
6836,2022-05-26 11:22:00+05:30,7.1,7.6,6.95,7.45,274000,3996050
6837,2022-05-26 11:23:00+05:30,7.45,7.55,6.4,6.85,321200,3996050
6838,2022-05-26 11:24:00+05:30,6.8,7.5,6.8,7.5,127750,4148200
6839,2022-05-26 11:25:00+05:30,7.45,7.6,7.1,7.3,194150,4148200
6840,2022-05-26 11:26:00+05:30,7.35,8.2,7.3,8.05,309200,4148200
6841,2022-05-26 11:27:00+05:30,8.05,8.8,8.0,8.8,360500,4144900
6842,2022-05-26 11:28:00+05:30,8.8,8.9,8.15,8.8,306450,4144900
6843,2022-05-26 11:29:00+05:30,8.75,8.8,7.1,8.0,334700,4144900
6844,2022-05-26 11:30:00+05:30,7.7,8.2,7.2,8.15,213050,4217300
6845,2022-05-26 11:31:00+05:30,8.2,8.75,7.4,7.75,472150,4217300
6846,2022-05-26 11:32:00+05:30,7.8,8.0,7.45,7.65,199950,4217300
6847,2022-05-26 11:33:00+05:30,7.7,7.85,7.3,7.4,200300,4284850
6848,2022-05-26 11:34:00+05:30,7.35,7.6,6.7,7.1,318300,4284850
6849,2022-05-26 11:35:00+05:30,7.25,7.3,6.15,6.75,271950,4284850
6850,2022-05-26 11:36:00+05:30,6.75,7.15,6.6,7.1,207500,4329000
6851,2022-05-26 11:37:00+05:30,7.1,7.35,6.85,7.05,233750,4329000
6852,2022-05-26 11:38:00+05:30,7.15,7.25,6.9,7.2,164600,4329000
6853,2022-05-26 11:39:00+05:30,7.2,8.25,7.05,7.75,369950,4322650
6854,2022-05-26 11:40:00+05:30,7.6,7.8,7.2,7.8,246600,4322650
6855,2022-05-26 11:41:00+05:30,7.7,7.95,7.3,7.35,157150,4322650
6856,2022-05-26 11:42:00+05:30,7.4,7.65,6.85,7.45,192800,4347850
6857,2022-05-26 11:43:00+05:30,7.45,7.5,6.8,7.1,129650,4347850
6858,2022-05-26 11:44:00+05:30,7.0,7.45,7.0,7.3,144850,4347850
6859,2022-05-26 11:45:00+05:30,7.2,7.35,6.85,6.9,179400,4370950
6860,2022-05-26 11:46:00+05:30,6.85,7.05,6.25,6.45,262100,4370950
6861,2022-05-26 11:47:00+05:30,6.5,6.85,6.1,6.15,170300,4370950
6862,2022-05-26 11:48:00+05:30,6.25,6.6,5.9,6.2,204000,4399400
6863,2022-05-26 11:49:00+05:30,6.3,6.6,5.85,6.3,238800,4399400
6864,2022-05-26 11:50:00+05:30,6.35,6.8,6.0,6.8,202200,4399400
6865,2022-05-26 11:51:00+05:30,6.7,6.95,6.5,6.65,117800,4417650
6866,2022-05-26 11:52:00+05:30,6.6,6.65,5.95,6.25,177500,4417650
6867,2022-05-26 11:53:00+05:30,6.3,6.3,5.6,5.9,200350,4417650
6868,2022-05-26 11:54:00+05:30,5.8,5.95,5.45,5.5,183800,4439550
6869,2022-05-26 11:55:00+05:30,5.45,5.85,4.95,5.1,411700,4439550
6870,2022-05-26 11:56:00+05:30,5.05,5.6,4.55,5.4,341850,4439550
6871,2022-05-26 11:57:00+05:30,5.45,6.1,5.15,6.05,242650,4410600
6872,2022-05-26 11:58:00+05:30,5.9,6.05,5.65,5.8,179350,4410600
6873,2022-05-26 11:59:00+05:30,5.7,6.1,5.7,5.95,130400,4410600
6874,2022-05-26 12:00:00+05:30,5.95,6.4,5.8,6.25,249050,4449300
6875,2022-05-26 12:01:00+05:30,6.25,6.3,5.05,5.05,213900,4449300
6876,2022-05-26 12:02:00+05:30,5.05,5.75,4.85,5.6,246300,4449300
6877,2022-05-26 12:03:00+05:30,5.6,5.65,5.15,5.15,159750,4488500
6878,2022-05-26 12:04:00+05:30,5.2,5.45,5.0,5.0,133600,4488500
6879,2022-05-26 12:05:00+05:30,5.05,5.05,4.6,4.8,329750,4488500
6880,2022-05-26 12:06:00+05:30,4.85,5.05,4.55,4.9,323550,4501650
6881,2022-05-26 12:07:00+05:30,5.0,5.1,4.8,5.05,236700,4501650
6882,2022-05-26 12:08:00+05:30,5.2,5.6,5.0,5.45,209650,4501650
6883,2022-05-26 12:09:00+05:30,5.4,5.4,4.5,4.75,225600,4559450
6884,2022-05-26 12:10:00+05:30,4.7,4.95,4.5,4.75,169150,4559450
6885,2022-05-26 12:11:00+05:30,4.8,4.9,4.5,4.8,156300,4559450
6886,2022-05-26 12:12:00+05:30,4.8,4.85,3.9,4.0,523450,4580200
6887,2022-05-26 12:13:00+05:30,3.95,4.3,3.6,4.2,433250,4580200
6888,2022-05-26 12:14:00+05:30,4.15,4.3,3.95,4.05,219450,4580200
6889,2022-05-26 12:15:00+05:30,4.0,4.15,3.2,3.25,396750,4459400
6890,2022-05-26 12:16:00+05:30,3.3,3.5,2.95,2.95,644250,4459400
6891,2022-05-26 12:17:00+05:30,2.95,2.95,2.3,2.5,1159800,4459400
6892,2022-05-26 12:18:00+05:30,2.5,2.95,2.45,2.8,614350,4231200
6893,2022-05-26 12:19:00+05:30,2.8,2.95,2.65,2.65,400400,4231200
6894,2022-05-26 12:20:00+05:30,2.65,3.0,2.65,2.8,320850,4231200
6895,2022-05-26 12:21:00+05:30,2.75,3.0,2.45,3.0,491750,4181850
6896,2022-05-26 12:22:00+05:30,2.95,3.2,2.95,3.1,254950,4181850
6897,2022-05-26 12:23:00+05:30,3.1,3.25,3.0,3.15,219550,4181850
6898,2022-05-26 12:24:00+05:30,3.1,3.5,3.05,3.5,217800,4167600
6899,2022-05-26 12:25:00+05:30,3.5,4.15,3.25,3.95,452200,4167600
6900,2022-05-26 12:26:00+05:30,4.05,5.1,3.95,4.9,586200,4167600
6901,2022-05-26 12:27:00+05:30,4.9,6.15,4.7,5.9,802000,4248050
6902,2022-05-26 12:28:00+05:30,5.9,6.0,4.9,5.35,477900,4248050
6903,2022-05-26 12:29:00+05:30,5.3,5.35,4.55,5.0,369750,4248050
6904,2022-05-26 12:30:00+05:30,4.95,5.05,4.5,4.7,360700,4359850
6905,2022-05-26 12:31:00+05:30,4.65,4.7,4.25,4.4,261600,4359850
6906,2022-05-26 12:32:00+05:30,4.35,4.5,3.85,3.85,249200,4359850
6907,2022-05-26 12:33:00+05:30,3.95,4.1,3.65,3.75,259500,4411050
6908,2022-05-26 12:34:00+05:30,3.7,4.3,3.65,4.25,336250,4411050
6909,2022-05-26 12:35:00+05:30,4.2,4.35,3.95,3.95,274600,4411050
6910,2022-05-26 12:36:00+05:30,3.9,4.1,3.2,3.55,495300,4492600
6911,2022-05-26 12:37:00+05:30,3.5,3.6,3.0,3.05,588550,4492600
6912,2022-05-26 12:38:00+05:30,3.1,3.25,2.75,3.0,654900,4492600
6913,2022-05-26 12:39:00+05:30,2.95,3.05,2.6,3.05,321600,4543200
6914,2022-05-26 12:40:00+05:30,3.0,3.5,2.9,2.95,423050,4543200
6915,2022-05-26 12:41:00+05:30,3.0,3.3,2.85,3.05,400250,4543200
6916,2022-05-26 12:42:00+05:30,3.05,3.25,2.95,3.1,322850,4608750
6917,2022-05-26 12:43:00+05:30,3.1,3.35,3.05,3.35,276850,4608750
6918,2022-05-26 12:44:00+05:30,3.4,3.45,2.85,3.0,272700,4608750
6919,2022-05-26 12:45:00+05:30,2.9,3.3,2.75,3.15,391900,4587000
6920,2022-05-26 12:46:00+05:30,3.05,3.15,2.7,2.75,396100,4587000
6921,2022-05-26 12:47:00+05:30,2.75,2.9,2.4,2.5,546850,4587000
6922,2022-05-26 12:48:00+05:30,2.5,2.9,2.45,2.9,688350,4284650
6923,2022-05-26 12:49:00+05:30,2.85,2.9,2.65,2.65,500000,4284650
6924,2022-05-26 12:50:00+05:30,2.65,2.75,2.4,2.45,554800,4284650
6925,2022-05-26 12:51:00+05:30,2.4,2.45,2.15,2.3,536950,4358200
6926,2022-05-26 12:52:00+05:30,2.25,2.45,2.15,2.25,530850,4358200
6927,2022-05-26 12:53:00+05:30,2.25,2.25,1.6,1.8,821000,4358200
6928,2022-05-26 12:54:00+05:30,1.8,1.9,1.6,1.9,1081900,4355950
6929,2022-05-26 12:55:00+05:30,1.9,2.1,1.8,1.85,671350,4355950
6930,2022-05-26 12:56:00+05:30,1.8,2.05,1.8,1.95,367300,4355950
6931,2022-05-26 12:57:00+05:30,1.95,2.05,1.9,2.0,349150,4151200
6932,2022-05-26 12:58:00+05:30,2.0,2.05,1.85,1.9,293650,4151200
6933,2022-05-26 12:59:00+05:30,1.9,1.95,1.8,1.8,224250,4151200
6934,2022-05-26 13:00:00+05:30,1.75,1.8,1.35,1.5,1146800,4124200
6935,2022-05-26 13:01:00+05:30,1.5,1.5,1.35,1.5,790000,4124200
6936,2022-05-26 13:02:00+05:30,1.5,1.95,1.45,1.95,805400,4124200
6937,2022-05-26 13:03:00+05:30,2.0,2.25,2.0,2.15,867650,3884350
6938,2022-05-26 13:04:00+05:30,2.15,2.15,1.8,1.95,468300,3884350
6939,2022-05-26 13:05:00+05:30,1.95,2.05,1.85,1.95,414200,3884350
6940,2022-05-26 13:06:00+05:30,1.95,2.05,1.85,1.9,303050,3841050
6941,2022-05-26 13:07:00+05:30,1.9,2.1,1.55,1.55,498900,3841050
6942,2022-05-26 13:08:00+05:30,1.6,1.65,1.4,1.55,385300,3841050
6943,2022-05-26 13:09:00+05:30,1.5,1.7,1.5,1.55,443350,3652050
6944,2022-05-26 13:10:00+05:30,1.55,1.75,1.45,1.75,320450,3652050
6945,2022-05-26 13:11:00+05:30,1.75,1.75,1.55,1.55,273400,3652050
6946,2022-05-26 13:12:00+05:30,1.6,1.65,1.45,1.6,284800,3589550
6947,2022-05-26 13:13:00+05:30,1.6,1.8,1.6,1.75,207300,3589550
6948,2022-05-26 13:14:00+05:30,1.75,1.75,1.6,1.6,242800,3589550
6949,2022-05-26 13:15:00+05:30,1.6,1.7,1.4,1.45,413300,3485500
6950,2022-05-26 13:16:00+05:30,1.45,1.5,1.2,1.5,484600,3485500
6951,2022-05-26 13:17:00+05:30,1.45,1.65,1.45,1.6,481750,3485500
6952,2022-05-26 13:18:00+05:30,1.55,1.6,1.4,1.45,237450,3186350
6953,2022-05-26 13:19:00+05:30,1.4,1.65,1.4,1.6,276400,3186350
6954,2022-05-26 13:20:00+05:30,1.65,1.95,1.6,1.9,281350,3186350
6955,2022-05-26 13:21:00+05:30,1.85,1.9,1.7,1.7,241050,3066750
6956,2022-05-26 13:22:00+05:30,1.7,2.0,1.7,2.0,324050,3066750
6957,2022-05-26 13:23:00+05:30,2.0,2.0,1.8,1.85,246050,3066750
6958,2022-05-26 13:24:00+05:30,1.9,1.95,1.8,1.85,227500,3011200
6959,2022-05-26 13:25:00+05:30,1.85,2.15,1.85,2.15,167600,3011200
6960,2022-05-26 13:26:00+05:30,2.15,2.2,2.05,2.05,225600,3011200
6961,2022-05-26 13:27:00+05:30,2.05,2.05,1.55,1.6,229150,2948050
6962,2022-05-26 13:28:00+05:30,1.6,2.05,1.55,2.05,140450,2948050
6963,2022-05-26 13:29:00+05:30,2.05,2.15,1.7,1.75,184950,2948050
6964,2022-05-26 13:30:00+05:30,1.7,1.9,1.7,1.75,211150,2989500
6965,2022-05-26 13:31:00+05:30,1.8,1.9,1.7,1.75,316500,2989500
6966,2022-05-26 13:32:00+05:30,1.75,1.85,1.7,1.7,182200,2989500
6967,2022-05-26 13:33:00+05:30,1.75,1.85,1.7,1.85,171850,2990000
6968,2022-05-26 13:34:00+05:30,1.8,1.8,1.6,1.6,157750,2990000
6969,2022-05-26 13:35:00+05:30,1.6,1.7,1.6,1.6,126250,2990000
6970,2022-05-26 13:36:00+05:30,1.6,1.75,1.55,1.7,172650,2875950
6971,2022-05-26 13:37:00+05:30,1.65,1.7,1.4,1.45,335900,2875950
6972,2022-05-26 13:38:00+05:30,1.4,1.45,1.2,1.25,165850,2875950
6973,2022-05-26 13:39:00+05:30,1.25,1.4,1.2,1.4,122000,2807900
6974,2022-05-26 13:40:00+05:30,1.4,1.45,1.3,1.4,105150,2807900
6975,2022-05-26 13:41:00+05:30,1.4,1.5,1.35,1.4,132050,2807900
6976,2022-05-26 13:42:00+05:30,1.35,1.4,1.35,1.4,86650,2762150
6977,2022-05-26 13:43:00+05:30,1.4,1.55,1.35,1.45,123000,2762150
6978,2022-05-26 13:44:00+05:30,1.5,1.75,1.45,1.7,213250,2762150
6979,2022-05-26 13:45:00+05:30,1.7,1.7,1.5,1.55,77350,2738500
6980,2022-05-26 13:46:00+05:30,1.55,1.6,1.5,1.55,134600,2738500
6981,2022-05-26 13:47:00+05:30,1.55,1.55,1.35,1.35,96300,2738500
6982,2022-05-26 13:48:00+05:30,1.35,1.35,1.1,1.1,167150,2507300
6983,2022-05-26 13:49:00+05:30,1.1,1.2,1.1,1.1,124800,2507300
6984,2022-05-26 13:50:00+05:30,1.15,1.15,1.05,1.05,124900,2507300
6985,2022-05-26 13:51:00+05:30,1.05,1.15,1.05,1.05,130900,2493850
6986,2022-05-26 13:52:00+05:30,1.1,1.15,1.05,1.1,81900,2493850
6987,2022-05-26 13:53:00+05:30,1.15,1.4,1.1,1.2,223800,2493850
6988,2022-05-26 13:54:00+05:30,1.15,1.3,1.1,1.3,92350,2491950
6989,2022-05-26 13:55:00+05:30,1.3,1.65,1.25,1.65,193900,2491950
6990,2022-05-26 13:56:00+05:30,1.65,1.65,1.3,1.45,185600,2491950
6991,2022-05-26 13:57:00+05:30,1.45,1.5,1.3,1.35,132700,2521950
6992,2022-05-26 13:58:00+05:30,1.35,1.55,1.35,1.45,194650,2521950
6993,2022-05-26 13:59:00+05:30,1.45,1.5,0.95,0.95,189100,2521950
6994,2022-05-26 14:00:00+05:30,0.95,0.95,0.8,0.9,257350,2497350
6995,2022-05-26 14:01:00+05:30,0.9,1.25,0.85,1.15,257000,2497350
6996,2022-05-26 14:02:00+05:30,1.15,1.2,0.95,1.0,90050,2497350
6997,2022-05-26 14:03:00+05:30,1.0,1.05,0.9,0.9,137200,2432000
6998,2022-05-26 14:04:00+05:30,0.95,1.1,0.9,1.05,111600,2432000
6999,2022-05-26 14:05:00+05:30,1.05,1.1,0.95,0.95,123550,2432000
7000,2022-05-26 14:06:00+05:30,1.0,1.05,0.95,1.05,97600,2452100
7001,2022-05-26 14:07:00+05:30,1.0,1.05,0.95,1.0,82900,2452100
7002,2022-05-26 14:08:00+05:30,1.0,1.0,0.8,0.85,184150,2452100
7003,2022-05-26 14:09:00+05:30,0.85,0.9,0.8,0.85,97100,2399150
7004,2022-05-26 14:10:00+05:30,0.85,0.9,0.8,0.85,65500,2399150
7005,2022-05-26 14:11:00+05:30,0.9,0.9,0.75,0.8,84200,2399150
7006,2022-05-26 14:12:00+05:30,0.8,0.8,0.65,0.65,66950,2352700
7007,2022-05-26 14:13:00+05:30,0.7,0.7,0.6,0.65,96800,2352700
7008,2022-05-26 14:14:00+05:30,0.65,0.65,0.55,0.55,47950,2352700
7009,2022-05-26 14:15:00+05:30,0.6,0.65,0.55,0.65,71800,2319650
7010,2022-05-26 14:16:00+05:30,0.6,0.65,0.6,0.6,52400,2319650
7011,2022-05-26 14:17:00+05:30,0.6,0.65,0.55,0.55,50850,2319650
7012,2022-05-26 14:18:00+05:30,0.55,0.6,0.55,0.55,60800,2257850
7013,2022-05-26 14:19:00+05:30,0.55,0.6,0.5,0.55,94800,2257850
7014,2022-05-26 14:20:00+05:30,0.55,0.6,0.5,0.5,55600,2257850
7015,2022-05-26 14:21:00+05:30,0.5,0.6,0.5,0.55,103550,2225950
7016,2022-05-26 14:22:00+05:30,0.55,0.55,0.5,0.55,103350,2225950
7017,2022-05-26 14:23:00+05:30,0.55,0.6,0.5,0.55,96700,2225950
7018,2022-05-26 14:24:00+05:30,0.55,0.55,0.5,0.5,47850,2206100
7019,2022-05-26 14:25:00+05:30,0.55,0.55,0.5,0.5,45450,2206100
7020,2022-05-26 14:26:00+05:30,0.55,0.55,0.45,0.5,89550,2206100
7021,2022-05-26 14:27:00+05:30,0.45,0.5,0.45,0.45,45000,2165800
7022,2022-05-26 14:28:00+05:30,0.45,0.6,0.45,0.55,99000,2165800
7023,2022-05-26 14:29:00+05:30,0.55,0.55,0.45,0.5,39750,2165800
7024,2022-05-26 14:30:00+05:30,0.5,0.55,0.45,0.55,48100,2136150
7025,2022-05-26 14:31:00+05:30,0.55,0.55,0.5,0.5,30550,2136150
7026,2022-05-26 14:32:00+05:30,0.5,0.55,0.5,0.5,12700,2136150
7027,2022-05-26 14:33:00+05:30,0.5,0.55,0.5,0.5,43150,2124150
7028,2022-05-26 14:34:00+05:30,0.5,0.55,0.45,0.5,35700,2124150
7029,2022-05-26 14:35:00+05:30,0.5,0.6,0.45,0.55,52850,2124150
7030,2022-05-26 14:36:00+05:30,0.55,0.7,0.55,0.55,97000,2121150
7031,2022-05-26 14:37:00+05:30,0.55,0.65,0.5,0.55,63300,2121150
7032,2022-05-26 14:38:00+05:30,0.5,0.55,0.45,0.45,32100,2121150
7033,2022-05-26 14:39:00+05:30,0.5,0.5,0.4,0.4,43300,2095000
7034,2022-05-26 14:40:00+05:30,0.45,0.45,0.35,0.45,25650,2095000
7035,2022-05-26 14:41:00+05:30,0.4,0.45,0.35,0.4,50200,2095000
7036,2022-05-26 14:42:00+05:30,0.4,0.45,0.35,0.4,51700,2085100
7037,2022-05-26 14:43:00+05:30,0.4,0.45,0.35,0.35,59700,2085100
7038,2022-05-26 14:44:00+05:30,0.35,0.4,0.35,0.4,30450,2085100
7039,2022-05-26 14:45:00+05:30,0.35,0.4,0.3,0.3,101850,2052050
7040,2022-05-26 14:46:00+05:30,0.3,0.4,0.3,0.3,74000,2052050
7041,2022-05-26 14:47:00+05:30,0.3,0.4,0.3,0.35,27550,2052050
7042,2022-05-26 14:48:00+05:30,0.35,0.4,0.35,0.35,59200,2043300
7043,2022-05-26 14:49:00+05:30,0.35,0.4,0.3,0.4,52550,2043300
7044,2022-05-26 14:50:00+05:30,0.4,0.4,0.3,0.4,29800,2043300
7045,2022-05-26 14:51:00+05:30,0.35,0.4,0.3,0.3,38350,2002250
7046,2022-05-26 14:52:00+05:30,0.3,0.35,0.25,0.3,48650,2002250
7047,2022-05-26 14:53:00+05:30,0.3,0.35,0.25,0.25,63500,2002250
7048,2022-05-26 14:54:00+05:30,0.25,0.3,0.2,0.2,51200,1954850
7049,2022-05-26 14:55:00+05:30,0.2,0.25,0.2,0.2,23350,1954850
7050,2022-05-26 14:56:00+05:30,0.2,0.25,0.2,0.2,27750,1954850
7051,2022-05-26 14:57:00+05:30,0.25,0.25,0.2,0.2,33200,1929800
7052,2022-05-26 14:58:00+05:30,0.2,0.25,0.2,0.2,26100,1929800
7053,2022-05-26 14:59:00+05:30,0.2,0.25,0.2,0.2,54000,1929800
7054,2022-05-26 15:00:00+05:30,0.2,0.25,0.15,0.2,33000,1872100
7055,2022-05-26 15:01:00+05:30,0.2,0.25,0.15,0.25,27250,1872100
7056,2022-05-26 15:02:00+05:30,0.25,0.25,0.15,0.2,50550,1872100
7057,2022-05-26 15:03:00+05:30,0.25,0.25,0.2,0.2,42050,1851700
7058,2022-05-26 15:04:00+05:30,0.2,0.3,0.2,0.2,35400,1851700
7059,2022-05-26 15:05:00+05:30,0.2,0.25,0.2,0.25,18100,1851700
7060,2022-05-26 15:06:00+05:30,0.25,0.25,0.15,0.15,42050,1810750
7061,2022-05-26 15:07:00+05:30,0.15,0.2,0.15,0.2,40650,1810750
7062,2022-05-26 15:08:00+05:30,0.15,0.2,0.15,0.15,25200,1810750
7063,2022-05-26 15:09:00+05:30,0.15,0.2,0.1,0.1,33800,1750450
7064,2022-05-26 15:10:00+05:30,0.1,0.15,0.1,0.1,22600,1750450
7065,2022-05-26 15:11:00+05:30,0.1,0.15,0.1,0.15,23050,1750450
7066,2022-05-26 15:12:00+05:30,0.15,0.15,0.1,0.15,39550,1746750
7067,2022-05-26 15:13:00+05:30,0.1,0.15,0.1,0.1,28700,1746750
7068,2022-05-26 15:14:00+05:30,0.15,0.15,0.1,0.1,66750,1746750
7069,2022-05-26 15:15:00+05:30,0.1,0.15,0.1,0.1,76950,1642900
7070,2022-05-26 15:16:00+05:30,0.1,0.15,0.1,0.1,9750,1642900
7071,2022-05-26 15:17:00+05:30,0.1,0.15,0.05,0.1,35400,1642900
7072,2022-05-26 15:18:00+05:30,0.1,0.1,0.05,0.05,26800,1608300
7073,2022-05-26 15:19:00+05:30,0.05,0.1,0.05,0.05,14550,1608300
7074,2022-05-26 15:20:00+05:30,0.05,0.1,0.05,0.05,101700,1608300
7075,2022-05-26 15:21:00+05:30,0.05,0.1,0.05,0.05,92850,1525450
7076,2022-05-26 15:22:00+05:30,0.05,0.1,0.05,0.05,45750,1525450
7077,2022-05-26 15:23:00+05:30,0.05,0.1,0.05,0.05,6450,1525450
7078,2022-05-26 15:24:00+05:30,0.05,0.1,0.05,0.05,17250,1432600
7079,2022-05-26 15:25:00+05:30,0.05,0.1,0.05,0.05,7950,1432600
7080,2022-05-26 15:26:00+05:30,0.05,0.05,0.05,0.05,2900,1432600
7081,2022-05-26 15:27:00+05:30,0.05,0.05,0.05,0.05,2050,1418500
7082,2022-05-26 15:28:00+05:30,0.05,0.05,0.05,0.05,100,1418500
7083,2022-05-26 15:29:00+05:30,0.05,0.05,0.05,0.05,6150,1418500
